wall_iso,epoch,username,persona,kind,v,ts_written,age_s,relaxed_now
2026-09-02T18:46:48,1788392808.7,Sky,rick,novelty_spent,0.0994,1788391717.24602,1091.4,0.0663
2026-09-02T18:46:48,1788392808.7,Sky,rick,phasic,0.4451,1788391717.245375,1091.4,0.0
2026-09-02T18:46:49,1788392808.7,Sky,rick,tonic,0.4098,1788391717.2447362,1091.4,0.3733
2026-09-02T18:46:49,1788392808.7,Sky,rick,valence_ema,0.6077,1788391717.1618333,1091.5,0.5719
2026-09-02T18:46:59,1788392819.3,Sky,rick,novelty_spent,0.0994,1788391717.24602,1102.0,0.0661
2026-09-02T18:46:59,1788392819.3,Sky,rick,phasic,0.4451,1788391717.245375,1102.0,0.0
2026-09-02T18:46:59,1788392819.3,Sky,rick,tonic,0.4098,1788391717.2447362,1102.0,0.373
2026-09-02T18:46:59,1788392819.3,Sky,rick,valence_ema,0.6077,1788391717.1618333,1102.1,0.5716
2026-09-02T18:47:10,1788392829.9,Sky,rick,novelty_spent,0.0994,1788391717.24602,1112.7,0.0658
2026-09-02T18:47:10,1788392829.9,Sky,rick,phasic,0.4451,1788391717.245375,1112.7,0.0
2026-09-02T18:47:10,1788392829.9,Sky,rick,tonic,0.4098,1788391717.2447362,1112.7,0.3727
2026-09-02T18:47:10,1788392829.9,Sky,rick,valence_ema,0.6077,1788391717.1618333,1112.8,0.5713
2026-09-02T18:47:20,1788392840.6,Sky,rick,novelty_spent,0.0994,1788391717.24602,1123.4,0.0656
2026-09-02T18:47:20,1788392840.6,Sky,rick,phasic,0.4451,1788391717.245375,1123.4,0.0
2026-09-02T18:47:21,1788392840.6,Sky,rick,tonic,0.4098,1788391717.2447362,1123.4,0.3724
2026-09-02T18:47:21,1788392840.6,Sky,rick,valence_ema,0.6077,1788391717.1618333,1123.4,0.571
2026-09-02T18:47:31,1788392851.3,Sky,rick,novelty_spent,0.0994,1788391717.24602,1134.0,0.0653
2026-09-02T18:47:31,1788392851.3,Sky,rick,phasic,0.4451,1788391717.245375,1134.0,0.0
2026-09-02T18:47:31,1788392851.3,Sky,rick,tonic,0.4098,1788391717.2447362,1134.0,0.3721
2026-09-02T18:47:31,1788392851.3,Sky,rick,valence_ema,0.6077,1788391717.1618333,1134.1,0.5708
2026-09-02T18:47:42,1788392861.9,Sky,rick,novelty_spent,0.0994,1788391717.24602,1144.7,0.0651
2026-09-02T18:47:42,1788392861.9,Sky,rick,phasic,0.4451,1788391717.245375,1144.7,0.0
2026-09-02T18:47:42,1788392861.9,Sky,rick,tonic,0.4098,1788391717.2447362,1144.7,0.3719
2026-09-02T18:47:42,1788392861.9,Sky,rick,valence_ema,0.6077,1788391717.1618333,1144.8,0.5705
2026-09-02T18:47:52,1788392872.5,Sky,rick,novelty_spent,0.0994,1788391717.24602,1155.3,0.0648
2026-09-02T18:47:52,1788392872.5,Sky,rick,phasic,0.4451,1788391717.245375,1155.3,0.0
2026-09-02T18:47:52,1788392872.5,Sky,rick,tonic,0.4098,1788391717.2447362,1155.3,0.3716
2026-09-02T18:47:53,1788392872.5,Sky,rick,valence_ema,0.6077,1788391717.1618333,1155.4,0.5702
2026-09-02T18:48:03,1788392883.2,Sky,rick,novelty_spent,0.0994,1788391717.24602,1166.0,0.0645
2026-09-02T18:48:03,1788392883.2,Sky,rick,phasic,0.4451,1788391717.245375,1166.0,0.0
2026-09-02T18:48:03,1788392883.2,Sky,rick,tonic,0.4098,1788391717.2447362,1166.0,0.3713
2026-09-02T18:48:03,1788392883.2,Sky,rick,valence_ema,0.6077,1788391717.1618333,1166.0,0.5699
2026-09-02T18:48:14,1788392893.9,Sky,rick,novelty_spent,0.0994,1788391717.24602,1176.7,0.0643
2026-09-02T18:48:14,1788392893.9,Sky,rick,phasic,0.4451,1788391717.245375,1176.7,0.0
2026-09-02T18:48:14,1788392893.9,Sky,rick,tonic,0.4098,1788391717.2447362,1176.7,0.371
2026-09-02T18:48:14,1788392893.9,Sky,rick,valence_ema,0.6077,1788391717.1618333,1176.8,0.5697
2026-09-02T18:48:24,1788392904.6,Sky,rick,novelty_spent,0.0994,1788391717.24602,1187.3,0.064
2026-09-02T18:48:24,1788392904.6,Sky,rick,phasic,0.4451,1788391717.245375,1187.3,0.0
2026-09-02T18:48:24,1788392904.6,Sky,rick,tonic,0.4098,1788391717.2447362,1187.3,0.3707
2026-09-02T18:48:25,1788392904.6,Sky,rick,valence_ema,0.6077,1788391717.1618333,1187.4,0.5694
2026-09-02T18:48:35,1788392915.3,Sky,rick,novelty_spent,0.0994,1788391717.24602,1198.1,0.0638
2026-09-02T18:48:35,1788392915.3,Sky,rick,phasic,0.4451,1788391717.245375,1198.1,0.0
2026-09-02T18:48:35,1788392915.3,Sky,rick,tonic,0.4098,1788391717.2447362,1198.1,0.3705
2026-09-02T18:48:35,1788392915.3,Sky,rick,valence_ema,0.6077,1788391717.1618333,1198.2,0.5691
2026-09-02T18:48:46,1788392926.0,Sky,rick,novelty_spent,0.0994,1788391717.24602,1208.7,0.0635
2026-09-02T18:48:46,1788392926.0,Sky,rick,phasic,0.4451,1788391717.245375,1208.7,0.0
2026-09-02T18:48:46,1788392926.0,Sky,rick,tonic,0.4098,1788391717.2447362,1208.7,0.3702
2026-09-02T18:48:46,1788392926.0,Sky,rick,valence_ema,0.6077,1788391717.1618333,1208.8,0.5688
2026-09-02T18:48:56,1788392936.6,Sky,rick,novelty_spent,0.0994,1788391717.24602,1219.3,0.0633
2026-09-02T18:48:56,1788392936.6,Sky,rick,phasic,0.4451,1788391717.245375,1219.3,0.0
2026-09-02T18:48:56,1788392936.6,Sky,rick,tonic,0.4098,1788391717.2447362,1219.3,0.3699
2026-09-02T18:48:57,1788392936.6,Sky,rick,valence_ema,0.6077,1788391717.1618333,1219.4,0.5686
2026-09-02T18:49:07,1788392947.2,Sky,rick,novelty_spent,0.0994,1788391717.24602,1230.0,0.063
2026-09-02T18:49:07,1788392947.2,Sky,rick,phasic,0.4451,1788391717.245375,1230.0,0.0
2026-09-02T18:49:07,1788392947.2,Sky,rick,tonic,0.4098,1788391717.2447362,1230.0,0.3696
2026-09-02T18:49:07,1788392947.2,Sky,rick,valence_ema,0.6077,1788391717.1618333,1230.0,0.5683
2026-09-02T18:49:17,1788392957.8,Sky,rick,novelty_spent,0.0994,1788391717.24602,1240.6,0.0628
2026-09-02T18:49:18,1788392957.8,Sky,rick,phasic,0.4451,1788391717.245375,1240.6,0.0
2026-09-02T18:49:18,1788392957.8,Sky,rick,tonic,0.4098,1788391717.2447362,1240.6,0.3694
2026-09-02T18:49:18,1788392957.8,Sky,rick,valence_ema,0.6077,1788391717.1618333,1240.7,0.568
2026-09-02T18:49:28,1788392968.5,Sky,rick,novelty_spent,0.0994,1788391717.24602,1251.2,0.0625
2026-09-02T18:49:28,1788392968.5,Sky,rick,phasic,0.4451,1788391717.245375,1251.2,0.0
2026-09-02T18:49:28,1788392968.5,Sky,rick,tonic,0.4098,1788391717.2447362,1251.2,0.3691
2026-09-02T18:49:28,1788392968.5,Sky,rick,valence_ema,0.6077,1788391717.1618333,1251.3,0.5678
2026-09-02T18:49:39,1788392979.1,Sky,rick,novelty_spent,0.0994,1788391717.24602,1261.9,0.0623
2026-09-02T18:49:39,1788392979.1,Sky,rick,phasic,0.4451,1788391717.245375,1261.9,0.0
2026-09-02T18:49:39,1788392979.1,Sky,rick,tonic,0.4098,1788391717.2447362,1261.9,0.3688
2026-09-02T18:49:39,1788392979.1,Sky,rick,valence_ema,0.6077,1788391717.1618333,1261.9,0.5675
2026-09-02T18:49:49,1788392989.7,Sky,rick,novelty_spent,0.0994,1788391717.24602,1272.5,0.062
2026-09-02T18:49:49,1788392989.7,Sky,rick,phasic,0.4451,1788391717.245375,1272.5,0.0
2026-09-02T18:49:50,1788392989.7,Sky,rick,tonic,0.4098,1788391717.2447362,1272.5,0.3685
2026-09-02T18:49:50,1788392989.7,Sky,rick,valence_ema,0.6077,1788391717.1618333,1272.6,0.5672
2026-09-02T18:50:00,1788393000.3,Sky,rick,novelty_spent,0.0994,1788391717.24602,1283.1,0.0618
2026-09-02T18:50:00,1788393000.3,Sky,rick,phasic,0.4451,1788391717.245375,1283.1,0.0
2026-09-02T18:50:00,1788393000.3,Sky,rick,tonic,0.4098,1788391717.2447362,1283.1,0.3683
2026-09-02T18:50:00,1788393000.3,Sky,rick,valence_ema,0.6077,1788391717.1618333,1283.2,0.567
2026-09-02T18:50:11,1788393010.9,Sky,rick,novelty_spent,0.0994,1788391717.24602,1293.7,0.0616
2026-09-02T18:50:11,1788393010.9,Sky,rick,phasic,0.4451,1788391717.245375,1293.7,0.0
2026-09-02T18:50:11,1788393010.9,Sky,rick,tonic,0.4098,1788391717.2447362,1293.7,0.368
2026-09-02T18:50:11,1788393010.9,Sky,rick,valence_ema,0.6077,1788391717.1618333,1293.8,0.5667
2026-09-02T18:50:21,1788393021.5,Sky,rick,novelty_spent,0.0994,1788391717.24602,1304.3,0.0613
2026-09-02T18:50:21,1788393021.5,Sky,rick,phasic,0.4451,1788391717.245375,1304.3,0.0
2026-09-02T18:50:21,1788393021.5,Sky,rick,tonic,0.4098,1788391717.2447362,1304.3,0.3677
2026-09-02T18:50:21,1788393021.5,Sky,rick,valence_ema,0.6077,1788391717.1618333,1304.4,0.5664
2026-09-02T18:50:32,1788393032.1,Sky,rick,novelty_spent,0.0994,1788391717.24602,1314.9,0.0611
2026-09-02T18:50:32,1788393032.1,Sky,rick,phasic,0.4451,1788391717.245375,1314.9,0.0
2026-09-02T18:50:32,1788393032.1,Sky,rick,tonic,0.4098,1788391717.2447362,1314.9,0.3675
2026-09-02T18:50:32,1788393032.1,Sky,rick,valence_ema,0.6077,1788391717.1618333,1314.9,0.5662
2026-09-02T18:50:42,1788393042.8,Sky,rick,novelty_spent,0.0994,1788391717.24602,1325.5,0.0608
2026-09-02T18:50:43,1788393042.8,Sky,rick,phasic,0.4451,1788391717.245375,1325.5,0.0
2026-09-02T18:50:43,1788393042.8,Sky,rick,tonic,0.4098,1788391717.2447362,1325.5,0.3672
2026-09-02T18:50:43,1788393042.8,Sky,rick,valence_ema,0.6077,1788391717.1618333,1325.6,0.5659
2026-09-02T18:50:53,1788393053.4,Sky,rick,novelty_spent,0.0994,1788391717.24602,1336.2,0.0606
2026-09-02T18:50:53,1788393053.4,Sky,rick,phasic,0.4451,1788391717.245375,1336.2,0.0
2026-09-02T18:50:53,1788393053.4,Sky,rick,tonic,0.4098,1788391717.2447362,1336.2,0.3669
2026-09-02T18:50:53,1788393053.4,Sky,rick,valence_ema,0.6077,1788391717.1618333,1336.3,0.5657
2026-09-02T18:51:04,1788393064.1,Sky,rick,novelty_spent,0.0994,1788391717.24602,1346.9,0.0604
2026-09-02T18:51:04,1788393064.1,Sky,rick,phasic,0.4451,1788391717.245375,1346.9,0.0
2026-09-02T18:51:04,1788393064.1,Sky,rick,tonic,0.4098,1788391717.2447362,1346.9,0.3667
2026-09-02T18:51:04,1788393064.1,Sky,rick,valence_ema,0.6077,1788391717.1618333,1347.0,0.5654
2026-09-02T18:51:14,1788393074.7,Sky,rick,novelty_spent,0.0994,1788391717.24602,1357.5,0.0601
2026-09-02T18:51:14,1788393074.7,Sky,rick,phasic,0.4451,1788391717.245375,1357.5,0.0
2026-09-02T18:51:15,1788393074.7,Sky,rick,tonic,0.4098,1788391717.2447362,1357.5,0.3664
2026-09-02T18:51:15,1788393074.7,Sky,rick,valence_ema,0.6077,1788391717.1618333,1357.6,0.5651
2026-09-02T18:51:25,1788393085.3,Sky,rick,novelty_spent,0.0994,1788391717.24602,1368.1,0.0599
2026-09-02T18:51:25,1788393085.3,Sky,rick,phasic,0.4451,1788391717.245375,1368.1,0.0
2026-09-02T18:51:25,1788393085.3,Sky,rick,tonic,0.4098,1788391717.2447362,1368.1,0.3662
2026-09-02T18:51:25,1788393085.3,Sky,rick,valence_ema,0.6077,1788391717.1618333,1368.2,0.5649
2026-09-02T18:51:36,1788393095.9,Sky,rick,novelty_spent,0.0994,1788391717.24602,1378.7,0.0597
2026-09-02T18:51:36,1788393095.9,Sky,rick,phasic,0.4451,1788391717.245375,1378.7,0.0
2026-09-02T18:51:36,1788393095.9,Sky,rick,tonic,0.4098,1788391717.2447362,1378.7,0.3659
2026-09-02T18:51:36,1788393095.9,Sky,rick,valence_ema,0.6077,1788391717.1618333,1378.8,0.5646
2026-09-02T18:51:46,1788393106.6,Sky,rick,novelty_spent,0.0994,1788391717.24602,1389.3,0.0594
2026-09-02T18:51:46,1788393106.6,Sky,rick,phasic,0.4451,1788391717.245375,1389.3,0.0
2026-09-02T18:51:46,1788393106.6,Sky,rick,tonic,0.4098,1788391717.2447362,1389.3,0.3656
2026-09-02T18:51:46,1788393106.6,Sky,rick,valence_ema,0.6077,1788391717.1618333,1389.4,0.5644
2026-09-02T18:51:57,1788393117.2,Sky,rick,novelty_spent,0.0994,1788391717.24602,1400.0,0.0592
2026-09-02T18:51:57,1788393117.2,Sky,rick,phasic,0.4451,1788391717.245375,1400.0,0.0
2026-09-02T18:51:57,1788393117.2,Sky,rick,tonic,0.4098,1788391717.2447362,1400.0,0.3654
2026-09-02T18:51:57,1788393117.2,Sky,rick,valence_ema,0.6077,1788391717.1618333,1400.1,0.5641
2026-09-02T18:52:07,1788393127.8,Sky,rick,novelty_spent,0.0994,1788391717.24602,1410.6,0.059
2026-09-02T18:52:08,1788393127.8,Sky,rick,phasic,0.4451,1788391717.245375,1410.6,0.0
2026-09-02T18:52:08,1788393127.8,Sky,rick,tonic,0.4098,1788391717.2447362,1410.6,0.3651
2026-09-02T18:52:08,1788393127.8,Sky,rick,valence_ema,0.6077,1788391717.1618333,1410.7,0.5639
2026-09-02T18:52:18,1788393138.5,Sky,rick,novelty_spent,0.0994,1788391717.24602,1421.2,0.0587
2026-09-02T18:52:18,1788393138.5,Sky,rick,phasic,0.4451,1788391717.245375,1421.2,0.0
2026-09-02T18:52:18,1788393138.5,Sky,rick,tonic,0.4098,1788391717.2447362,1421.2,0.3649
2026-09-02T18:52:18,1788393138.5,Sky,rick,valence_ema,0.6077,1788391717.1618333,1421.3,0.5636
2026-09-02T18:52:29,1788393149.1,Sky,rick,novelty_spent,0.0994,1788391717.24602,1431.8,0.0585
2026-09-02T18:52:29,1788393149.1,Sky,rick,phasic,0.4451,1788391717.245375,1431.8,0.0
2026-09-02T18:52:29,1788393149.1,Sky,rick,tonic,0.4098,1788391717.2447362,1431.8,0.3646
2026-09-02T18:52:29,1788393149.1,Sky,rick,valence_ema,0.6077,1788391717.1618333,1431.9,0.5634
2026-09-02T18:52:39,1788393159.8,Sky,rick,novelty_spent,0.1371,1788393157.0613856,2.7,0.137
2026-09-02T18:52:40,1788393159.8,Sky,rick,phasic,0.2791,1788393157.060835,2.7,0.2709
2026-09-02T18:52:40,1788393159.8,Sky,rick,tonic,0.4465,1788393157.0602043,2.7,0.4464
2026-09-02T18:52:40,1788393159.8,Sky,rick,valence_ema,0.5974,1788393156.979196,2.8,0.5973
2026-09-02T18:52:50,1788393170.4,Sky,rick,novelty_spent,0.1371,1788393157.0613856,13.3,0.1364
2026-09-02T18:52:50,1788393170.4,Sky,rick,phasic,0.2791,1788393157.060835,13.4,0.2406
2026-09-02T18:52:50,1788393170.4,Sky,rick,tonic,0.4465,1788393157.0602043,13.4,0.4458
2026-09-02T18:52:50,1788393170.4,Sky,rick,valence_ema,0.5974,1788393156.979196,13.4,0.5969
2026-09-02T18:53:01,1788393181.0,Sky,rick,novelty_spent,0.1371,1788393157.0613856,24.0,0.1359
2026-09-02T18:53:01,1788393181.0,Sky,rick,phasic,0.2791,1788393157.060835,24.0,0.2138
2026-09-02T18:53:01,1788393181.0,Sky,rick,tonic,0.4465,1788393157.0602043,24.0,0.4452
2026-09-02T18:53:01,1788393181.0,Sky,rick,valence_ema,0.5974,1788393156.979196,24.1,0.5965
2026-09-02T18:53:11,1788393191.7,Sky,rick,novelty_spent,0.1371,1788393157.0613856,34.6,0.1354
2026-09-02T18:53:11,1788393191.7,Sky,rick,phasic,0.2791,1788393157.060835,34.6,0.19
2026-09-02T18:53:12,1788393191.7,Sky,rick,tonic,0.4465,1788393157.0602043,34.6,0.4446
2026-09-02T18:53:12,1788393191.7,Sky,rick,valence_ema,0.5974,1788393156.979196,34.7,0.5962
2026-09-02T18:53:22,1788393202.3,Sky,rick,novelty_spent,0.1371,1788393157.0613856,45.3,0.1348
2026-09-02T18:53:22,1788393202.3,Sky,rick,phasic,0.2791,1788393157.060835,45.3,0.1688
2026-09-02T18:53:22,1788393202.3,Sky,rick,tonic,0.4465,1788393157.0602043,45.3,0.4441
2026-09-02T18:53:22,1788393202.3,Sky,rick,valence_ema,0.5974,1788393156.979196,45.4,0.5958
2026-09-02T18:53:33,1788393213.1,Sky,rick,novelty_spent,0.1371,1788393157.0613856,56.0,0.1343
2026-09-02T18:53:33,1788393213.1,Sky,rick,phasic,0.2791,1788393157.060835,56.0,0.1498
2026-09-02T18:53:33,1788393213.1,Sky,rick,tonic,0.4465,1788393157.0602043,56.0,0.4435
2026-09-02T18:53:33,1788393213.1,Sky,rick,valence_ema,0.5974,1788393156.979196,56.1,0.5954
2026-09-02T18:53:43,1788393223.7,Sky,rick,novelty_spent,0.1371,1788393157.0613856,66.6,0.1338
2026-09-02T18:53:43,1788393223.7,Sky,rick,phasic,0.2791,1788393157.060835,66.6,0.1331
2026-09-02T18:53:44,1788393223.7,Sky,rick,tonic,0.4465,1788393157.0602043,66.6,0.4429
2026-09-02T18:53:44,1788393223.7,Sky,rick,valence_ema,0.5974,1788393156.979196,66.7,0.595
2026-09-02T18:53:54,1788393234.3,Sky,rick,novelty_spent,0.1371,1788393157.0613856,77.3,0.1332
2026-09-02T18:53:54,1788393234.3,Sky,rick,phasic,0.2791,1788393157.060835,77.3,0.1183
2026-09-02T18:53:54,1788393234.3,Sky,rick,tonic,0.4465,1788393157.0602043,77.3,0.4424
2026-09-02T18:53:54,1788393234.3,Sky,rick,valence_ema,0.5974,1788393156.979196,77.3,0.5946
2026-09-02T18:54:05,1788393245.1,Sky,rick,novelty_spent,0.1371,1788393157.0613856,88.0,0.1327
2026-09-02T18:54:05,1788393245.1,Sky,rick,phasic,0.2791,1788393157.060835,88.0,0.105
2026-09-02T18:54:05,1788393245.1,Sky,rick,tonic,0.4465,1788393157.0602043,88.0,0.4418
2026-09-02T18:54:05,1788393245.1,Sky,rick,valence_ema,0.5974,1788393156.979196,88.1,0.5943
2026-09-02T18:54:15,1788393255.8,Sky,rick,novelty_spent,0.1371,1788393157.0613856,98.7,0.1322
2026-09-02T18:54:16,1788393255.8,Sky,rick,phasic,0.2791,1788393157.060835,98.7,0.0932
2026-09-02T18:54:16,1788393255.8,Sky,rick,tonic,0.4465,1788393157.0602043,98.7,0.4412
2026-09-02T18:54:16,1788393255.8,Sky,rick,valence_ema,0.5974,1788393156.979196,98.8,0.5939
2026-09-02T18:54:26,1788393266.4,Sky,rick,novelty_spent,0.1371,1788393157.0613856,109.3,0.1317
2026-09-02T18:54:26,1788393266.4,Sky,rick,phasic,0.2791,1788393157.060835,109.3,0.0828
2026-09-02T18:54:26,1788393266.4,Sky,rick,tonic,0.4465,1788393157.0602043,109.3,0.4407
2026-09-02T18:54:26,1788393266.4,Sky,rick,valence_ema,0.5974,1788393156.979196,109.4,0.5935
2026-09-02T18:54:37,1788393277.0,Sky,rick,novelty_spent,0.1371,1788393157.0613856,120.0,0.1311
2026-09-02T18:54:37,1788393277.0,Sky,rick,phasic,0.2791,1788393157.060835,120.0,0.0736
2026-09-02T18:54:37,1788393277.0,Sky,rick,tonic,0.4465,1788393157.0602043,120.0,0.4401
2026-09-02T18:54:37,1788393277.0,Sky,rick,valence_ema,0.5974,1788393156.979196,120.0,0.5932
2026-09-02T18:54:47,1788393287.7,Sky,rick,novelty_spent,0.1371,1788393157.0613856,130.6,0.1306
2026-09-02T18:54:47,1788393287.7,Sky,rick,phasic,0.2791,1788393157.060835,130.6,0.0654
2026-09-02T18:54:48,1788393287.7,Sky,rick,tonic,0.4465,1788393157.0602043,130.6,0.4396
2026-09-02T18:54:48,1788393287.7,Sky,rick,valence_ema,0.5974,1788393156.979196,130.7,0.5928
2026-09-02T18:54:58,1788393298.3,Sky,rick,novelty_spent,0.1371,1788393157.0613856,141.2,0.1301
2026-09-02T18:54:58,1788393298.3,Sky,rick,phasic,0.2791,1788393157.060835,141.2,0.0581
2026-09-02T18:54:58,1788393298.3,Sky,rick,tonic,0.4465,1788393157.0602043,141.2,0.439
2026-09-02T18:54:58,1788393298.3,Sky,rick,valence_ema,0.5974,1788393156.979196,141.3,0.5924
2026-09-02T18:55:09,1788393308.9,Sky,rick,novelty_spent,0.1371,1788393157.0613856,151.8,0.1296
2026-09-02T18:55:09,1788393308.9,Sky,rick,phasic,0.2791,1788393157.060835,151.8,0.0517
2026-09-02T18:55:09,1788393308.9,Sky,rick,tonic,0.4465,1788393157.0602043,151.8,0.4385
2026-09-02T18:55:09,1788393308.9,Sky,rick,valence_ema,0.5974,1788393156.979196,151.9,0.5921
2026-09-02T18:55:19,1788393319.6,Sky,rick,novelty_spent,0.1371,1788393157.0613856,162.5,0.1291
2026-09-02T18:55:19,1788393319.6,Sky,rick,phasic,0.2791,1788393157.060835,162.5,0.0459
2026-09-02T18:55:19,1788393319.6,Sky,rick,tonic,0.4465,1788393157.0602043,162.5,0.4379
2026-09-02T18:55:20,1788393319.6,Sky,rick,valence_ema,0.5974,1788393156.979196,162.6,0.5917
2026-09-02T18:55:30,1788393330.2,Sky,rick,novelty_spent,0.1371,1788393157.0613856,173.1,0.1286
2026-09-02T18:55:30,1788393330.2,Sky,rick,phasic,0.2791,1788393157.060835,173.1,0.0408
2026-09-02T18:55:30,1788393330.2,Sky,rick,tonic,0.4465,1788393157.0602043,173.1,0.4374
2026-09-02T18:55:30,1788393330.2,Sky,rick,valence_ema,0.5974,1788393156.979196,173.2,0.5913
2026-09-02T18:55:41,1788393340.9,Sky,rick,novelty_spent,0.1371,1788393157.0613856,183.9,0.1281
2026-09-02T18:55:41,1788393340.9,Sky,rick,phasic,0.2791,1788393157.060835,183.9,0.0362
2026-09-02T18:55:41,1788393340.9,Sky,rick,tonic,0.4465,1788393157.0602043,183.9,0.4369
2026-09-02T18:55:41,1788393340.9,Sky,rick,valence_ema,0.5974,1788393156.979196,183.9,0.591
2026-09-02T18:55:51,1788393351.6,Sky,rick,novelty_spent,0.1371,1788393157.0613856,194.5,0.1276
2026-09-02T18:55:51,1788393351.6,Sky,rick,phasic,0.2791,1788393157.060835,194.5,0.0321
2026-09-02T18:55:51,1788393351.6,Sky,rick,tonic,0.4465,1788393157.0602043,194.5,0.4363
2026-09-02T18:55:52,1788393351.6,Sky,rick,valence_ema,0.5974,1788393156.979196,194.6,0.5906
2026-09-02T18:56:02,1788393362.3,Sky,rick,novelty_spent,0.1371,1788393157.0613856,205.3,0.1271
2026-09-02T18:56:02,1788393362.3,Sky,rick,phasic,0.2791,1788393157.060835,205.3,0.0285
2026-09-02T18:56:02,1788393362.3,Sky,rick,tonic,0.4465,1788393157.0602043,205.3,0.4358
2026-09-02T18:56:02,1788393362.3,Sky,rick,valence_ema,0.5974,1788393156.979196,205.3,0.5903
2026-09-02T18:56:13,1788393372.9,Sky,rick,novelty_spent,0.1371,1788393157.0613856,215.8,0.1266
2026-09-02T18:56:13,1788393372.9,Sky,rick,phasic,0.2791,1788393157.060835,215.8,0.0254
2026-09-02T18:56:13,1788393372.9,Sky,rick,tonic,0.4465,1788393157.0602043,215.8,0.4352
2026-09-02T18:56:13,1788393372.9,Sky,rick,valence_ema,0.5974,1788393156.979196,215.9,0.5899
2026-09-02T18:56:23,1788393383.6,Sky,rick,novelty_spent,0.1371,1788393157.0613856,226.5,0.1261
2026-09-02T18:56:23,1788393383.6,Sky,rick,phasic,0.2791,1788393157.060835,226.5,0.0225
2026-09-02T18:56:23,1788393383.6,Sky,rick,tonic,0.4465,1788393157.0602043,226.5,0.4347
2026-09-02T18:56:24,1788393383.6,Sky,rick,valence_ema,0.5974,1788393156.979196,226.6,0.5896
2026-09-02T18:56:34,1788393394.2,Sky,rick,novelty_spent,0.1371,1788393157.0613856,237.1,0.1256
2026-09-02T18:56:34,1788393394.2,Sky,rick,phasic,0.2791,1788393157.060835,237.1,0.02
2026-09-02T18:56:34,1788393394.2,Sky,rick,tonic,0.4465,1788393157.0602043,237.1,0.4342
2026-09-02T18:56:34,1788393394.2,Sky,rick,valence_ema,0.5974,1788393156.979196,237.2,0.5892
2026-09-02T18:56:45,1788393404.9,Sky,rick,novelty_spent,0.1371,1788393157.0613856,247.8,0.1251
2026-09-02T18:56:45,1788393404.9,Sky,rick,phasic,0.2791,1788393157.060835,247.8,0.0178
2026-09-02T18:56:45,1788393404.9,Sky,rick,tonic,0.4465,1788393157.0602043,247.8,0.4337
2026-09-02T18:56:45,1788393404.9,Sky,rick,valence_ema,0.5974,1788393156.979196,247.9,0.5889
2026-09-02T18:56:55,1788393415.5,Sky,rick,novelty_spent,0.1572,1788393415.013939,0.5,0.1572
2026-09-02T18:56:55,1788393415.5,Sky,rick,phasic,0.2122,1788393415.0132642,0.5,0.2111
2026-09-02T18:56:55,1788393415.5,Sky,rick,tonic,0.4704,1788393415.0126007,0.5,0.4704
2026-09-02T18:56:55,1788393415.5,Sky,rick,valence_ema,0.6364,1788393414.9376113,0.6,0.6364
2026-09-02T18:57:06,1788393426.1,Sky,rick,novelty_spent,0.1572,1788393415.013939,11.1,0.1566
2026-09-02T18:57:06,1788393426.1,Sky,rick,phasic,0.2122,1788393415.0132642,11.1,0.1877
2026-09-02T18:57:06,1788393426.1,Sky,rick,tonic,0.4704,1788393415.0126007,11.1,0.4697
2026-09-02T18:57:06,1788393426.1,Sky,rick,valence_ema,0.6364,1788393414.9376113,11.1,0.6358
2026-09-02T18:57:16,1788393436.7,Sky,rick,novelty_spent,0.1572,1788393415.013939,21.7,0.1559
2026-09-02T18:57:16,1788393436.7,Sky,rick,phasic,0.2122,1788393415.0132642,21.7,0.1667
2026-09-02T18:57:17,1788393436.7,Sky,rick,tonic,0.4704,1788393415.0126007,21.7,0.469
2026-09-02T18:57:17,1788393436.7,Sky,rick,valence_ema,0.6364,1788393414.9376113,21.8,0.6353
2026-09-02T18:57:27,1788393447.4,Sky,rick,novelty_spent,0.1572,1788393415.013939,32.4,0.1553
2026-09-02T18:57:27,1788393447.4,Sky,rick,phasic,0.2122,1788393415.0132642,32.4,0.1481
2026-09-02T18:57:27,1788393447.4,Sky,rick,tonic,0.4704,1788393415.0126007,32.4,0.4684
2026-09-02T18:57:27,1788393447.4,Sky,rick,valence_ema,0.6364,1788393414.9376113,32.4,0.6348
2026-09-02T18:57:38,1788393458.0,Sky,rick,novelty_spent,0.1572,1788393415.013939,43.0,0.1547
2026-09-02T18:57:38,1788393458.0,Sky,rick,phasic,0.2122,1788393415.0132642,43.0,0.1316
2026-09-02T18:57:38,1788393458.0,Sky,rick,tonic,0.4704,1788393415.0126007,43.0,0.4677
2026-09-02T18:57:38,1788393458.0,Sky,rick,valence_ema,0.6364,1788393414.9376113,43.1,0.6342
2026-09-02T18:57:48,1788393468.7,Sky,rick,novelty_spent,0.1572,1788393415.013939,53.6,0.1541
2026-09-02T18:57:48,1788393468.7,Sky,rick,phasic,0.2122,1788393415.0132642,53.6,0.1169
2026-09-02T18:57:49,1788393468.7,Sky,rick,tonic,0.4704,1788393415.0126007,53.6,0.467
2026-09-02T18:57:49,1788393468.7,Sky,rick,valence_ema,0.6364,1788393414.9376113,53.7,0.6337
2026-09-02T18:57:59,1788393479.3,Sky,rick,novelty_spent,0.1572,1788393415.013939,64.3,0.1535
2026-09-02T18:57:59,1788393479.3,Sky,rick,phasic,0.2122,1788393415.0132642,64.3,0.1039
2026-09-02T18:57:59,1788393479.3,Sky,rick,tonic,0.4704,1788393415.0126007,64.3,0.4664
2026-09-02T18:57:59,1788393479.3,Sky,rick,valence_ema,0.6364,1788393414.9376113,64.3,0.6332
2026-09-02T18:58:10,1788393489.9,Sky,rick,novelty_spent,0.1572,1788393415.013939,74.9,0.1529
2026-09-02T18:58:10,1788393489.9,Sky,rick,phasic,0.2122,1788393415.0132642,74.9,0.0924
2026-09-02T18:58:10,1788393489.9,Sky,rick,tonic,0.4704,1788393415.0126007,74.9,0.4657
2026-09-02T18:58:10,1788393489.9,Sky,rick,valence_ema,0.6364,1788393414.9376113,74.9,0.6327
2026-09-02T18:58:20,1788393500.5,Sky,rick,novelty_spent,0.1572,1788393415.013939,85.5,0.1523
2026-09-02T18:58:20,1788393500.5,Sky,rick,phasic,0.2122,1788393415.0132642,85.5,0.0821
2026-09-02T18:58:20,1788393500.5,Sky,rick,tonic,0.4704,1788393415.0126007,85.5,0.4651
2026-09-02T18:58:21,1788393500.5,Sky,rick,valence_ema,0.6364,1788393414.9376113,85.6,0.6321
2026-09-02T18:58:31,1788393511.3,Sky,rick,novelty_spent,0.1572,1788393415.013939,96.3,0.1517
2026-09-02T18:58:31,1788393511.3,Sky,rick,phasic,0.2122,1788393415.0132642,96.3,0.0728
2026-09-02T18:58:31,1788393511.3,Sky,rick,tonic,0.4704,1788393415.0126007,96.3,0.4644
2026-09-02T18:58:31,1788393511.3,Sky,rick,valence_ema,0.6364,1788393414.9376113,96.3,0.6316
2026-09-02T18:58:42,1788393521.9,Sky,rick,novelty_spent,0.1572,1788393415.013939,106.9,0.1511
2026-09-02T18:58:42,1788393521.9,Sky,rick,phasic,0.2122,1788393415.0132642,106.9,0.0647
2026-09-02T18:58:42,1788393521.9,Sky,rick,tonic,0.4704,1788393415.0126007,106.9,0.4638
2026-09-02T18:58:42,1788393521.9,Sky,rick,valence_ema,0.6364,1788393414.9376113,107.0,0.6311
2026-09-02T18:58:52,1788393532.6,Sky,rick,novelty_spent,0.1572,1788393415.013939,117.6,0.1505
2026-09-02T18:58:52,1788393532.6,Sky,rick,phasic,0.2122,1788393415.0132642,117.6,0.0575
2026-09-02T18:58:52,1788393532.6,Sky,rick,tonic,0.4704,1788393415.0126007,117.6,0.4631
2026-09-02T18:58:53,1788393532.6,Sky,rick,valence_ema,0.6364,1788393414.9376113,117.6,0.6306
2026-09-02T18:59:03,1788393543.2,Sky,rick,novelty_spent,0.1572,1788393415.013939,128.2,0.1499
2026-09-02T18:59:03,1788393543.2,Sky,rick,phasic,0.2122,1788393415.0132642,128.2,0.0511
2026-09-02T18:59:03,1788393543.2,Sky,rick,tonic,0.4704,1788393415.0126007,128.2,0.4625
2026-09-02T18:59:03,1788393543.2,Sky,rick,valence_ema,0.6364,1788393414.9376113,128.2,0.6301
2026-09-02T18:59:13,1788393553.8,Sky,rick,novelty_spent,0.1572,1788393415.013939,138.8,0.1493
2026-09-02T18:59:14,1788393553.8,Sky,rick,phasic,0.2122,1788393415.0132642,138.8,0.0454
2026-09-02T18:59:14,1788393553.8,Sky,rick,tonic,0.4704,1788393415.0126007,138.8,0.4619
2026-09-02T18:59:14,1788393553.8,Sky,rick,valence_ema,0.6364,1788393414.9376113,138.9,0.6296
2026-09-02T18:59:24,1788393564.4,Sky,rick,novelty_spent,0.1572,1788393415.013939,149.4,0.1487
2026-09-02T18:59:24,1788393564.4,Sky,rick,phasic,0.2122,1788393415.0132642,149.4,0.0403
2026-09-02T18:59:24,1788393564.4,Sky,rick,tonic,0.4704,1788393415.0126007,149.4,0.4612
2026-09-02T18:59:24,1788393564.4,Sky,rick,valence_ema,0.6364,1788393414.9376113,149.5,0.6291
2026-09-02T18:59:35,1788393575.1,Sky,rick,novelty_spent,0.1572,1788393415.013939,160.1,0.1482
2026-09-02T18:59:35,1788393575.1,Sky,rick,phasic,0.2122,1788393415.0132642,160.1,0.0358
2026-09-02T18:59:35,1788393575.1,Sky,rick,tonic,0.4704,1788393415.0126007,160.1,0.4606
2026-09-02T18:59:35,1788393575.1,Sky,rick,valence_ema,0.6364,1788393414.9376113,160.1,0.6285
2026-09-02T18:59:45,1788393585.7,Sky,rick,novelty_spent,0.1572,1788393415.013939,170.7,0.1476
2026-09-02T18:59:45,1788393585.7,Sky,rick,phasic,0.2122,1788393415.0132642,170.7,0.0318
2026-09-02T18:59:46,1788393585.7,Sky,rick,tonic,0.4704,1788393415.0126007,170.7,0.46
2026-09-02T18:59:46,1788393585.7,Sky,rick,valence_ema,0.6364,1788393414.9376113,170.8,0.628
2026-09-02T18:59:56,1788393596.4,Sky,rick,novelty_spent,0.1572,1788393415.013939,181.3,0.147
2026-09-02T18:59:56,1788393596.4,Sky,rick,phasic,0.2122,1788393415.0132642,181.3,0.0283
2026-09-02T18:59:56,1788393596.4,Sky,rick,tonic,0.4704,1788393415.0126007,181.3,0.4593
2026-09-02T18:59:56,1788393596.4,Sky,rick,valence_ema,0.6364,1788393414.9376113,181.4,0.6275
2026-09-02T19:00:07,1788393607.0,Sky,rick,novelty_spent,0.1572,1788393415.013939,192.0,0.1464
2026-09-02T19:00:07,1788393607.0,Sky,rick,phasic,0.2122,1788393415.0132642,192.0,0.0251
2026-09-02T19:00:07,1788393607.0,Sky,rick,tonic,0.4704,1788393415.0126007,192.0,0.4587
2026-09-02T19:00:07,1788393607.0,Sky,rick,valence_ema,0.6364,1788393414.9376113,192.0,0.627
2026-09-02T19:00:17,1788393617.6,Sky,rick,novelty_spent,0.1572,1788393415.013939,202.6,0.1458
2026-09-02T19:00:17,1788393617.6,Sky,rick,phasic,0.2122,1788393415.0132642,202.6,0.0223
2026-09-02T19:00:17,1788393617.6,Sky,rick,tonic,0.4704,1788393415.0126007,202.6,0.4581
2026-09-02T19:00:18,1788393617.6,Sky,rick,valence_ema,0.6364,1788393414.9376113,202.7,0.6265
2026-09-02T19:00:28,1788393628.2,Sky,rick,novelty_spent,0.1572,1788393415.013939,213.2,0.1453
2026-09-02T19:00:28,1788393628.2,Sky,rick,phasic,0.2122,1788393415.0132642,213.2,0.0199
2026-09-02T19:00:28,1788393628.2,Sky,rick,tonic,0.4704,1788393415.0126007,213.2,0.4575
2026-09-02T19:00:28,1788393628.2,Sky,rick,valence_ema,0.6364,1788393414.9376113,213.3,0.626
2026-09-02T19:00:38,1788393638.8,Sky,rick,novelty_spent,0.1572,1788393415.013939,223.8,0.1447
2026-09-02T19:00:39,1788393638.8,Sky,rick,phasic,0.2122,1788393415.0132642,223.8,0.0176
2026-09-02T19:00:39,1788393638.8,Sky,rick,tonic,0.4704,1788393415.0126007,223.8,0.4568
2026-09-02T19:00:39,1788393638.8,Sky,rick,valence_ema,0.6364,1788393414.9376113,223.9,0.6255
2026-09-02T19:00:49,1788393649.5,Sky,rick,novelty_spent,0.1572,1788393415.013939,234.5,0.1441
2026-09-02T19:00:49,1788393649.5,Sky,rick,phasic,0.2122,1788393415.0132642,234.5,0.0157
2026-09-02T19:00:49,1788393649.5,Sky,rick,tonic,0.4704,1788393415.0126007,234.5,0.4562
2026-09-02T19:00:50,1788393649.5,Sky,rick,valence_ema,0.6364,1788393414.9376113,234.6,0.625
2026-09-02T19:01:00,1788393660.2,Sky,rick,novelty_spent,0.1572,1788393415.013939,245.2,0.1436
2026-09-02T19:01:00,1788393660.2,Sky,rick,phasic,0.2122,1788393415.0132642,245.2,0.0139
2026-09-02T19:01:00,1788393660.2,Sky,rick,tonic,0.4704,1788393415.0126007,245.2,0.4556
2026-09-02T19:01:00,1788393660.2,Sky,rick,valence_ema,0.6364,1788393414.9376113,245.3,0.6246
2026-09-02T19:01:11,1788393670.9,Sky,rick,novelty_spent,0.1572,1788393415.013939,255.9,0.143
2026-09-02T19:01:11,1788393670.9,Sky,rick,phasic,0.2122,1788393415.0132642,255.9,0.0124
2026-09-02T19:01:11,1788393670.9,Sky,rick,tonic,0.4704,1788393415.0126007,255.9,0.455
2026-09-02T19:01:11,1788393670.9,Sky,rick,valence_ema,0.6364,1788393414.9376113,256.0,0.6241
2026-09-02T19:01:21,1788393681.6,Sky,rick,novelty_spent,0.1572,1788393415.013939,266.5,0.1424
2026-09-02T19:01:21,1788393681.6,Sky,rick,phasic,0.2122,1788393415.0132642,266.5,0.011
2026-09-02T19:01:21,1788393681.6,Sky,rick,tonic,0.4704,1788393415.0126007,266.5,0.4544
2026-09-02T19:01:22,1788393681.6,Sky,rick,valence_ema,0.6364,1788393414.9376113,266.6,0.6236
2026-09-02T19:01:32,1788393692.2,Sky,rick,novelty_spent,0.1572,1788393415.013939,277.2,0.1419
2026-09-02T19:01:32,1788393692.2,Sky,rick,phasic,0.2122,1788393415.0132642,277.2,0.0098
2026-09-02T19:01:32,1788393692.2,Sky,rick,tonic,0.4704,1788393415.0126007,277.2,0.4538
2026-09-02T19:01:32,1788393692.2,Sky,rick,valence_ema,0.6364,1788393414.9376113,277.3,0.6231
2026-09-02T19:01:43,1788393702.9,Sky,rick,novelty_spent,0.1572,1788393415.013939,287.8,0.1413
2026-09-02T19:01:43,1788393702.9,Sky,rick,phasic,0.2122,1788393415.0132642,287.8,0.0087
2026-09-02T19:01:43,1788393702.9,Sky,rick,tonic,0.4704,1788393415.0126007,287.8,0.4532
2026-09-02T19:01:43,1788393702.9,Sky,rick,valence_ema,0.6364,1788393414.9376113,287.9,0.6226
2026-09-02T19:01:53,1788393713.6,Sky,rick,novelty_spent,0.1572,1788393415.013939,298.6,0.1407
2026-09-02T19:01:53,1788393713.6,Sky,rick,phasic,0.2122,1788393415.0132642,298.6,0.0077
2026-09-02T19:01:53,1788393713.6,Sky,rick,tonic,0.4704,1788393415.0126007,298.6,0.4526
2026-09-02T19:01:54,1788393713.6,Sky,rick,valence_ema,0.6364,1788393414.9376113,298.6,0.6221
2026-09-02T19:02:04,1788393724.2,Sky,rick,novelty_spent,0.1572,1788393415.013939,309.2,0.1402
2026-09-02T19:02:04,1788393724.2,Sky,rick,phasic,0.2122,1788393415.0132642,309.2,0.0068
2026-09-02T19:02:04,1788393724.2,Sky,rick,tonic,0.4704,1788393415.0126007,309.2,0.452
2026-09-02T19:02:04,1788393724.2,Sky,rick,valence_ema,0.6364,1788393414.9376113,309.3,0.6216
2026-09-02T19:02:15,1788393734.9,Sky,rick,novelty_spent,0.1572,1788393415.013939,319.9,0.1396
2026-09-02T19:02:15,1788393734.9,Sky,rick,phasic,0.2122,1788393415.0132642,319.9,0.0061
2026-09-02T19:02:15,1788393734.9,Sky,rick,tonic,0.4704,1788393415.0126007,319.9,0.4514
2026-09-02T19:02:15,1788393734.9,Sky,rick,valence_ema,0.6364,1788393414.9376113,320.0,0.6212
2026-09-02T19:02:25,1788393745.5,Sky,rick,novelty_spent,0.1572,1788393415.013939,330.5,0.1391
2026-09-02T19:02:25,1788393745.5,Sky,rick,phasic,0.2122,1788393415.0132642,330.5,0.0054
2026-09-02T19:02:25,1788393745.5,Sky,rick,tonic,0.4704,1788393415.0126007,330.5,0.4508
2026-09-02T19:02:25,1788393745.5,Sky,rick,valence_ema,0.6364,1788393414.9376113,330.6,0.6207
2026-09-02T19:02:36,1788393756.2,Sky,rick,novelty_spent,0.1572,1788393415.013939,341.1,0.1385
2026-09-02T19:02:36,1788393756.2,Sky,rick,phasic,0.2122,1788393415.0132642,341.1,0.0048
2026-09-02T19:02:36,1788393756.2,Sky,rick,tonic,0.4704,1788393415.0126007,341.1,0.4502
2026-09-02T19:02:36,1788393756.2,Sky,rick,valence_ema,0.6364,1788393414.9376113,341.2,0.6202
2026-09-02T19:02:46,1788393766.8,Sky,rick,novelty_spent,0.1572,1788393415.013939,351.8,0.138
2026-09-02T19:02:47,1788393766.8,Sky,rick,phasic,0.2122,1788393415.0132642,351.8,0.0043
2026-09-02T19:02:47,1788393766.8,Sky,rick,tonic,0.4704,1788393415.0126007,351.8,0.4496
2026-09-02T19:02:47,1788393766.8,Sky,rick,valence_ema,0.6364,1788393414.9376113,351.8,0.6197
2026-09-02T19:02:57,1788393777.4,Sky,rick,novelty_spent,0.1572,1788393415.013939,362.4,0.1375
2026-09-02T19:02:57,1788393777.4,Sky,rick,phasic,0.2122,1788393415.0132642,362.4,0.0038
2026-09-02T19:02:57,1788393777.4,Sky,rick,tonic,0.4704,1788393415.0126007,362.4,0.449
2026-09-02T19:02:57,1788393777.4,Sky,rick,valence_ema,0.6364,1788393414.9376113,362.4,0.6193
2026-09-02T19:03:08,1788393788.0,Sky,rick,novelty_spent,0.2221,1788393786.1311488,1.9,0.2219
2026-09-02T19:03:08,1788393788.0,Sky,rick,phasic,0.2127,1788393786.1305358,1.9,0.2083
2026-09-02T19:03:08,1788393788.0,Sky,rick,tonic,0.5336,1788393786.1299233,1.9,0.5334
2026-09-02T19:03:08,1788393788.0,Sky,rick,valence_ema,0.5942,1788393786.0449677,2.0,0.5941
2026-09-02T19:03:18,1788393798.6,Sky,rick,novelty_spent,0.2221,1788393786.1311488,12.5,0.2211
2026-09-02T19:03:18,1788393798.6,Sky,rick,phasic,0.2127,1788393786.1305358,12.5,0.1852
2026-09-02T19:03:19,1788393798.6,Sky,rick,tonic,0.5336,1788393786.1299233,12.5,0.5325
2026-09-02T19:03:19,1788393798.6,Sky,rick,valence_ema,0.5942,1788393786.0449677,12.6,0.5938
2026-09-02T19:03:29,1788393809.3,Sky,rick,novelty_spent,0.2221,1788393786.1311488,23.1,0.2202
2026-09-02T19:03:29,1788393809.3,Sky,rick,phasic,0.2127,1788393786.1305358,23.1,0.1645
2026-09-02T19:03:29,1788393809.3,Sky,rick,tonic,0.5336,1788393786.1299233,23.1,0.5316
2026-09-02T19:03:29,1788393809.3,Sky,rick,valence_ema,0.5942,1788393786.0449677,23.2,0.5934
2026-09-02T19:03:40,1788393819.9,Sky,rick,novelty_spent,0.2221,1788393786.1311488,33.7,0.2193
2026-09-02T19:03:40,1788393819.9,Sky,rick,phasic,0.2127,1788393786.1305358,33.8,0.1462
2026-09-02T19:03:40,1788393819.9,Sky,rick,tonic,0.5336,1788393786.1299233,33.8,0.5307
2026-09-02T19:03:40,1788393819.9,Sky,rick,valence_ema,0.5942,1788393786.0449677,33.8,0.593
2026-09-02T19:03:50,1788393830.5,Sky,rick,novelty_spent,0.2221,1788393786.1311488,44.4,0.2185
2026-09-02T19:03:50,1788393830.5,Sky,rick,phasic,0.2127,1788393786.1305358,44.4,0.1299
2026-09-02T19:03:50,1788393830.5,Sky,rick,tonic,0.5702,1788393825.5929694,4.9,0.5697
2026-09-02T19:03:51,1788393830.5,Sky,rick,valence_ema,0.5942,1788393786.0449677,44.5,0.5927
2026-09-02T19:04:01,1788393841.1,Sky,rick,novelty_spent,0.2221,1788393786.1311488,55.0,0.2176
2026-09-02T19:04:01,1788393841.1,Sky,rick,phasic,0.2127,1788393786.1305358,55.0,0.1154
2026-09-02T19:04:01,1788393841.1,Sky,rick,tonic,0.5702,1788393825.5929694,15.5,0.5686
2026-09-02T19:04:01,1788393841.1,Sky,rick,valence_ema,0.5942,1788393786.0449677,55.1,0.5923
2026-09-02T19:04:11,1788393851.7,Sky,rick,novelty_spent,0.2221,1788393786.1311488,65.6,0.2168
2026-09-02T19:04:11,1788393851.7,Sky,rick,phasic,0.2127,1788393786.1305358,65.6,0.1026
2026-09-02T19:04:12,1788393851.7,Sky,rick,tonic,0.5702,1788393825.5929694,26.1,0.5676
2026-09-02T19:04:12,1788393851.7,Sky,rick,valence_ema,0.5942,1788393786.0449677,65.7,0.5919
2026-09-02T19:04:22,1788393862.4,Sky,rick,novelty_spent,0.2221,1788393786.1311488,76.2,0.2159
2026-09-02T19:04:22,1788393862.4,Sky,rick,phasic,0.2127,1788393786.1305358,76.2,0.0912
2026-09-02T19:04:22,1788393862.4,Sky,rick,tonic,0.5702,1788393825.5929694,36.8,0.5665
2026-09-02T19:04:22,1788393862.4,Sky,rick,valence_ema,0.5942,1788393786.0449677,76.3,0.5916
2026-09-02T19:04:33,1788393873.0,Sky,rick,novelty_spent,0.2221,1788393786.1311488,86.8,0.2151
2026-09-02T19:04:33,1788393873.0,Sky,rick,phasic,0.2127,1788393786.1305358,86.8,0.0811
2026-09-02T19:04:33,1788393873.0,Sky,rick,tonic,0.5702,1788393825.5929694,47.4,0.5655
2026-09-02T19:04:33,1788393873.0,Sky,rick,valence_ema,0.5942,1788393786.0449677,86.9,0.5912
2026-09-02T19:04:43,1788393883.6,Sky,rick,novelty_spent,0.2221,1788393786.1311488,97.4,0.2142
2026-09-02T19:04:43,1788393883.6,Sky,rick,phasic,0.2127,1788393786.1305358,97.4,0.072
2026-09-02T19:04:43,1788393883.6,Sky,rick,tonic,0.5702,1788393825.5929694,58.0,0.5645
2026-09-02T19:04:44,1788393883.6,Sky,rick,valence_ema,0.5942,1788393786.0449677,97.5,0.5909
2026-09-02T19:04:54,1788393894.1,Sky,rick,novelty_spent,0.2221,1788393786.1311488,108.0,0.2134
2026-09-02T19:04:54,1788393894.1,Sky,rick,phasic,0.2127,1788393786.1305358,108.0,0.0641
2026-09-02T19:04:54,1788393894.1,Sky,rick,tonic,0.5702,1788393825.5929694,68.5,0.5634
2026-09-02T19:04:54,1788393894.1,Sky,rick,valence_ema,0.5942,1788393786.0449677,108.1,0.5905
2026-09-02T19:05:04,1788393904.7,Sky,rick,novelty_spent,0.2221,1788393786.1311488,118.6,0.2126
2026-09-02T19:05:04,1788393904.7,Sky,rick,phasic,0.2127,1788393786.1305358,118.6,0.0569
2026-09-02T19:05:05,1788393904.7,Sky,rick,tonic,0.5702,1788393825.5929694,79.1,0.5624
2026-09-02T19:05:05,1788393904.7,Sky,rick,valence_ema,0.5942,1788393786.0449677,118.7,0.5901
2026-09-02T19:05:15,1788393915.3,Sky,rick,novelty_spent,0.2221,1788393786.1311488,129.2,0.2117
2026-09-02T19:05:15,1788393915.3,Sky,rick,phasic,0.2127,1788393786.1305358,129.2,0.0506
2026-09-02T19:05:15,1788393915.3,Sky,rick,tonic,0.5702,1788393825.5929694,89.7,0.5614
2026-09-02T19:05:15,1788393915.3,Sky,rick,valence_ema,0.5942,1788393786.0449677,129.3,0.5898
2026-09-02T19:05:26,1788393925.9,Sky,rick,novelty_spent,0.2221,1788393786.1311488,139.8,0.2109
2026-09-02T19:05:26,1788393925.9,Sky,rick,phasic,0.2127,1788393786.1305358,139.8,0.045
2026-09-02T19:05:26,1788393925.9,Sky,rick,tonic,0.5702,1788393825.5929694,100.3,0.5603
2026-09-02T19:05:26,1788393925.9,Sky,rick,valence_ema,0.5942,1788393786.0449677,139.9,0.5894
2026-09-02T19:05:36,1788393936.6,Sky,rick,novelty_spent,0.2221,1788393786.1311488,150.5,0.2101
2026-09-02T19:05:36,1788393936.6,Sky,rick,phasic,0.2127,1788393786.1305358,150.5,0.04
2026-09-02T19:05:36,1788393936.6,Sky,rick,tonic,0.5702,1788393825.5929694,111.0,0.5593
2026-09-02T19:05:37,1788393936.6,Sky,rick,valence_ema,0.5942,1788393786.0449677,150.6,0.5891
2026-09-02T19:05:47,1788393947.3,Sky,rick,novelty_spent,0.2221,1788393786.1311488,161.2,0.2092
2026-09-02T19:05:47,1788393947.3,Sky,rick,phasic,0.2127,1788393786.1305358,161.2,0.0355
2026-09-02T19:05:47,1788393947.3,Sky,rick,tonic,0.5702,1788393825.5929694,121.7,0.5583
2026-09-02T19:05:47,1788393947.3,Sky,rick,valence_ema,0.5942,1788393786.0449677,161.3,0.5887
2026-09-02T19:05:58,1788393958.0,Sky,rick,novelty_spent,0.2221,1788393786.1311488,171.9,0.2084
2026-09-02T19:05:58,1788393958.0,Sky,rick,phasic,0.2127,1788393786.1305358,171.9,0.0315
2026-09-02T19:05:58,1788393958.0,Sky,rick,tonic,0.5702,1788393825.5929694,132.4,0.5573
2026-09-02T19:05:58,1788393958.0,Sky,rick,valence_ema,0.5942,1788393786.0449677,171.9,0.5884
2026-09-02T19:06:08,1788393968.6,Sky,rick,novelty_spent,0.2221,1788393786.1311488,182.4,0.2076
2026-09-02T19:06:08,1788393968.6,Sky,rick,phasic,0.2127,1788393786.1305358,182.4,0.028
2026-09-02T19:06:08,1788393968.6,Sky,rick,tonic,0.5702,1788393825.5929694,143.0,0.5563
2026-09-02T19:06:08,1788393968.6,Sky,rick,valence_ema,0.5942,1788393786.0449677,182.5,0.588
2026-09-02T19:06:19,1788393979.1,Sky,rick,novelty_spent,0.2221,1788393786.1311488,193.0,0.2068
2026-09-02T19:06:19,1788393979.1,Sky,rick,phasic,0.2127,1788393786.1305358,193.0,0.0249
2026-09-02T19:06:19,1788393979.1,Sky,rick,tonic,0.5702,1788393825.5929694,153.5,0.5553
2026-09-02T19:06:19,1788393979.1,Sky,rick,valence_ema,0.5942,1788393786.0449677,193.1,0.5877
2026-09-02T19:06:29,1788393989.7,Sky,rick,novelty_spent,0.2221,1788393786.1311488,203.6,0.206
2026-09-02T19:06:29,1788393989.7,Sky,rick,phasic,0.2127,1788393786.1305358,203.6,0.0221
2026-09-02T19:06:30,1788393989.7,Sky,rick,tonic,0.5702,1788393825.5929694,164.1,0.5543
2026-09-02T19:06:30,1788393989.7,Sky,rick,valence_ema,0.5942,1788393786.0449677,203.7,0.5874
2026-09-02T19:06:40,1788394000.3,Sky,rick,novelty_spent,0.2221,1788393786.1311488,214.2,0.2052
2026-09-02T19:06:40,1788394000.3,Sky,rick,phasic,0.2127,1788393786.1305358,214.2,0.0197
2026-09-02T19:06:40,1788394000.3,Sky,rick,tonic,0.5702,1788393825.5929694,174.7,0.5533
2026-09-02T19:06:40,1788394000.3,Sky,rick,valence_ema,0.5942,1788393786.0449677,214.3,0.587
2026-09-02T19:06:51,1788394011.0,Sky,rick,novelty_spent,0.2221,1788393786.1311488,224.9,0.2043
2026-09-02T19:06:51,1788394011.0,Sky,rick,phasic,0.2127,1788393786.1305358,224.9,0.0175
2026-09-02T19:06:51,1788394011.0,Sky,rick,tonic,0.5702,1788393825.5929694,185.4,0.5523
2026-09-02T19:06:51,1788394011.0,Sky,rick,valence_ema,0.5942,1788393786.0449677,225.0,0.5867
2026-09-02T19:07:01,1788394021.7,Sky,rick,novelty_spent,0.2221,1788393786.1311488,235.6,0.2035
2026-09-02T19:07:01,1788394021.7,Sky,rick,phasic,0.2127,1788393786.1305358,235.6,0.0155
2026-09-02T19:07:02,1788394021.7,Sky,rick,tonic,0.5702,1788393825.5929694,196.1,0.5513
2026-09-02T19:07:02,1788394021.7,Sky,rick,valence_ema,0.5942,1788393786.0449677,235.6,0.5863
2026-09-02T19:07:12,1788394032.3,Sky,rick,novelty_spent,0.2221,1788393786.1311488,246.2,0.2027
2026-09-02T19:07:12,1788394032.3,Sky,rick,phasic,0.2127,1788393786.1305358,246.2,0.0138
2026-09-02T19:07:12,1788394032.3,Sky,rick,tonic,0.5702,1788393825.5929694,206.7,0.5503
2026-09-02T19:07:12,1788394032.3,Sky,rick,valence_ema,0.5942,1788393786.0449677,246.3,0.586
2026-09-02T19:07:23,1788394043.0,Sky,rick,novelty_spent,0.2221,1788393786.1311488,256.8,0.2019
2026-09-02T19:07:23,1788394043.0,Sky,rick,phasic,0.2127,1788393786.1305358,256.8,0.0123
2026-09-02T19:07:23,1788394043.0,Sky,rick,tonic,0.5702,1788393825.5929694,217.4,0.5493
2026-09-02T19:07:23,1788394043.0,Sky,rick,valence_ema,0.5942,1788393786.0449677,256.9,0.5856
2026-09-02T19:07:33,1788394053.6,Sky,rick,novelty_spent,0.2221,1788393786.1311488,267.5,0.2012
2026-09-02T19:07:33,1788394053.6,Sky,rick,phasic,0.2127,1788393786.1305358,267.5,0.0109
2026-09-02T19:07:33,1788394053.6,Sky,rick,tonic,0.5702,1788393825.5929694,228.0,0.5483
2026-09-02T19:07:34,1788394053.6,Sky,rick,valence_ema,0.5942,1788393786.0449677,267.6,0.5853
2026-09-02T19:07:44,1788394064.2,Sky,rick,novelty_spent,0.2221,1788393786.1311488,278.1,0.2004
2026-09-02T19:07:44,1788394064.2,Sky,rick,phasic,0.2127,1788393786.1305358,278.1,0.0097
2026-09-02T19:07:44,1788394064.2,Sky,rick,tonic,0.5702,1788393825.5929694,238.6,0.5473
2026-09-02T19:07:44,1788394064.2,Sky,rick,valence_ema,0.5942,1788393786.0449677,278.1,0.585
2026-09-02T19:07:54,1788394074.9,Sky,rick,novelty_spent,0.2221,1788393786.1311488,288.7,0.1996
2026-09-02T19:07:55,1788394074.9,Sky,rick,phasic,0.2127,1788393786.1305358,288.7,0.0086
2026-09-02T19:07:55,1788394074.9,Sky,rick,tonic,0.5702,1788393825.5929694,249.3,0.5464
2026-09-02T19:07:55,1788394074.9,Sky,rick,valence_ema,0.5942,1788393786.0449677,288.8,0.5846
2026-09-02T19:08:05,1788394085.5,Sky,rick,novelty_spent,0.2221,1788393786.1311488,299.4,0.1988
2026-09-02T19:08:05,1788394085.5,Sky,rick,phasic,0.2127,1788393786.1305358,299.4,0.0076
2026-09-02T19:08:05,1788394085.5,Sky,rick,tonic,0.5702,1788393825.5929694,259.9,0.5454
2026-09-02T19:08:05,1788394085.5,Sky,rick,valence_ema,0.5942,1788393786.0449677,299.4,0.5843
2026-09-02T19:08:16,1788394096.1,Sky,rick,novelty_spent,0.2221,1788393786.1311488,310.0,0.198
2026-09-02T19:08:16,1788394096.1,Sky,rick,phasic,0.2127,1788393786.1305358,310.0,0.0068
2026-09-02T19:08:16,1788394096.1,Sky,rick,tonic,0.5702,1788393825.5929694,270.5,0.5444
2026-09-02T19:08:16,1788394096.1,Sky,rick,valence_ema,0.5942,1788393786.0449677,310.0,0.584
2026-09-02T19:08:26,1788394106.6,Sky,rick,novelty_spent,0.2221,1788393786.1311488,320.5,0.1972
2026-09-02T19:08:26,1788394106.6,Sky,rick,phasic,0.2127,1788393786.1305358,320.5,0.006
2026-09-02T19:08:26,1788394106.6,Sky,rick,tonic,0.5702,1788393825.5929694,281.1,0.5435
2026-09-02T19:08:27,1788394106.6,Sky,rick,valence_ema,0.5942,1788393786.0449677,320.6,0.5837
2026-09-02T19:08:37,1788394117.3,Sky,rick,novelty_spent,0.2221,1788393786.1311488,331.1,0.1965
2026-09-02T19:08:37,1788394117.3,Sky,rick,phasic,0.2127,1788393786.1305358,331.1,0.0054
2026-09-02T19:08:37,1788394117.3,Sky,rick,tonic,0.5702,1788393825.5929694,291.7,0.5425
2026-09-02T19:08:37,1788394117.3,Sky,rick,valence_ema,0.5942,1788393786.0449677,331.2,0.5833
2026-09-02T19:08:48,1788394127.9,Sky,rick,novelty_spent,0.2221,1788393786.1311488,341.8,0.1957
2026-09-02T19:08:48,1788394127.9,Sky,rick,phasic,0.2127,1788393786.1305358,341.8,0.0048
2026-09-02T19:08:48,1788394127.9,Sky,rick,tonic,0.5702,1788393825.5929694,302.3,0.5416
2026-09-02T19:08:48,1788394127.9,Sky,rick,valence_ema,0.5942,1788393786.0449677,341.9,0.583
2026-09-02T19:08:58,1788394138.5,Sky,rick,novelty_spent,0.2221,1788393786.1311488,352.4,0.1949
2026-09-02T19:08:58,1788394138.5,Sky,rick,phasic,0.2127,1788393786.1305358,352.4,0.0042
2026-09-02T19:08:58,1788394138.5,Sky,rick,tonic,0.5702,1788393825.5929694,312.9,0.5406
2026-09-02T19:08:58,1788394138.5,Sky,rick,valence_ema,0.5942,1788393786.0449677,352.5,0.5827
2026-09-02T19:09:09,1788394149.1,Sky,rick,novelty_spent,0.2221,1788393786.1311488,363.0,0.1942
2026-09-02T19:09:09,1788394149.1,Sky,rick,phasic,0.2127,1788393786.1305358,363.0,0.0038
2026-09-02T19:09:09,1788394149.1,Sky,rick,tonic,0.5702,1788393825.5929694,323.5,0.5397
2026-09-02T19:09:09,1788394149.1,Sky,rick,valence_ema,0.5942,1788393786.0449677,363.1,0.5823
2026-09-02T19:09:19,1788394159.7,Sky,rick,novelty_spent,0.2221,1788393786.1311488,373.5,0.1934
2026-09-02T19:09:19,1788394159.7,Sky,rick,phasic,0.2127,1788393786.1305358,373.5,0.0034
2026-09-02T19:09:19,1788394159.7,Sky,rick,tonic,0.5702,1788393825.5929694,334.1,0.5388
2026-09-02T19:09:20,1788394159.7,Sky,rick,valence_ema,0.5942,1788393786.0449677,373.6,0.582
2026-09-02T19:09:30,1788394170.2,Sky,rick,novelty_spent,0.2221,1788393786.1311488,384.1,0.1927
2026-09-02T19:09:30,1788394170.2,Sky,rick,phasic,0.2127,1788393786.1305358,384.1,0.003
2026-09-02T19:09:30,1788394170.2,Sky,rick,tonic,0.5702,1788393825.5929694,344.6,0.5378
2026-09-02T19:09:30,1788394170.2,Sky,rick,valence_ema,0.5942,1788393786.0449677,384.2,0.5817
2026-09-02T19:09:40,1788394180.8,Sky,rick,novelty_spent,0.2221,1788393786.1311488,394.7,0.1919
2026-09-02T19:09:41,1788394180.8,Sky,rick,phasic,0.2127,1788393786.1305358,394.7,0.0026
2026-09-02T19:09:41,1788394180.8,Sky,rick,tonic,0.5702,1788393825.5929694,355.2,0.5369
2026-09-02T19:09:41,1788394180.8,Sky,rick,valence_ema,0.5942,1788393786.0449677,394.8,0.5814
2026-09-02T19:09:51,1788394191.6,Sky,rick,novelty_spent,0.2221,1788393786.1311488,405.4,0.1911
2026-09-02T19:09:51,1788394191.6,Sky,rick,phasic,0.2127,1788393786.1305358,405.4,0.0024
2026-09-02T19:09:51,1788394191.6,Sky,rick,tonic,0.5702,1788393825.5929694,366.0,0.5359
2026-09-02T19:09:52,1788394191.6,Sky,rick,valence_ema,0.5942,1788393786.0449677,405.5,0.5811
2026-09-02T19:10:02,1788394202.2,Sky,rick,novelty_spent,0.2221,1788393786.1311488,416.0,0.1904
2026-09-02T19:10:02,1788394202.2,Sky,rick,phasic,0.2127,1788393786.1305358,416.0,0.0021
2026-09-02T19:10:02,1788394202.2,Sky,rick,tonic,0.5702,1788393825.5929694,376.6,0.535
2026-09-02T19:10:02,1788394202.2,Sky,rick,valence_ema,0.5942,1788393786.0449677,416.1,0.5807
2026-09-02T19:10:12,1788394212.8,Sky,rick,novelty_spent,0.2221,1788393786.1311488,426.7,0.1896
2026-09-02T19:10:13,1788394212.8,Sky,rick,phasic,0.2127,1788393786.1305358,426.7,0.0019
2026-09-02T19:10:13,1788394212.8,Sky,rick,tonic,0.5702,1788393825.5929694,387.2,0.5341
2026-09-02T19:10:13,1788394212.8,Sky,rick,valence_ema,0.5942,1788393786.0449677,426.8,0.5804
2026-09-02T19:10:23,1788394223.4,Sky,rick,novelty_spent,0.2221,1788393786.1311488,437.3,0.1889
2026-09-02T19:10:23,1788394223.4,Sky,rick,phasic,0.2127,1788393786.1305358,437.3,0.0017
2026-09-02T19:10:23,1788394223.4,Sky,rick,tonic,0.5702,1788393825.5929694,397.8,0.5332
2026-09-02T19:10:23,1788394223.4,Sky,rick,valence_ema,0.5942,1788393786.0449677,437.4,0.5801
2026-09-02T19:10:34,1788394234.2,Sky,rick,novelty_spent,0.2221,1788393786.1311488,448.0,0.1881
2026-09-02T19:10:34,1788394234.2,Sky,rick,phasic,0.2127,1788393786.1305358,448.0,0.0015
2026-09-02T19:10:34,1788394234.2,Sky,rick,tonic,0.5702,1788393825.5929694,408.6,0.5323
2026-09-02T19:10:34,1788394234.2,Sky,rick,valence_ema,0.5942,1788393786.0449677,448.1,0.5798
2026-09-02T19:10:44,1788394244.7,Sky,rick,novelty_spent,0.2221,1788393786.1311488,458.6,0.1874
2026-09-02T19:10:44,1788394244.7,Sky,rick,phasic,0.2127,1788393786.1305358,458.6,0.0013
2026-09-02T19:10:45,1788394244.7,Sky,rick,tonic,0.5702,1788393825.5929694,419.1,0.5313
2026-09-02T19:10:45,1788394244.7,Sky,rick,valence_ema,0.5942,1788393786.0449677,458.7,0.5795
2026-09-02T19:10:55,1788394255.4,Sky,rick,novelty_spent,0.2221,1788393786.1311488,469.2,0.1867
2026-09-02T19:10:55,1788394255.4,Sky,rick,phasic,0.2127,1788393786.1305358,469.3,0.0012
2026-09-02T19:10:55,1788394255.4,Sky,rick,tonic,0.5702,1788393825.5929694,429.8,0.5304
2026-09-02T19:10:55,1788394255.4,Sky,rick,valence_ema,0.5942,1788393786.0449677,469.3,0.5792
2026-09-02T19:11:06,1788394266.0,Sky,rick,novelty_spent,0.2221,1788393786.1311488,479.8,0.1859
2026-09-02T19:11:06,1788394266.0,Sky,rick,phasic,0.2127,1788393786.1305358,479.8,0.001
2026-09-02T19:11:06,1788394266.0,Sky,rick,tonic,0.5702,1788393825.5929694,440.4,0.5295
2026-09-02T19:11:06,1788394266.0,Sky,rick,valence_ema,0.5942,1788393786.0449677,479.9,0.5789
2026-09-02T19:11:16,1788394276.6,Sky,rick,novelty_spent,0.2221,1788393786.1311488,490.5,0.1852
2026-09-02T19:11:16,1788394276.6,Sky,rick,phasic,0.2127,1788393786.1305358,490.5,0.0009
2026-09-02T19:11:16,1788394276.6,Sky,rick,tonic,0.5702,1788393825.5929694,451.0,0.5286
2026-09-02T19:11:17,1788394276.6,Sky,rick,valence_ema,0.5942,1788393786.0449677,490.5,0.5786
2026-09-02T19:11:27,1788394287.2,Sky,rick,novelty_spent,0.2221,1788393786.1311488,501.0,0.1845
2026-09-02T19:11:27,1788394287.2,Sky,rick,phasic,0.2127,1788393786.1305358,501.0,0.0008
2026-09-02T19:11:27,1788394287.2,Sky,rick,tonic,0.5702,1788393825.5929694,461.6,0.5277
2026-09-02T19:11:27,1788394287.2,Sky,rick,valence_ema,0.5942,1788393786.0449677,501.1,0.5782
2026-09-02T19:11:37,1788394297.7,Sky,rick,novelty_spent,0.2221,1788393786.1311488,511.6,0.1838
2026-09-02T19:11:37,1788394297.7,Sky,rick,phasic,0.2127,1788393786.1305358,511.6,0.0007
2026-09-02T19:11:38,1788394297.7,Sky,rick,tonic,0.5702,1788393825.5929694,472.1,0.5269
2026-09-02T19:11:38,1788394297.7,Sky,rick,valence_ema,0.5942,1788393786.0449677,511.7,0.5779
2026-09-02T19:11:48,1788394308.4,Sky,rick,novelty_spent,0.2221,1788393786.1311488,522.2,0.183
2026-09-02T19:11:48,1788394308.4,Sky,rick,phasic,0.2127,1788393786.1305358,522.2,0.0006
2026-09-02T19:11:48,1788394308.4,Sky,rick,tonic,0.5702,1788393825.5929694,482.8,0.526
2026-09-02T19:11:48,1788394308.4,Sky,rick,valence_ema,0.5942,1788393786.0449677,522.3,0.5776
2026-09-02T19:11:59,1788394318.9,Sky,rick,novelty_spent,0.2221,1788393786.1311488,532.8,0.1823
2026-09-02T19:11:59,1788394318.9,Sky,rick,phasic,0.2127,1788393786.1305358,532.8,0.0006
2026-09-02T19:11:59,1788394318.9,Sky,rick,tonic,0.5702,1788393825.5929694,493.3,0.5251
2026-09-02T19:11:59,1788394318.9,Sky,rick,valence_ema,0.5942,1788393786.0449677,532.9,0.5773
2026-09-02T19:12:09,1788394329.5,Sky,rick,novelty_spent,0.2221,1788393786.1311488,543.4,0.1816
2026-09-02T19:12:09,1788394329.5,Sky,rick,phasic,0.2127,1788393786.1305358,543.4,0.0005
2026-09-02T19:12:09,1788394329.5,Sky,rick,tonic,0.5702,1788393825.5929694,503.9,0.5242
2026-09-02T19:12:10,1788394329.5,Sky,rick,valence_ema,0.5942,1788393786.0449677,543.5,0.577
2026-09-02T19:12:20,1788394340.2,Sky,rick,novelty_spent,0.2221,1788393786.1311488,554.0,0.1809
2026-09-02T19:12:20,1788394340.2,Sky,rick,phasic,0.2127,1788393786.1305358,554.0,0.0005
2026-09-02T19:12:20,1788394340.2,Sky,rick,tonic,0.5702,1788393825.5929694,514.6,0.5233
2026-09-02T19:12:20,1788394340.2,Sky,rick,valence_ema,0.5942,1788393786.0449677,554.1,0.5767
2026-09-02T19:12:30,1788394350.8,Sky,rick,novelty_spent,0.2221,1788393786.1311488,564.6,0.1802
2026-09-02T19:12:31,1788394350.8,Sky,rick,phasic,0.2127,1788393786.1305358,564.6,0.0004
2026-09-02T19:12:31,1788394350.8,Sky,rick,tonic,0.5702,1788393825.5929694,525.2,0.5224
2026-09-02T19:12:31,1788394350.8,Sky,rick,valence_ema,0.5942,1788393786.0449677,564.7,0.5764
2026-09-02T19:12:41,1788394361.4,Sky,rick,novelty_spent,0.2221,1788393786.1311488,575.2,0.1795
2026-09-02T19:12:41,1788394361.4,Sky,rick,phasic,0.2127,1788393786.1305358,575.2,0.0004
2026-09-02T19:12:41,1788394361.4,Sky,rick,tonic,0.5702,1788393825.5929694,535.8,0.5216
2026-09-02T19:12:41,1788394361.4,Sky,rick,valence_ema,0.5942,1788393786.0449677,575.3,0.5761
2026-09-02T19:12:52,1788394372.0,Sky,rick,novelty_spent,0.2221,1788393786.1311488,585.9,0.1788
2026-09-02T19:12:52,1788394372.0,Sky,rick,phasic,0.2127,1788393786.1305358,585.9,0.0003
2026-09-02T19:12:52,1788394372.0,Sky,rick,tonic,0.5702,1788393825.5929694,546.4,0.5207
2026-09-02T19:12:52,1788394372.0,Sky,rick,valence_ema,0.5942,1788393786.0449677,586.0,0.5758
2026-09-02T19:13:02,1788394382.7,Sky,rick,novelty_spent,0.2221,1788393786.1311488,596.5,0.1781
2026-09-02T19:13:02,1788394382.7,Sky,rick,phasic,0.2127,1788393786.1305358,596.5,0.0003
2026-09-02T19:13:02,1788394382.7,Sky,rick,tonic,0.5702,1788393825.5929694,557.1,0.5198
2026-09-02T19:13:03,1788394382.7,Sky,rick,valence_ema,0.5942,1788393786.0449677,596.6,0.5755
2026-09-02T19:13:13,1788394393.2,Sky,rick,novelty_spent,0.2221,1788393786.1311488,607.1,0.1774
2026-09-02T19:13:13,1788394393.2,Sky,rick,phasic,0.2127,1788393786.1305358,607.1,0.0003
2026-09-02T19:13:13,1788394393.2,Sky,rick,tonic,0.5702,1788393825.5929694,567.6,0.519
2026-09-02T19:13:13,1788394393.2,Sky,rick,valence_ema,0.5942,1788393786.0449677,607.2,0.5752
2026-09-02T19:13:23,1788394403.8,Sky,rick,novelty_spent,0.2221,1788393786.1311488,617.6,0.1767
2026-09-02T19:13:24,1788394403.8,Sky,rick,phasic,0.2127,1788393786.1305358,617.6,0.0002
2026-09-02T19:13:24,1788394403.8,Sky,rick,tonic,0.5702,1788393825.5929694,578.2,0.5181
2026-09-02T19:13:24,1788394403.8,Sky,rick,valence_ema,0.5942,1788393786.0449677,617.7,0.5749
2026-09-02T19:13:34,1788394414.4,Sky,rick,novelty_spent,0.2221,1788393786.1311488,628.2,0.176
2026-09-02T19:13:34,1788394414.4,Sky,rick,phasic,0.2127,1788393786.1305358,628.2,0.0002
2026-09-02T19:13:34,1788394414.4,Sky,rick,tonic,0.5702,1788393825.5929694,588.8,0.5173
2026-09-02T19:13:34,1788394414.4,Sky,rick,valence_ema,0.5942,1788393786.0449677,628.3,0.5746
2026-09-02T19:13:45,1788394425.0,Sky,rick,novelty_spent,0.2221,1788393786.1311488,638.8,0.1753
2026-09-02T19:13:45,1788394425.0,Sky,rick,phasic,0.2127,1788393786.1305358,638.8,0.0002
2026-09-02T19:13:45,1788394425.0,Sky,rick,tonic,0.5702,1788393825.5929694,599.4,0.5164
2026-09-02T19:13:45,1788394425.0,Sky,rick,valence_ema,0.5942,1788393786.0449677,638.9,0.5744
2026-09-02T19:13:55,1788394435.7,Sky,rick,novelty_spent,0.2221,1788393786.1311488,649.5,0.1746
2026-09-02T19:13:55,1788394435.7,Sky,rick,phasic,0.2127,1788393786.1305358,649.5,0.0002
2026-09-02T19:13:55,1788394435.7,Sky,rick,tonic,0.5702,1788393825.5929694,610.1,0.5156
2026-09-02T19:13:56,1788394435.7,Sky,rick,valence_ema,0.5942,1788393786.0449677,649.6,0.5741
2026-09-02T19:14:06,1788394446.3,Sky,rick,novelty_spent,0.2221,1788393786.1311488,660.2,0.1739
2026-09-02T19:14:06,1788394446.3,Sky,rick,phasic,0.2127,1788393786.1305358,660.2,0.0001
2026-09-02T19:14:06,1788394446.3,Sky,rick,tonic,0.5702,1788393825.5929694,620.7,0.5147
2026-09-02T19:14:06,1788394446.3,Sky,rick,valence_ema,0.5942,1788393786.0449677,660.2,0.5738
2026-09-02T19:14:16,1788394456.9,Sky,rick,novelty_spent,0.2221,1788393786.1311488,670.8,0.1732
2026-09-02T19:14:17,1788394456.9,Sky,rick,phasic,0.2127,1788393786.1305358,670.8,0.0001
2026-09-02T19:14:17,1788394456.9,Sky,rick,tonic,0.5702,1788393825.5929694,631.3,0.5139
2026-09-02T19:14:17,1788394456.9,Sky,rick,valence_ema,0.5942,1788393786.0449677,670.8,0.5735
2026-09-02T19:14:27,1788394467.5,Sky,rick,novelty_spent,0.2221,1788393786.1311488,681.3,0.1726
2026-09-02T19:14:27,1788394467.5,Sky,rick,phasic,0.2127,1788393786.1305358,681.3,0.0001
2026-09-02T19:14:27,1788394467.5,Sky,rick,tonic,0.5702,1788393825.5929694,641.9,0.513
2026-09-02T19:14:27,1788394467.5,Sky,rick,valence_ema,0.5942,1788393786.0449677,681.4,0.5732
2026-09-02T19:14:38,1788394478.1,Sky,rick,novelty_spent,0.2221,1788393786.1311488,692.0,0.1719
2026-09-02T19:14:38,1788394478.1,Sky,rick,phasic,0.2127,1788393786.1305358,692.0,0.0001
2026-09-02T19:14:38,1788394478.1,Sky,rick,tonic,0.5702,1788393825.5929694,652.5,0.5122
2026-09-02T19:14:38,1788394478.1,Sky,rick,valence_ema,0.5942,1788393786.0449677,692.0,0.5729
2026-09-02T19:14:48,1788394488.7,Sky,rick,novelty_spent,0.2221,1788393786.1311488,702.6,0.1712
2026-09-02T19:14:48,1788394488.7,Sky,rick,phasic,0.2127,1788393786.1305358,702.6,0.0001
2026-09-02T19:14:49,1788394488.7,Sky,rick,tonic,0.5702,1788393825.5929694,663.1,0.5114
2026-09-02T19:14:49,1788394488.7,Sky,rick,valence_ema,0.5942,1788393786.0449677,702.7,0.5726
2026-09-02T19:14:59,1788394499.3,Sky,rick,novelty_spent,0.2221,1788393786.1311488,713.2,0.1705
2026-09-02T19:14:59,1788394499.3,Sky,rick,phasic,0.2127,1788393786.1305358,713.2,0.0001
2026-09-02T19:14:59,1788394499.3,Sky,rick,tonic,0.5702,1788393825.5929694,673.7,0.5105
2026-09-02T19:14:59,1788394499.3,Sky,rick,valence_ema,0.5942,1788393786.0449677,713.3,0.5723
2026-09-02T19:15:09,1788394509.9,Sky,rick,novelty_spent,0.2221,1788393786.1311488,723.7,0.1699
2026-09-02T19:15:10,1788394509.9,Sky,rick,phasic,0.2127,1788393786.1305358,723.7,0.0001
2026-09-02T19:15:10,1788394509.9,Sky,rick,tonic,0.5702,1788393825.5929694,684.3,0.5097
2026-09-02T19:15:10,1788394509.9,Sky,rick,valence_ema,0.5942,1788393786.0449677,723.8,0.572
2026-09-02T19:15:20,1788394520.5,Sky,rick,novelty_spent,0.2221,1788393786.1311488,734.3,0.1692
2026-09-02T19:15:20,1788394520.5,Sky,rick,phasic,0.2127,1788393786.1305358,734.3,0.0001
2026-09-02T19:15:20,1788394520.5,Sky,rick,tonic,0.5702,1788393825.5929694,694.9,0.5089
2026-09-02T19:15:20,1788394520.5,Sky,rick,valence_ema,0.5942,1788393786.0449677,734.4,0.5718
2026-09-02T19:15:31,1788394531.2,Sky,rick,novelty_spent,0.2221,1788393786.1311488,745.0,0.1685
2026-09-02T19:15:31,1788394531.2,Sky,rick,phasic,0.2127,1788393786.1305358,745.0,0.0001
2026-09-02T19:15:31,1788394531.2,Sky,rick,tonic,0.5702,1788393825.5929694,705.6,0.5081
2026-09-02T19:15:31,1788394531.2,Sky,rick,valence_ema,0.5942,1788393786.0449677,745.1,0.5715
2026-09-02T19:15:41,1788394541.8,Sky,rick,novelty_spent,0.2221,1788393786.1311488,755.7,0.1679
2026-09-02T19:15:42,1788394541.8,Sky,rick,phasic,0.2127,1788393786.1305358,755.7,0.0
2026-09-02T19:15:42,1788394541.8,Sky,rick,tonic,0.5702,1788393825.5929694,716.2,0.5072
2026-09-02T19:15:42,1788394541.8,Sky,rick,valence_ema,0.5942,1788393786.0449677,755.8,0.5712
2026-09-02T19:15:52,1788394552.5,Sky,rick,novelty_spent,0.2221,1788393786.1311488,766.3,0.1672
2026-09-02T19:15:52,1788394552.5,Sky,rick,phasic,0.2127,1788393786.1305358,766.3,0.0
2026-09-02T19:15:52,1788394552.5,Sky,rick,tonic,0.5471,1788394543.2358308,9.2,0.5463
2026-09-02T19:15:52,1788394552.5,Sky,rick,valence_ema,0.5942,1788393786.0449677,766.4,0.5709
2026-09-02T19:16:03,1788394563.1,Sky,rick,novelty_spent,0.2221,1788393786.1311488,776.9,0.1666
2026-09-02T19:16:03,1788394563.1,Sky,rick,phasic,0.2127,1788393786.1305358,776.9,0.0
2026-09-02T19:16:03,1788394563.1,Sky,rick,tonic,0.5471,1788394543.2358308,19.8,0.5453
2026-09-02T19:16:03,1788394563.1,Sky,rick,valence_ema,0.5942,1788393786.0449677,777.0,0.5706
2026-09-02T19:16:13,1788394573.6,Sky,rick,novelty_spent,0.2221,1788393786.1311488,787.5,0.1659
2026-09-02T19:16:13,1788394573.6,Sky,rick,phasic,0.2127,1788393786.1305358,787.5,0.0
2026-09-02T19:16:13,1788394573.6,Sky,rick,tonic,0.5471,1788394543.2358308,30.4,0.5443
2026-09-02T19:16:14,1788394573.6,Sky,rick,valence_ema,0.5942,1788393786.0449677,787.6,0.5704
2026-09-02T19:16:24,1788394584.2,Sky,rick,novelty_spent,0.2221,1788393786.1311488,798.1,0.1653
2026-09-02T19:16:24,1788394584.2,Sky,rick,phasic,0.2127,1788393786.1305358,798.1,0.0
2026-09-02T19:16:24,1788394584.2,Sky,rick,tonic,0.5471,1788394543.2358308,41.0,0.5434
2026-09-02T19:16:24,1788394584.2,Sky,rick,valence_ema,0.5942,1788393786.0449677,798.2,0.5701
2026-09-02T19:16:34,1788394594.8,Sky,rick,novelty_spent,0.2221,1788393786.1311488,808.7,0.1646
2026-09-02T19:16:35,1788394594.8,Sky,rick,phasic,0.2127,1788393786.1305358,808.7,0.0
2026-09-02T19:16:35,1788394594.8,Sky,rick,tonic,0.5471,1788394543.2358308,51.6,0.5424
2026-09-02T19:16:35,1788394594.8,Sky,rick,valence_ema,0.5942,1788393786.0449677,808.8,0.5698
2026-09-02T19:16:45,1788394605.4,Sky,rick,novelty_spent,0.2221,1788393786.1311488,819.3,0.164
2026-09-02T19:16:45,1788394605.4,Sky,rick,phasic,0.2127,1788393786.1305358,819.3,0.0
2026-09-02T19:16:45,1788394605.4,Sky,rick,tonic,0.5471,1788394543.2358308,62.2,0.5415
2026-09-02T19:16:45,1788394605.4,Sky,rick,valence_ema,0.5942,1788393786.0449677,819.4,0.5695
2026-09-02T19:16:56,1788394616.0,Sky,rick,novelty_spent,0.2221,1788393786.1311488,829.9,0.1633
2026-09-02T19:16:56,1788394616.0,Sky,rick,phasic,0.2127,1788393786.1305358,829.9,0.0
2026-09-02T19:16:56,1788394616.0,Sky,rick,tonic,0.5471,1788394543.2358308,72.8,0.5405
2026-09-02T19:16:56,1788394616.0,Sky,rick,valence_ema,0.5942,1788393786.0449677,830.0,0.5693
2026-09-02T19:17:06,1788394626.7,Sky,rick,novelty_spent,0.2221,1788393786.1311488,840.6,0.1627
2026-09-02T19:17:06,1788394626.7,Sky,rick,phasic,0.2127,1788393786.1305358,840.6,0.0
2026-09-02T19:17:07,1788394626.7,Sky,rick,tonic,0.5471,1788394543.2358308,83.5,0.5396
2026-09-02T19:17:07,1788394626.7,Sky,rick,valence_ema,0.5942,1788393786.0449677,840.7,0.569
2026-09-02T19:17:17,1788394637.4,Sky,rick,novelty_spent,0.2221,1788393786.1311488,851.3,0.162
2026-09-02T19:17:17,1788394637.4,Sky,rick,phasic,0.2127,1788393786.1305358,851.3,0.0
2026-09-02T19:17:17,1788394637.4,Sky,rick,tonic,0.5471,1788394543.2358308,94.2,0.5386
2026-09-02T19:17:17,1788394637.4,Sky,rick,valence_ema,0.5942,1788393786.0449677,851.4,0.5687
2026-09-02T19:17:28,1788394648.2,Sky,rick,novelty_spent,0.2221,1788393786.1311488,862.0,0.1614
2026-09-02T19:17:28,1788394648.2,Sky,rick,phasic,0.2127,1788393786.1305358,862.0,0.0
2026-09-02T19:17:28,1788394648.2,Sky,rick,tonic,0.5471,1788394543.2358308,104.9,0.5377
2026-09-02T19:17:28,1788394648.2,Sky,rick,valence_ema,0.5942,1788393786.0449677,862.1,0.5685
2026-09-02T19:17:38,1788394658.8,Sky,rick,novelty_spent,0.2221,1788393786.1311488,872.7,0.1608
2026-09-02T19:17:39,1788394658.8,Sky,rick,phasic,0.2127,1788393786.1305358,872.7,0.0
2026-09-02T19:17:39,1788394658.8,Sky,rick,tonic,0.5471,1788394543.2358308,115.6,0.5367
2026-09-02T19:17:39,1788394658.8,Sky,rick,valence_ema,0.5942,1788393786.0449677,872.8,0.5682
2026-09-02T19:17:49,1788394669.5,Sky,rick,novelty_spent,0.2221,1788393786.1311488,883.4,0.1601
2026-09-02T19:17:49,1788394669.5,Sky,rick,phasic,0.2127,1788393786.1305358,883.4,0.0
2026-09-02T19:17:49,1788394669.5,Sky,rick,tonic,0.5471,1788394543.2358308,126.3,0.5358
2026-09-02T19:17:49,1788394669.5,Sky,rick,valence_ema,0.5942,1788393786.0449677,883.5,0.5679
2026-09-02T19:18:00,1788394680.2,Sky,rick,novelty_spent,0.2221,1788393786.1311488,894.0,0.1595
2026-09-02T19:18:00,1788394680.2,Sky,rick,phasic,0.2127,1788393786.1305358,894.0,0.0
2026-09-02T19:18:00,1788394680.2,Sky,rick,tonic,0.5471,1788394543.2358308,136.9,0.5349
2026-09-02T19:18:00,1788394680.2,Sky,rick,valence_ema,0.5942,1788393786.0449677,894.1,0.5676
2026-09-02T19:18:10,1788394690.8,Sky,rick,novelty_spent,0.2221,1788393786.1311488,904.7,0.1589
2026-09-02T19:18:11,1788394690.8,Sky,rick,phasic,0.2127,1788393786.1305358,904.7,0.0
2026-09-02T19:18:11,1788394690.8,Sky,rick,tonic,0.5471,1788394543.2358308,147.6,0.534
2026-09-02T19:18:11,1788394690.8,Sky,rick,valence_ema,0.5942,1788393786.0449677,904.8,0.5674
2026-09-02T19:18:21,1788394701.4,Sky,rick,novelty_spent,0.2221,1788393786.1311488,915.3,0.1582
2026-09-02T19:18:21,1788394701.4,Sky,rick,phasic,0.2127,1788393786.1305358,915.3,0.0
2026-09-02T19:18:21,1788394701.4,Sky,rick,tonic,0.5471,1788394543.2358308,158.2,0.533
2026-09-02T19:18:21,1788394701.4,Sky,rick,valence_ema,0.5942,1788393786.0449677,915.4,0.5671
2026-09-02T19:18:32,1788394712.0,Sky,rick,novelty_spent,0.2221,1788393786.1311488,925.8,0.1576
2026-09-02T19:18:32,1788394712.0,Sky,rick,phasic,0.2127,1788393786.1305358,925.8,0.0
2026-09-02T19:18:32,1788394712.0,Sky,rick,tonic,0.5471,1788394543.2358308,168.7,0.5321
2026-09-02T19:18:32,1788394712.0,Sky,rick,valence_ema,0.5942,1788393786.0449677,925.9,0.5669
2026-09-02T19:18:42,1788394722.6,Sky,rick,novelty_spent,0.2221,1788393786.1311488,936.5,0.157
2026-09-02T19:18:42,1788394722.6,Sky,rick,phasic,0.2127,1788393786.1305358,936.5,0.0
2026-09-02T19:18:43,1788394722.6,Sky,rick,tonic,0.5471,1788394543.2358308,179.4,0.5312
2026-09-02T19:18:43,1788394722.6,Sky,rick,valence_ema,0.5942,1788393786.0449677,936.6,0.5666
2026-09-02T19:18:53,1788394733.3,Sky,rick,novelty_spent,0.2221,1788393786.1311488,947.1,0.1564
2026-09-02T19:18:53,1788394733.3,Sky,rick,phasic,0.2127,1788393786.1305358,947.1,0.0
2026-09-02T19:18:53,1788394733.3,Sky,rick,tonic,0.5471,1788394543.2358308,190.0,0.5303
2026-09-02T19:18:53,1788394733.3,Sky,rick,valence_ema,0.5942,1788393786.0449677,947.2,0.5663
2026-09-02T19:19:04,1788394744.0,Sky,rick,novelty_spent,0.2221,1788393786.1311488,957.9,0.1558
2026-09-02T19:19:04,1788394744.0,Sky,rick,phasic,0.2127,1788393786.1305358,957.9,0.0
2026-09-02T19:19:04,1788394744.0,Sky,rick,tonic,0.5471,1788394543.2358308,200.8,0.5294
2026-09-02T19:19:04,1788394744.0,Sky,rick,valence_ema,0.5942,1788393786.0449677,958.0,0.5661
2026-09-02T19:19:14,1788394754.7,Sky,rick,novelty_spent,0.2221,1788393786.1311488,968.6,0.1551
2026-09-02T19:19:14,1788394754.7,Sky,rick,phasic,0.2127,1788393786.1305358,968.6,0.0
2026-09-02T19:19:15,1788394754.7,Sky,rick,tonic,0.5471,1788394543.2358308,211.5,0.5285
2026-09-02T19:19:15,1788394754.7,Sky,rick,valence_ema,0.5942,1788393786.0449677,968.7,0.5658
2026-09-02T19:19:25,1788394765.3,Sky,rick,novelty_spent,0.2221,1788393786.1311488,979.2,0.1545
2026-09-02T19:19:25,1788394765.3,Sky,rick,phasic,0.2127,1788393786.1305358,979.2,0.0
2026-09-02T19:19:25,1788394765.3,Sky,rick,tonic,0.5471,1788394543.2358308,222.1,0.5276
2026-09-02T19:19:25,1788394765.3,Sky,rick,valence_ema,0.5942,1788393786.0449677,979.3,0.5655
2026-09-02T19:19:36,1788394775.9,Sky,rick,novelty_spent,0.2221,1788393786.1311488,989.8,0.1539
2026-09-02T19:19:36,1788394775.9,Sky,rick,phasic,0.2127,1788393786.1305358,989.8,0.0
2026-09-02T19:19:36,1788394775.9,Sky,rick,tonic,0.5471,1788394543.2358308,232.7,0.5267
2026-09-02T19:19:36,1788394775.9,Sky,rick,valence_ema,0.5942,1788393786.0449677,989.9,0.5653
2026-09-02T19:19:46,1788394786.5,Sky,rick,novelty_spent,0.2221,1788393786.1311488,1000.4,0.1533
2026-09-02T19:19:46,1788394786.5,Sky,rick,phasic,0.2127,1788393786.1305358,1000.4,0.0
2026-09-02T19:19:46,1788394786.5,Sky,rick,tonic,0.5471,1788394543.2358308,243.3,0.5258
2026-09-02T19:19:46,1788394786.5,Sky,rick,valence_ema,0.5942,1788393786.0449677,1000.5,0.565
2026-09-02T19:19:57,1788394797.1,Sky,rick,novelty_spent,0.2221,1788393786.1311488,1011.0,0.1527
2026-09-02T19:19:57,1788394797.1,Sky,rick,phasic,0.2127,1788393786.1305358,1011.0,0.0
2026-09-02T19:19:57,1788394797.1,Sky,rick,tonic,0.5471,1788394543.2358308,253.9,0.5249
2026-09-02T19:19:57,1788394797.1,Sky,rick,valence_ema,0.5942,1788393786.0449677,1011.1,0.5648
2026-09-02T19:20:07,1788394807.7,Sky,rick,novelty_spent,0.2221,1788393786.1311488,1021.6,0.1521
2026-09-02T19:20:07,1788394807.7,Sky,rick,phasic,0.2127,1788393786.1305358,1021.6,0.0
2026-09-02T19:20:08,1788394807.7,Sky,rick,tonic,0.5471,1788394543.2358308,264.5,0.524
2026-09-02T19:20:08,1788394807.7,Sky,rick,valence_ema,0.5942,1788393786.0449677,1021.7,0.5645
2026-09-02T19:20:18,1788394818.4,Sky,rick,novelty_spent,0.2221,1788393786.1311488,1032.3,0.1515
2026-09-02T19:20:18,1788394818.4,Sky,rick,phasic,0.2127,1788393786.1305358,1032.3,0.0
2026-09-02T19:20:18,1788394818.4,Sky,rick,tonic,0.5471,1788394543.2358308,275.2,0.5232
2026-09-02T19:20:18,1788394818.4,Sky,rick,valence_ema,0.5942,1788393786.0449677,1032.4,0.5643
2026-09-02T19:20:29,1788394829.1,Sky,rick,novelty_spent,0.2221,1788393786.1311488,1042.9,0.1509
2026-09-02T19:20:29,1788394829.1,Sky,rick,phasic,0.2127,1788393786.1305358,1043.0,0.0
2026-09-02T19:20:29,1788394829.1,Sky,rick,tonic,0.5471,1788394543.2358308,285.8,0.5223
2026-09-02T19:20:29,1788394829.1,Sky,rick,valence_ema,0.5942,1788393786.0449677,1043.0,0.564
2026-09-02T19:20:40,1788394839.8,Sky,rick,novelty_spent,0.2221,1788393786.1311488,1053.7,0.1503
2026-09-02T19:20:40,1788394839.8,Sky,rick,phasic,0.2127,1788393786.1305358,1053.7,0.0
2026-09-02T19:20:40,1788394839.8,Sky,rick,tonic,0.5471,1788394543.2358308,296.6,0.5214
2026-09-02T19:20:40,1788394839.8,Sky,rick,valence_ema,0.5942,1788393786.0449677,1053.8,0.5638
2026-09-02T19:20:50,1788394850.7,Sky,rick,novelty_spent,0.2221,1788393786.1311488,1064.5,0.1497
2026-09-02T19:20:50,1788394850.7,Sky,rick,phasic,0.2127,1788393786.1305358,1064.5,0.0
2026-09-02T19:20:51,1788394850.7,Sky,rick,tonic,0.5471,1788394543.2358308,307.4,0.5205
2026-09-02T19:20:51,1788394850.7,Sky,rick,valence_ema,0.5942,1788393786.0449677,1064.6,0.5635
2026-09-02T19:21:01,1788394861.3,Sky,rick,novelty_spent,0.2221,1788393786.1311488,1075.1,0.1491
2026-09-02T19:21:01,1788394861.3,Sky,rick,phasic,0.2127,1788393786.1305358,1075.1,0.0
2026-09-02T19:21:01,1788394861.3,Sky,rick,tonic,0.5471,1788394543.2358308,318.0,0.5196
2026-09-02T19:21:01,1788394861.3,Sky,rick,valence_ema,0.5942,1788393786.0449677,1075.2,0.5633
2026-09-02T19:21:11,1788394871.8,Sky,rick,novelty_spent,0.2221,1788393786.1311488,1085.7,0.1486
2026-09-02T19:21:12,1788394871.8,Sky,rick,phasic,0.2127,1788393786.1305358,1085.7,0.0
2026-09-02T19:21:12,1788394871.8,Sky,rick,tonic,0.5471,1788394543.2358308,328.6,0.5188
2026-09-02T19:21:12,1788394871.8,Sky,rick,valence_ema,0.5942,1788393786.0449677,1085.8,0.563
2026-09-02T19:21:22,1788394882.5,Sky,rick,novelty_spent,0.2221,1788393786.1311488,1096.3,0.148
2026-09-02T19:21:22,1788394882.5,Sky,rick,phasic,0.2127,1788393786.1305358,1096.3,0.0
2026-09-02T19:21:22,1788394882.5,Sky,rick,tonic,0.5471,1788394543.2358308,339.2,0.5179
2026-09-02T19:21:22,1788394882.5,Sky,rick,valence_ema,0.5942,1788393786.0449677,1096.4,0.5628
2026-09-02T19:21:33,1788394893.1,Sky,rick,novelty_spent,0.2221,1788393786.1311488,1107.0,0.1474
2026-09-02T19:21:33,1788394893.1,Sky,rick,phasic,0.2127,1788393786.1305358,1107.0,0.0
2026-09-02T19:21:33,1788394893.1,Sky,rick,tonic,0.5471,1788394543.2358308,349.9,0.5171
2026-09-02T19:21:33,1788394893.1,Sky,rick,valence_ema,0.5942,1788393786.0449677,1107.1,0.5625
2026-09-02T19:21:43,1788394903.7,Sky,rick,novelty_spent,0.2221,1788393786.1311488,1117.5,0.1468
2026-09-02T19:21:43,1788394903.7,Sky,rick,phasic,0.2127,1788393786.1305358,1117.5,0.0
2026-09-02T19:21:44,1788394903.7,Sky,rick,tonic,0.5471,1788394543.2358308,360.4,0.5162
2026-09-02T19:21:44,1788394903.7,Sky,rick,valence_ema,0.5942,1788393786.0449677,1117.6,0.5623
2026-09-02T19:21:54,1788394914.3,Sky,rick,novelty_spent,0.2221,1788393786.1311488,1128.1,0.1462
2026-09-02T19:21:54,1788394914.3,Sky,rick,phasic,0.2127,1788393786.1305358,1128.1,0.0
2026-09-02T19:21:54,1788394914.3,Sky,rick,tonic,0.5471,1788394543.2358308,371.0,0.5154
2026-09-02T19:21:54,1788394914.3,Sky,rick,valence_ema,0.5942,1788393786.0449677,1128.2,0.562
2026-09-02T19:22:04,1788394924.9,Sky,rick,novelty_spent,0.2221,1788393786.1311488,1138.7,0.1457
2026-09-02T19:22:05,1788394924.9,Sky,rick,phasic,0.2127,1788393786.1305358,1138.7,0.0
2026-09-02T19:22:05,1788394924.9,Sky,rick,tonic,0.5471,1788394543.2358308,381.6,0.5145
2026-09-02T19:22:05,1788394924.9,Sky,rick,valence_ema,0.5942,1788393786.0449677,1138.8,0.5618
2026-09-02T19:22:15,1788394935.5,Sky,rick,novelty_spent,0.2221,1788393786.1311488,1149.3,0.1451
2026-09-02T19:22:15,1788394935.5,Sky,rick,phasic,0.2127,1788393786.1305358,1149.3,0.0
2026-09-02T19:22:15,1788394935.5,Sky,rick,tonic,0.5471,1788394543.2358308,392.2,0.5137
2026-09-02T19:22:15,1788394935.5,Sky,rick,valence_ema,0.5942,1788393786.0449677,1149.4,0.5615
2026-09-02T19:22:26,1788394946.1,Sky,rick,novelty_spent,0.2221,1788393786.1311488,1160.0,0.1445
2026-09-02T19:22:26,1788394946.1,Sky,rick,phasic,0.2127,1788393786.1305358,1160.0,0.0
2026-09-02T19:22:26,1788394946.1,Sky,rick,tonic,0.5471,1788394543.2358308,402.9,0.5128
2026-09-02T19:22:26,1788394946.1,Sky,rick,valence_ema,0.5942,1788393786.0449677,1160.1,0.5613
2026-09-02T19:22:36,1788394956.8,Sky,rick,novelty_spent,0.2221,1788393786.1311488,1170.6,0.144
2026-09-02T19:22:37,1788394956.8,Sky,rick,phasic,0.2127,1788393786.1305358,1170.6,0.0
2026-09-02T19:22:37,1788394956.8,Sky,rick,tonic,0.5471,1788394543.2358308,413.5,0.512
2026-09-02T19:22:37,1788394956.8,Sky,rick,valence_ema,0.5942,1788393786.0449677,1170.7,0.5611
2026-09-02T19:22:47,1788394967.4,Sky,rick,novelty_spent,0.2221,1788393786.1311488,1181.3,0.1434
2026-09-02T19:22:47,1788394967.4,Sky,rick,phasic,0.2127,1788393786.1305358,1181.3,0.0
2026-09-02T19:22:47,1788394967.4,Sky,rick,tonic,0.5471,1788394543.2358308,424.1,0.5112
2026-09-02T19:22:47,1788394967.4,Sky,rick,valence_ema,0.5942,1788393786.0449677,1181.3,0.5608
2026-09-02T19:22:58,1788394978.1,Sky,rick,novelty_spent,0.2221,1788393786.1311488,1192.0,0.1428
2026-09-02T19:22:58,1788394978.1,Sky,rick,phasic,0.2127,1788393786.1305358,1192.0,0.0
2026-09-02T19:22:58,1788394978.1,Sky,rick,tonic,0.5471,1788394543.2358308,434.9,0.5103
2026-09-02T19:22:58,1788394978.1,Sky,rick,valence_ema,0.5942,1788393786.0449677,1192.1,0.5606
2026-09-02T19:23:08,1788394988.8,Sky,rick,novelty_spent,0.2221,1788393786.1311488,1202.6,0.1423
2026-09-02T19:23:08,1788394988.8,Sky,rick,phasic,0.2127,1788393786.1305358,1202.6,0.0
2026-09-02T19:23:09,1788394988.8,Sky,rick,tonic,0.5471,1788394543.2358308,445.5,0.5095
2026-09-02T19:23:09,1788394988.8,Sky,rick,valence_ema,0.5942,1788393786.0449677,1202.7,0.5603
2026-09-02T19:23:19,1788394999.3,Sky,rick,novelty_spent,0.2221,1788393786.1311488,1213.2,0.1417
2026-09-02T19:23:19,1788394999.3,Sky,rick,phasic,0.2127,1788393786.1305358,1213.2,0.0
2026-09-02T19:23:19,1788394999.3,Sky,rick,tonic,0.5471,1788394543.2358308,456.1,0.5087
2026-09-02T19:23:19,1788394999.3,Sky,rick,valence_ema,0.5942,1788393786.0449677,1213.3,0.5601
2026-09-02T19:23:30,1788395009.9,Sky,rick,novelty_spent,0.2221,1788393786.1311488,1223.8,0.1412
2026-09-02T19:23:30,1788395009.9,Sky,rick,phasic,0.2127,1788393786.1305358,1223.8,0.0
2026-09-02T19:23:30,1788395009.9,Sky,rick,tonic,0.5471,1788394543.2358308,466.7,0.5079
2026-09-02T19:23:30,1788395009.9,Sky,rick,valence_ema,0.5942,1788393786.0449677,1223.9,0.5599
2026-09-02T19:23:40,1788395020.5,Sky,rick,novelty_spent,0.2221,1788393786.1311488,1234.3,0.1406
2026-09-02T19:23:40,1788395020.5,Sky,rick,phasic,0.2127,1788393786.1305358,1234.3,0.0
2026-09-02T19:23:40,1788395020.5,Sky,rick,tonic,0.5471,1788394543.2358308,477.2,0.5071
2026-09-02T19:23:40,1788395020.5,Sky,rick,valence_ema,0.5942,1788393786.0449677,1234.4,0.5596
2026-09-02T19:23:51,1788395031.1,Sky,rick,novelty_spent,0.2221,1788393786.1311488,1245.0,0.1401
2026-09-02T19:23:51,1788395031.1,Sky,rick,phasic,0.2127,1788393786.1305358,1245.0,0.0
2026-09-02T19:23:51,1788395031.1,Sky,rick,tonic,0.5471,1788394543.2358308,487.9,0.5063
2026-09-02T19:23:51,1788395031.1,Sky,rick,valence_ema,0.5942,1788393786.0449677,1245.1,0.5594
2026-09-02T19:24:01,1788395041.7,Sky,rick,novelty_spent,0.2221,1788393786.1311488,1255.6,0.1395
2026-09-02T19:24:02,1788395041.7,Sky,rick,phasic,0.2127,1788393786.1305358,1255.6,0.0
2026-09-02T19:24:02,1788395041.7,Sky,rick,tonic,0.5471,1788394543.2358308,498.5,0.5054
2026-09-02T19:24:02,1788395041.7,Sky,rick,valence_ema,0.5942,1788393786.0449677,1255.7,0.5592
2026-09-02T19:24:12,1788395052.4,Sky,rick,novelty_spent,0.2221,1788393786.1311488,1266.3,0.139
2026-09-02T19:24:12,1788395052.4,Sky,rick,phasic,0.2127,1788393786.1305358,1266.3,0.0
2026-09-02T19:24:12,1788395052.4,Sky,rick,tonic,0.5471,1788394543.2358308,509.2,0.5046
2026-09-02T19:24:12,1788395052.4,Sky,rick,valence_ema,0.5942,1788393786.0449677,1266.4,0.5589
2026-09-02T19:24:23,1788395063.2,Sky,rick,novelty_spent,0.2221,1788393786.1311488,1277.0,0.1384
2026-09-02T19:24:23,1788395063.2,Sky,rick,phasic,0.2127,1788393786.1305358,1277.1,0.0
2026-09-02T19:24:23,1788395063.2,Sky,rick,tonic,0.5471,1788394543.2358308,519.9,0.5038
2026-09-02T19:24:23,1788395063.2,Sky,rick,valence_ema,0.5942,1788393786.0449677,1277.1,0.5587
2026-09-02T19:24:33,1788395073.8,Sky,rick,novelty_spent,0.2221,1788393786.1311488,1287.7,0.1379
2026-09-02T19:24:34,1788395073.8,Sky,rick,phasic,0.2127,1788393786.1305358,1287.7,0.0
2026-09-02T19:24:34,1788395073.8,Sky,rick,tonic,0.5471,1788394543.2358308,530.6,0.503
2026-09-02T19:24:34,1788395073.8,Sky,rick,valence_ema,0.5942,1788393786.0449677,1287.8,0.5585
2026-09-02T19:24:44,1788395084.4,Sky,rick,novelty_spent,0.2221,1788393786.1311488,1298.3,0.1373
2026-09-02T19:24:44,1788395084.4,Sky,rick,phasic,0.2127,1788393786.1305358,1298.3,0.0
2026-09-02T19:24:44,1788395084.4,Sky,rick,tonic,0.5471,1788394543.2358308,541.2,0.5022
2026-09-02T19:24:44,1788395084.4,Sky,rick,valence_ema,0.5942,1788393786.0449677,1298.4,0.5582
2026-09-02T19:24:55,1788395095.1,Sky,rick,novelty_spent,0.2221,1788393786.1311488,1309.0,0.1368
2026-09-02T19:24:55,1788395095.1,Sky,rick,phasic,0.2127,1788393786.1305358,1309.0,0.0
2026-09-02T19:24:55,1788395095.1,Sky,rick,tonic,0.5471,1788394543.2358308,551.9,0.5014
2026-09-02T19:24:55,1788395095.1,Sky,rick,valence_ema,0.5942,1788393786.0449677,1309.1,0.558
2026-09-02T19:25:05,1788395105.8,Sky,rick,novelty_spent,0.2221,1788393786.1311488,1319.7,0.1362
2026-09-02T19:25:06,1788395105.8,Sky,rick,phasic,0.2127,1788393786.1305358,1319.7,0.0
2026-09-02T19:25:06,1788395105.8,Sky,rick,tonic,0.5471,1788394543.2358308,562.6,0.5006
2026-09-02T19:25:06,1788395105.8,Sky,rick,valence_ema,0.5942,1788393786.0449677,1319.8,0.5578
2026-09-02T19:25:16,1788395116.4,Sky,rick,novelty_spent,0.2221,1788393786.1311488,1330.3,0.1357
2026-09-02T19:25:16,1788395116.4,Sky,rick,phasic,0.2127,1788393786.1305358,1330.3,0.0
2026-09-02T19:25:16,1788395116.4,Sky,rick,tonic,0.5471,1788394543.2358308,573.2,0.4998
2026-09-02T19:25:16,1788395116.4,Sky,rick,valence_ema,0.5942,1788393786.0449677,1330.4,0.5576
2026-09-02T19:25:27,1788395127.1,Sky,rick,novelty_spent,0.2221,1788393786.1311488,1341.0,0.1352
2026-09-02T19:25:27,1788395127.1,Sky,rick,phasic,0.2127,1788393786.1305358,1341.0,0.0
2026-09-02T19:25:27,1788395127.1,Sky,rick,tonic,0.5471,1788394543.2358308,583.9,0.499
2026-09-02T19:25:27,1788395127.1,Sky,rick,valence_ema,0.5942,1788393786.0449677,1341.1,0.5573
2026-09-02T19:25:37,1788395137.7,Sky,rick,novelty_spent,0.2221,1788393786.1311488,1351.6,0.1346
2026-09-02T19:25:37,1788395137.7,Sky,rick,phasic,0.2127,1788393786.1305358,1351.6,0.0
2026-09-02T19:25:38,1788395137.7,Sky,rick,tonic,0.5471,1788394543.2358308,594.5,0.4983
2026-09-02T19:25:38,1788395137.7,Sky,rick,valence_ema,0.5942,1788393786.0449677,1351.7,0.5571
2026-09-02T19:25:48,1788395148.4,Sky,rick,novelty_spent,0.2221,1788393786.1311488,1362.3,0.1341
2026-09-02T19:25:48,1788395148.4,Sky,rick,phasic,0.2127,1788393786.1305358,1362.3,0.0
2026-09-02T19:25:48,1788395148.4,Sky,rick,tonic,0.5471,1788394543.2358308,605.2,0.4975
2026-09-02T19:25:48,1788395148.4,Sky,rick,valence_ema,0.5942,1788393786.0449677,1362.4,0.5569
2026-09-02T19:25:59,1788395159.2,Sky,rick,novelty_spent,0.2221,1788393786.1311488,1373.0,0.1336
2026-09-02T19:25:59,1788395159.2,Sky,rick,phasic,0.2127,1788393786.1305358,1373.0,0.0
2026-09-02T19:25:59,1788395159.2,Sky,rick,tonic,0.5471,1788394543.2358308,615.9,0.4967
2026-09-02T19:25:59,1788395159.2,Sky,rick,valence_ema,0.5942,1788393786.0449677,1373.1,0.5566
2026-09-02T19:26:09,1788395169.8,Sky,rick,novelty_spent,0.2221,1788393786.1311488,1383.7,0.133
2026-09-02T19:26:10,1788395169.8,Sky,rick,phasic,0.2127,1788393786.1305358,1383.7,0.0
2026-09-02T19:26:10,1788395169.8,Sky,rick,tonic,0.5471,1788394543.2358308,626.6,0.4959
2026-09-02T19:26:10,1788395169.8,Sky,rick,valence_ema,0.5942,1788393786.0449677,1383.8,0.5564
2026-09-02T19:26:20,1788395180.4,Sky,rick,novelty_spent,0.2221,1788393786.1311488,1394.3,0.1325
2026-09-02T19:26:20,1788395180.4,Sky,rick,phasic,0.2127,1788393786.1305358,1394.3,0.0
2026-09-02T19:26:20,1788395180.4,Sky,rick,tonic,0.5471,1788394543.2358308,637.2,0.4952
2026-09-02T19:26:20,1788395180.4,Sky,rick,valence_ema,0.5942,1788393786.0449677,1394.4,0.5562
2026-09-02T19:26:31,1788395191.0,Sky,rick,novelty_spent,0.2221,1788393786.1311488,1404.9,0.132
2026-09-02T19:26:31,1788395191.0,Sky,rick,phasic,0.2127,1788393786.1305358,1404.9,0.0
2026-09-02T19:26:31,1788395191.0,Sky,rick,tonic,0.5471,1788394543.2358308,647.8,0.4944
2026-09-02T19:26:31,1788395191.0,Sky,rick,valence_ema,0.5942,1788393786.0449677,1404.9,0.556
2026-09-02T19:26:41,1788395201.6,Sky,rick,novelty_spent,0.2221,1788393786.1311488,1415.5,0.1315
2026-09-02T19:26:41,1788395201.6,Sky,rick,phasic,0.2127,1788393786.1305358,1415.5,0.0
2026-09-02T19:26:41,1788395201.6,Sky,rick,tonic,0.5471,1788394543.2358308,658.4,0.4936
2026-09-02T19:26:42,1788395201.6,Sky,rick,valence_ema,0.5942,1788393786.0449677,1415.6,0.5558
2026-09-02T19:26:52,1788395212.2,Sky,rick,novelty_spent,0.2221,1788393786.1311488,1426.1,0.131
2026-09-02T19:26:52,1788395212.2,Sky,rick,phasic,0.2127,1788393786.1305358,1426.1,0.0
2026-09-02T19:26:52,1788395212.2,Sky,rick,tonic,0.5471,1788394543.2358308,669.0,0.4929
2026-09-02T19:26:52,1788395212.2,Sky,rick,valence_ema,0.5942,1788393786.0449677,1426.1,0.5555
2026-09-02T19:27:02,1788395222.8,Sky,rick,novelty_spent,0.2221,1788393786.1311488,1436.7,0.1305
2026-09-02T19:27:03,1788395222.8,Sky,rick,phasic,0.2127,1788393786.1305358,1436.7,0.0
2026-09-02T19:27:03,1788395222.8,Sky,rick,tonic,0.5471,1788394543.2358308,679.6,0.4921
2026-09-02T19:27:03,1788395222.8,Sky,rick,valence_ema,0.5942,1788393786.0449677,1436.7,0.5553
2026-09-02T19:27:13,1788395233.4,Sky,rick,novelty_spent,0.2221,1788393786.1311488,1447.2,0.1299
2026-09-02T19:27:13,1788395233.4,Sky,rick,phasic,0.2127,1788393786.1305358,1447.3,0.0
2026-09-02T19:27:13,1788395233.4,Sky,rick,tonic,0.5471,1788394543.2358308,690.1,0.4914
2026-09-02T19:27:13,1788395233.4,Sky,rick,valence_ema,0.5942,1788393786.0449677,1447.3,0.5551
2026-09-02T19:27:24,1788395243.9,Sky,rick,novelty_spent,0.2221,1788393786.1311488,1457.8,0.1294
2026-09-02T19:27:24,1788395243.9,Sky,rick,phasic,0.2127,1788393786.1305358,1457.8,0.0
2026-09-02T19:27:24,1788395243.9,Sky,rick,tonic,0.5471,1788394543.2358308,700.7,0.4906
2026-09-02T19:27:24,1788395243.9,Sky,rick,valence_ema,0.5942,1788393786.0449677,1457.9,0.5549
2026-09-02T19:27:34,1788395254.5,Sky,rick,novelty_spent,0.2221,1788393786.1311488,1468.4,0.1289
2026-09-02T19:27:34,1788395254.5,Sky,rick,phasic,0.2127,1788393786.1305358,1468.4,0.0
2026-09-02T19:27:34,1788395254.5,Sky,rick,tonic,0.5471,1788394543.2358308,711.3,0.4899
2026-09-02T19:27:35,1788395254.5,Sky,rick,valence_ema,0.5942,1788393786.0449677,1468.5,0.5547
2026-09-02T19:27:45,1788395265.2,Sky,rick,novelty_spent,0.2221,1788393786.1311488,1479.0,0.1284
2026-09-02T19:27:45,1788395265.2,Sky,rick,phasic,0.2127,1788393786.1305358,1479.0,0.0
2026-09-02T19:27:45,1788395265.2,Sky,rick,tonic,0.5471,1788394543.2358308,721.9,0.4891
2026-09-02T19:27:45,1788395265.2,Sky,rick,valence_ema,0.5942,1788393786.0449677,1479.1,0.5545
2026-09-02T19:27:55,1788395275.7,Sky,rick,novelty_spent,0.2221,1788393786.1311488,1489.6,0.1279
2026-09-02T19:27:55,1788395275.7,Sky,rick,phasic,0.2127,1788393786.1305358,1489.6,0.0
2026-09-02T19:27:56,1788395275.7,Sky,rick,tonic,0.5471,1788394543.2358308,732.5,0.4884
2026-09-02T19:27:56,1788395275.7,Sky,rick,valence_ema,0.5942,1788393786.0449677,1489.7,0.5543
2026-09-02T19:28:06,1788395286.3,Sky,rick,novelty_spent,0.2221,1788393786.1311488,1500.2,0.1274
2026-09-02T19:28:06,1788395286.3,Sky,rick,phasic,0.2127,1788393786.1305358,1500.2,0.0
2026-09-02T19:28:06,1788395286.3,Sky,rick,tonic,0.5471,1788394543.2358308,743.1,0.4876
2026-09-02T19:28:06,1788395286.3,Sky,rick,valence_ema,0.5942,1788393786.0449677,1500.3,0.554
2026-09-02T19:28:17,1788395296.9,Sky,rick,novelty_spent,0.2221,1788393786.1311488,1510.8,0.1269
2026-09-02T19:28:17,1788395296.9,Sky,rick,phasic,0.2127,1788393786.1305358,1510.8,0.0
2026-09-02T19:28:17,1788395296.9,Sky,rick,tonic,0.5471,1788394543.2358308,753.7,0.4869
2026-09-02T19:28:17,1788395296.9,Sky,rick,valence_ema,0.5942,1788393786.0449677,1510.9,0.5538
2026-09-02T19:28:27,1788395307.5,Sky,rick,novelty_spent,0.2221,1788393786.1311488,1521.4,0.1264
2026-09-02T19:28:27,1788395307.5,Sky,rick,phasic,0.2127,1788393786.1305358,1521.4,0.0
2026-09-02T19:28:27,1788395307.5,Sky,rick,tonic,0.5471,1788394543.2358308,764.3,0.4862
2026-09-02T19:28:27,1788395307.5,Sky,rick,valence_ema,0.5942,1788393786.0449677,1521.5,0.5536
2026-09-02T19:28:38,1788395318.1,Sky,rick,novelty_spent,0.2221,1788393786.1311488,1532.0,0.1259
2026-09-02T19:28:38,1788395318.1,Sky,rick,phasic,0.2127,1788393786.1305358,1532.0,0.0
2026-09-02T19:28:38,1788395318.1,Sky,rick,tonic,0.5471,1788394543.2358308,774.9,0.4855
2026-09-02T19:28:38,1788395318.1,Sky,rick,valence_ema,0.5942,1788393786.0449677,1532.1,0.5534
2026-09-02T19:28:48,1788395328.7,Sky,rick,novelty_spent,0.2221,1788393786.1311488,1542.5,0.1254
2026-09-02T19:28:48,1788395328.7,Sky,rick,phasic,0.2127,1788393786.1305358,1542.5,0.0
2026-09-02T19:28:49,1788395328.7,Sky,rick,tonic,0.5471,1788394543.2358308,785.4,0.4847
2026-09-02T19:28:49,1788395328.7,Sky,rick,valence_ema,0.5942,1788393786.0449677,1542.6,0.5532
2026-09-02T19:28:59,1788395339.3,Sky,rick,novelty_spent,0.2221,1788393786.1311488,1553.1,0.1249
2026-09-02T19:28:59,1788395339.3,Sky,rick,phasic,0.2127,1788393786.1305358,1553.1,0.0
2026-09-02T19:28:59,1788395339.3,Sky,rick,tonic,0.5471,1788394543.2358308,796.0,0.484
2026-09-02T19:28:59,1788395339.3,Sky,rick,valence_ema,0.5942,1788393786.0449677,1553.2,0.553
2026-09-02T19:29:10,1788395349.9,Sky,rick,novelty_spent,0.2221,1788393786.1311488,1563.8,0.1245
2026-09-02T19:29:10,1788395349.9,Sky,rick,phasic,0.2127,1788393786.1305358,1563.8,0.0
2026-09-02T19:29:10,1788395349.9,Sky,rick,tonic,0.5471,1788394543.2358308,806.7,0.4833
2026-09-02T19:29:10,1788395349.9,Sky,rick,valence_ema,0.5942,1788393786.0449677,1563.9,0.5528
2026-09-02T19:29:20,1788395360.5,Sky,rick,novelty_spent,0.2221,1788393786.1311488,1574.4,0.124
2026-09-02T19:29:20,1788395360.5,Sky,rick,phasic,0.2127,1788393786.1305358,1574.4,0.0
2026-09-02T19:29:20,1788395360.5,Sky,rick,tonic,0.5471,1788394543.2358308,817.3,0.4826
2026-09-02T19:29:21,1788395360.5,Sky,rick,valence_ema,0.5942,1788393786.0449677,1574.5,0.5526
2026-09-02T19:29:31,1788395371.2,Sky,rick,novelty_spent,0.2221,1788393786.1311488,1585.1,0.1235
2026-09-02T19:29:31,1788395371.2,Sky,rick,phasic,0.2127,1788393786.1305358,1585.1,0.0
2026-09-02T19:29:31,1788395371.2,Sky,rick,tonic,0.5471,1788394543.2358308,828.0,0.4818
2026-09-02T19:29:31,1788395371.2,Sky,rick,valence_ema,0.5942,1788393786.0449677,1585.2,0.5524
2026-09-02T19:29:42,1788395381.9,Sky,rick,novelty_spent,0.2221,1788393786.1311488,1595.7,0.123
2026-09-02T19:29:42,1788395381.9,Sky,rick,phasic,0.2127,1788393786.1305358,1595.7,0.0
2026-09-02T19:29:42,1788395381.9,Sky,rick,tonic,0.5471,1788394543.2358308,838.6,0.4811
2026-09-02T19:29:42,1788395381.9,Sky,rick,valence_ema,0.5942,1788393786.0449677,1595.8,0.5522
2026-09-02T19:29:52,1788395392.5,Sky,rick,novelty_spent,0.2221,1788393786.1311488,1606.4,0.1225
2026-09-02T19:29:52,1788395392.5,Sky,rick,phasic,0.2127,1788393786.1305358,1606.4,0.0
2026-09-02T19:29:52,1788395392.5,Sky,rick,tonic,0.5471,1788394543.2358308,849.3,0.4804
2026-09-02T19:29:52,1788395392.5,Sky,rick,valence_ema,0.5942,1788393786.0449677,1606.5,0.552
2026-09-02T19:30:03,1788395403.1,Sky,rick,novelty_spent,0.2221,1788393786.1311488,1617.0,0.122
2026-09-02T19:30:03,1788395403.1,Sky,rick,phasic,0.2127,1788393786.1305358,1617.0,0.0
2026-09-02T19:30:03,1788395403.1,Sky,rick,tonic,0.5471,1788394543.2358308,859.9,0.4797
2026-09-02T19:30:03,1788395403.1,Sky,rick,valence_ema,0.5942,1788393786.0449677,1617.1,0.5518
2026-09-02T19:30:13,1788395413.7,Sky,rick,novelty_spent,0.2221,1788393786.1311488,1627.6,0.1215
2026-09-02T19:30:13,1788395413.7,Sky,rick,phasic,0.2127,1788393786.1305358,1627.6,0.0
2026-09-02T19:30:14,1788395413.7,Sky,rick,tonic,0.5471,1788394543.2358308,870.5,0.479
2026-09-02T19:30:14,1788395413.7,Sky,rick,valence_ema,0.5942,1788393786.0449677,1627.7,0.5516
2026-09-02T19:30:24,1788395424.3,Sky,rick,novelty_spent,0.2221,1788393786.1311488,1638.2,0.1211
2026-09-02T19:30:24,1788395424.3,Sky,rick,phasic,0.2127,1788393786.1305358,1638.2,0.0
2026-09-02T19:30:24,1788395424.3,Sky,rick,tonic,0.5471,1788394543.2358308,881.1,0.4783
2026-09-02T19:30:24,1788395424.3,Sky,rick,valence_ema,0.5942,1788393786.0449677,1638.3,0.5513
2026-09-02T19:30:35,1788395435.0,Sky,rick,novelty_spent,0.2221,1788393786.1311488,1648.8,0.1206
2026-09-02T19:30:35,1788395435.0,Sky,rick,phasic,0.2127,1788393786.1305358,1648.8,0.0
2026-09-02T19:30:35,1788395435.0,Sky,rick,tonic,0.5471,1788394543.2358308,891.7,0.4776
2026-09-02T19:30:35,1788395435.0,Sky,rick,valence_ema,0.5942,1788393786.0449677,1648.9,0.5511
2026-09-02T19:30:45,1788395445.6,Sky,rick,novelty_spent,0.2221,1788393786.1311488,1659.5,0.1201
2026-09-02T19:30:45,1788395445.6,Sky,rick,phasic,0.2127,1788393786.1305358,1659.5,0.0
2026-09-02T19:30:45,1788395445.6,Sky,rick,tonic,0.5471,1788394543.2358308,902.4,0.4769
2026-09-02T19:30:46,1788395445.6,Sky,rick,valence_ema,0.5942,1788393786.0449677,1659.6,0.5509
2026-09-02T19:30:56,1788395456.3,Sky,rick,novelty_spent,0.2221,1788393786.1311488,1670.1,0.1196
2026-09-02T19:30:56,1788395456.3,Sky,rick,phasic,0.2127,1788393786.1305358,1670.1,0.0
2026-09-02T19:30:56,1788395456.3,Sky,rick,tonic,0.5471,1788394543.2358308,913.0,0.4762
2026-09-02T19:30:56,1788395456.3,Sky,rick,valence_ema,0.5942,1788393786.0449677,1670.2,0.5507
2026-09-02T19:31:07,1788395466.9,Sky,rick,novelty_spent,0.2221,1788393786.1311488,1680.8,0.1192
2026-09-02T19:31:07,1788395466.9,Sky,rick,phasic,0.2127,1788393786.1305358,1680.8,0.0
2026-09-02T19:31:07,1788395466.9,Sky,rick,tonic,0.5471,1788394543.2358308,923.7,0.4755
2026-09-02T19:31:07,1788395466.9,Sky,rick,valence_ema,0.5942,1788393786.0449677,1680.9,0.5505
2026-09-02T19:31:17,1788395477.6,Sky,rick,novelty_spent,0.2221,1788393786.1311488,1691.4,0.1187
2026-09-02T19:31:17,1788395477.6,Sky,rick,phasic,0.2127,1788393786.1305358,1691.4,0.0
2026-09-02T19:31:17,1788395477.6,Sky,rick,tonic,0.5471,1788394543.2358308,934.3,0.4748
2026-09-02T19:31:18,1788395477.6,Sky,rick,valence_ema,0.5942,1788393786.0449677,1691.5,0.5503
2026-09-02T19:31:28,1788395488.2,Sky,rick,novelty_spent,0.2221,1788393786.1311488,1702.1,0.1182
2026-09-02T19:31:28,1788395488.2,Sky,rick,phasic,0.2127,1788393786.1305358,1702.1,0.0
2026-09-02T19:31:28,1788395488.2,Sky,rick,tonic,0.5471,1788394543.2358308,944.9,0.4741
2026-09-02T19:31:28,1788395488.2,Sky,rick,valence_ema,0.5942,1788393786.0449677,1702.1,0.5501
2026-09-02T19:31:38,1788395498.9,Sky,rick,novelty_spent,0.2221,1788393786.1311488,1712.7,0.1178
2026-09-02T19:31:39,1788395498.9,Sky,rick,phasic,0.2127,1788393786.1305358,1712.7,0.0
2026-09-02T19:31:39,1788395498.9,Sky,rick,tonic,0.5471,1788394543.2358308,955.6,0.4734
2026-09-02T19:31:39,1788395498.9,Sky,rick,valence_ema,0.5942,1788393786.0449677,1712.8,0.55
2026-09-02T19:31:49,1788395509.5,Sky,rick,novelty_spent,0.2221,1788393786.1311488,1723.4,0.1173
2026-09-02T19:31:49,1788395509.5,Sky,rick,phasic,0.2127,1788393786.1305358,1723.4,0.0
2026-09-02T19:31:49,1788395509.5,Sky,rick,tonic,0.5471,1788394543.2358308,966.3,0.4728
2026-09-02T19:31:50,1788395509.5,Sky,rick,valence_ema,0.5942,1788393786.0449677,1723.5,0.5498
2026-09-02T19:32:00,1788395520.2,Sky,rick,novelty_spent,0.2221,1788393786.1311488,1734.0,0.1168
2026-09-02T19:32:00,1788395520.2,Sky,rick,phasic,0.2127,1788393786.1305358,1734.0,0.0
2026-09-02T19:32:00,1788395520.2,Sky,rick,tonic,0.5471,1788394543.2358308,976.9,0.4721
2026-09-02T19:32:00,1788395520.2,Sky,rick,valence_ema,0.5942,1788393786.0449677,1734.1,0.5496
2026-09-02T19:32:10,1788395530.8,Sky,rick,novelty_spent,0.2221,1788393786.1311488,1744.7,0.1164
2026-09-02T19:32:11,1788395530.8,Sky,rick,phasic,0.2127,1788393786.1305358,1744.7,0.0
2026-09-02T19:32:11,1788395530.8,Sky,rick,tonic,0.5471,1788394543.2358308,987.6,0.4714
2026-09-02T19:32:11,1788395530.8,Sky,rick,valence_ema,0.5942,1788393786.0449677,1744.8,0.5494
2026-09-02T19:32:21,1788395541.5,Sky,rick,novelty_spent,0.2221,1788393786.1311488,1755.3,0.1159
2026-09-02T19:32:21,1788395541.5,Sky,rick,phasic,0.2127,1788393786.1305358,1755.3,0.0
2026-09-02T19:32:21,1788395541.5,Sky,rick,tonic,0.5471,1788394543.2358308,998.2,0.4707
2026-09-02T19:32:21,1788395541.5,Sky,rick,valence_ema,0.5942,1788393786.0449677,1755.4,0.5492
2026-09-02T19:32:32,1788395552.1,Sky,rick,novelty_spent,0.2221,1788393786.1311488,1766.0,0.1155
2026-09-02T19:32:32,1788395552.1,Sky,rick,phasic,0.2127,1788393786.1305358,1766.0,0.0
2026-09-02T19:32:32,1788395552.1,Sky,rick,tonic,0.5471,1788394543.2358308,1008.9,0.4701
2026-09-02T19:32:32,1788395552.1,Sky,rick,valence_ema,0.5942,1788393786.0449677,1766.0,0.549
2026-09-02T19:32:42,1788395562.7,Sky,rick,novelty_spent,0.2221,1788393786.1311488,1776.6,0.115
2026-09-02T19:32:42,1788395562.7,Sky,rick,phasic,0.2127,1788393786.1305358,1776.6,0.0
2026-09-02T19:32:43,1788395562.7,Sky,rick,tonic,0.5471,1788394543.2358308,1019.5,0.4694
2026-09-02T19:32:43,1788395562.7,Sky,rick,valence_ema,0.5942,1788393786.0449677,1776.7,0.5488
2026-09-02T19:32:53,1788395573.4,Sky,rick,novelty_spent,0.2221,1788393786.1311488,1787.2,0.1146
2026-09-02T19:32:53,1788395573.4,Sky,rick,phasic,0.2127,1788393786.1305358,1787.2,0.0
2026-09-02T19:32:53,1788395573.4,Sky,rick,tonic,0.5471,1788394543.2358308,1030.1,0.4687
2026-09-02T19:32:53,1788395573.4,Sky,rick,valence_ema,0.5942,1788393786.0449677,1787.3,0.5486
2026-09-02T19:33:04,1788395584.0,Sky,rick,novelty_spent,0.2221,1788393786.1311488,1797.9,0.1141
2026-09-02T19:33:04,1788395584.0,Sky,rick,phasic,0.2127,1788393786.1305358,1797.9,0.0
2026-09-02T19:33:04,1788395584.0,Sky,rick,tonic,0.5471,1788394543.2358308,1040.8,0.4681
2026-09-02T19:33:04,1788395584.0,Sky,rick,valence_ema,0.5942,1788393786.0449677,1798.0,0.5484
2026-09-02T19:33:14,1788395594.6,Sky,rick,novelty_spent,0.2221,1788393786.1311488,1808.5,0.1137
2026-09-02T19:33:14,1788395594.6,Sky,rick,phasic,0.2127,1788393786.1305358,1808.5,0.0
2026-09-02T19:33:15,1788395594.6,Sky,rick,tonic,0.5471,1788394543.2358308,1051.4,0.4674
2026-09-02T19:33:15,1788395594.6,Sky,rick,valence_ema,0.5942,1788393786.0449677,1808.6,0.5482
2026-09-02T19:33:25,1788395605.3,Sky,rick,novelty_spent,0.2221,1788393786.1311488,1819.2,0.1132
2026-09-02T19:33:25,1788395605.3,Sky,rick,phasic,0.2127,1788393786.1305358,1819.2,0.0
2026-09-02T19:33:25,1788395605.3,Sky,rick,tonic,0.5471,1788394543.2358308,1062.0,0.4667
2026-09-02T19:33:25,1788395605.3,Sky,rick,valence_ema,0.5942,1788393786.0449677,1819.2,0.548
2026-09-02T19:33:36,1788395615.9,Sky,rick,novelty_spent,0.2221,1788393786.1311488,1829.8,0.1128
2026-09-02T19:33:36,1788395615.9,Sky,rick,phasic,0.2127,1788393786.1305358,1829.8,0.0
2026-09-02T19:33:36,1788395615.9,Sky,rick,tonic,0.5471,1788394543.2358308,1072.7,0.4661
2026-09-02T19:33:36,1788395615.9,Sky,rick,valence_ema,0.5942,1788393786.0449677,1829.9,0.5478
2026-09-02T19:33:46,1788395626.6,Sky,rick,novelty_spent,0.2221,1788393786.1311488,1840.4,0.1123
2026-09-02T19:33:46,1788395626.6,Sky,rick,phasic,0.2127,1788393786.1305358,1840.4,0.0
2026-09-02T19:33:46,1788395626.6,Sky,rick,tonic,0.5471,1788394543.2358308,1083.3,0.4654
2026-09-02T19:33:47,1788395626.6,Sky,rick,valence_ema,0.5942,1788393786.0449677,1840.5,0.5476
2026-09-02T19:33:57,1788395637.2,Sky,rick,novelty_spent,0.2221,1788393786.1311488,1851.1,0.1119
2026-09-02T19:33:57,1788395637.2,Sky,rick,phasic,0.2127,1788393786.1305358,1851.1,0.0
2026-09-02T19:33:57,1788395637.2,Sky,rick,tonic,0.5471,1788394543.2358308,1094.0,0.4648
2026-09-02T19:33:57,1788395637.2,Sky,rick,valence_ema,0.5942,1788393786.0449677,1851.2,0.5475
2026-09-02T19:34:08,1788395647.9,Sky,rick,novelty_spent,0.2221,1788393786.1311488,1861.8,0.1115
2026-09-02T19:34:08,1788395647.9,Sky,rick,phasic,0.2127,1788393786.1305358,1861.8,0.0
2026-09-02T19:34:08,1788395647.9,Sky,rick,tonic,0.5471,1788394543.2358308,1104.7,0.4641
2026-09-02T19:34:08,1788395647.9,Sky,rick,valence_ema,0.5942,1788393786.0449677,1861.8,0.5473
2026-09-02T19:34:18,1788395658.5,Sky,rick,novelty_spent,0.2221,1788393786.1311488,1872.4,0.111
2026-09-02T19:34:18,1788395658.5,Sky,rick,phasic,0.2127,1788393786.1305358,1872.4,0.0
2026-09-02T19:34:18,1788395658.5,Sky,rick,tonic,0.5471,1788394543.2358308,1115.3,0.4635
2026-09-02T19:34:19,1788395658.5,Sky,rick,valence_ema,0.5942,1788393786.0449677,1872.5,0.5471
2026-09-02T19:34:29,1788395669.2,Sky,rick,novelty_spent,0.2221,1788393786.1311488,1883.0,0.1106
2026-09-02T19:34:29,1788395669.2,Sky,rick,phasic,0.2127,1788393786.1305358,1883.0,0.0
2026-09-02T19:34:29,1788395669.2,Sky,rick,tonic,0.5471,1788394543.2358308,1125.9,0.4628
2026-09-02T19:34:29,1788395669.2,Sky,rick,valence_ema,0.5942,1788393786.0449677,1883.1,0.5469
2026-09-02T19:34:39,1788395679.8,Sky,rick,novelty_spent,0.2221,1788393786.1311488,1893.7,0.1101
2026-09-02T19:34:40,1788395679.8,Sky,rick,phasic,0.2127,1788393786.1305358,1893.7,0.0
2026-09-02T19:34:40,1788395679.8,Sky,rick,tonic,0.5471,1788394543.2358308,1136.6,0.4622
2026-09-02T19:34:40,1788395679.8,Sky,rick,valence_ema,0.5942,1788393786.0449677,1893.8,0.5467
2026-09-02T19:34:50,1788395690.4,Sky,rick,novelty_spent,0.2221,1788393786.1311488,1904.3,0.1097
2026-09-02T19:34:50,1788395690.4,Sky,rick,phasic,0.2127,1788393786.1305358,1904.3,0.0
2026-09-02T19:34:50,1788395690.4,Sky,rick,tonic,0.5471,1788394543.2358308,1147.2,0.4616
2026-09-02T19:34:50,1788395690.4,Sky,rick,valence_ema,0.5942,1788393786.0449677,1904.4,0.5465
2026-09-02T19:35:01,1788395701.1,Sky,rick,novelty_spent,0.2221,1788393786.1311488,1914.9,0.1093
2026-09-02T19:35:01,1788395701.1,Sky,rick,phasic,0.2127,1788393786.1305358,1914.9,0.0
2026-09-02T19:35:01,1788395701.1,Sky,rick,tonic,0.5471,1788394543.2358308,1157.8,0.4609
2026-09-02T19:35:01,1788395701.1,Sky,rick,valence_ema,0.5942,1788393786.0449677,1915.0,0.5463
2026-09-02T19:35:11,1788395711.7,Sky,rick,novelty_spent,0.2221,1788393786.1311488,1925.6,0.1088
2026-09-02T19:35:12,1788395711.7,Sky,rick,phasic,0.2127,1788393786.1305358,1925.6,0.0
2026-09-02T19:35:12,1788395711.7,Sky,rick,tonic,0.5471,1788394543.2358308,1168.5,0.4603
2026-09-02T19:35:12,1788395711.7,Sky,rick,valence_ema,0.5942,1788393786.0449677,1925.7,0.5462
2026-09-02T19:35:22,1788395722.4,Sky,rick,novelty_spent,0.2221,1788393786.1311488,1936.2,0.1084
2026-09-02T19:35:22,1788395722.4,Sky,rick,phasic,0.2127,1788393786.1305358,1936.2,0.0
2026-09-02T19:35:22,1788395722.4,Sky,rick,tonic,0.5471,1788394543.2358308,1179.1,0.4597
2026-09-02T19:35:22,1788395722.4,Sky,rick,valence_ema,0.5942,1788393786.0449677,1936.3,0.546
2026-09-02T19:35:33,1788395733.0,Sky,rick,novelty_spent,0.2221,1788393786.1311488,1946.8,0.108
2026-09-02T19:35:33,1788395733.0,Sky,rick,phasic,0.2127,1788393786.1305358,1946.8,0.0
2026-09-02T19:35:33,1788395733.0,Sky,rick,tonic,0.5471,1788394543.2358308,1189.7,0.459
2026-09-02T19:35:33,1788395733.0,Sky,rick,valence_ema,0.5942,1788393786.0449677,1946.9,0.5458
2026-09-02T19:35:43,1788395743.6,Sky,rick,novelty_spent,0.2221,1788393786.1311488,1957.5,0.1076
2026-09-02T19:35:43,1788395743.6,Sky,rick,phasic,0.2127,1788393786.1305358,1957.5,0.0
2026-09-02T19:35:43,1788395743.6,Sky,rick,tonic,0.5471,1788394543.2358308,1200.4,0.4584
2026-09-02T19:35:44,1788395743.6,Sky,rick,valence_ema,0.5942,1788393786.0449677,1957.6,0.5456
2026-09-02T19:35:54,1788395754.3,Sky,rick,novelty_spent,0.2221,1788393786.1311488,1968.1,0.1071
2026-09-02T19:35:54,1788395754.3,Sky,rick,phasic,0.2127,1788393786.1305358,1968.1,0.0
2026-09-02T19:35:54,1788395754.3,Sky,rick,tonic,0.5471,1788394543.2358308,1211.0,0.4578
2026-09-02T19:35:54,1788395754.3,Sky,rick,valence_ema,0.5942,1788393786.0449677,1968.2,0.5454
2026-09-02T19:36:05,1788395764.9,Sky,rick,novelty_spent,0.2221,1788393786.1311488,1978.8,0.1067
2026-09-02T19:36:05,1788395764.9,Sky,rick,phasic,0.2127,1788393786.1305358,1978.8,0.0
2026-09-02T19:36:05,1788395764.9,Sky,rick,tonic,0.5471,1788394543.2358308,1221.7,0.4572
2026-09-02T19:36:05,1788395764.9,Sky,rick,valence_ema,0.5942,1788393786.0449677,1978.8,0.5453
2026-09-02T19:36:15,1788395775.5,Sky,rick,novelty_spent,0.2221,1788393786.1311488,1989.4,0.1063
2026-09-02T19:36:15,1788395775.5,Sky,rick,phasic,0.2127,1788393786.1305358,1989.4,0.0
2026-09-02T19:36:15,1788395775.5,Sky,rick,tonic,0.5471,1788394543.2358308,1232.3,0.4566
2026-09-02T19:36:16,1788395775.5,Sky,rick,valence_ema,0.5942,1788393786.0449677,1989.5,0.5451
2026-09-02T19:36:26,1788395786.1,Sky,rick,novelty_spent,0.2221,1788393786.1311488,2000.0,0.1059
2026-09-02T19:36:26,1788395786.1,Sky,rick,phasic,0.2127,1788393786.1305358,2000.0,0.0
2026-09-02T19:36:26,1788395786.1,Sky,rick,tonic,0.5471,1788394543.2358308,1242.9,0.4559
2026-09-02T19:36:26,1788395786.1,Sky,rick,valence_ema,0.5942,1788393786.0449677,2000.1,0.5449
2026-09-02T19:36:36,1788395796.8,Sky,rick,novelty_spent,0.2221,1788393786.1311488,2010.7,0.1055
2026-09-02T19:36:37,1788395796.8,Sky,rick,phasic,0.2127,1788393786.1305358,2010.7,0.0
2026-09-02T19:36:37,1788395796.8,Sky,rick,tonic,0.5471,1788394543.2358308,1253.6,0.4553
2026-09-02T19:36:37,1788395796.8,Sky,rick,valence_ema,0.5942,1788393786.0449677,2010.8,0.5447
2026-09-02T19:36:47,1788395807.5,Sky,rick,novelty_spent,0.2221,1788393786.1311488,2021.4,0.1051
2026-09-02T19:36:47,1788395807.5,Sky,rick,phasic,0.2127,1788393786.1305358,2021.4,0.0
2026-09-02T19:36:47,1788395807.5,Sky,rick,tonic,0.5471,1788394543.2358308,1264.3,0.4547
2026-09-02T19:36:48,1788395807.5,Sky,rick,valence_ema,0.5942,1788393786.0449677,2021.5,0.5446
2026-09-02T19:36:58,1788395818.2,Sky,rick,novelty_spent,0.2221,1788393786.1311488,2032.0,0.1046
2026-09-02T19:36:58,1788395818.2,Sky,rick,phasic,0.2127,1788393786.1305358,2032.0,0.0
2026-09-02T19:36:58,1788395818.2,Sky,rick,tonic,0.5471,1788394543.2358308,1274.9,0.4541
2026-09-02T19:36:58,1788395818.2,Sky,rick,valence_ema,0.5942,1788393786.0449677,2032.1,0.5444
2026-09-02T19:37:08,1788395828.8,Sky,rick,novelty_spent,0.2221,1788393786.1311488,2042.6,0.1042
2026-09-02T19:37:09,1788395828.8,Sky,rick,phasic,0.2127,1788393786.1305358,2042.6,0.0
2026-09-02T19:37:09,1788395828.8,Sky,rick,tonic,0.5471,1788394543.2358308,1285.5,0.4535
2026-09-02T19:37:09,1788395828.8,Sky,rick,valence_ema,0.5942,1788393786.0449677,2042.7,0.5442
2026-09-02T19:37:19,1788395839.4,Sky,rick,novelty_spent,0.2221,1788393786.1311488,2053.3,0.1038
2026-09-02T19:37:19,1788395839.4,Sky,rick,phasic,0.2127,1788393786.1305358,2053.3,0.0
2026-09-02T19:37:19,1788395839.4,Sky,rick,tonic,0.5471,1788394543.2358308,1296.1,0.4529
2026-09-02T19:37:19,1788395839.4,Sky,rick,valence_ema,0.5942,1788393786.0449677,2053.3,0.544
2026-09-02T19:37:30,1788395850.1,Sky,rick,novelty_spent,0.2221,1788393786.1311488,2063.9,0.1034
2026-09-02T19:37:30,1788395850.1,Sky,rick,phasic,0.2127,1788393786.1305358,2063.9,0.0
2026-09-02T19:37:30,1788395850.1,Sky,rick,tonic,0.5471,1788394543.2358308,1306.8,0.4523
2026-09-02T19:37:30,1788395850.1,Sky,rick,valence_ema,0.5942,1788393786.0449677,2064.0,0.5439
2026-09-02T19:37:40,1788395860.7,Sky,rick,novelty_spent,0.2221,1788393786.1311488,2074.6,0.103
2026-09-02T19:37:40,1788395860.7,Sky,rick,phasic,0.2127,1788393786.1305358,2074.6,0.0
2026-09-02T19:37:41,1788395860.7,Sky,rick,tonic,0.5471,1788394543.2358308,1317.5,0.4517
2026-09-02T19:37:41,1788395860.7,Sky,rick,valence_ema,0.5942,1788393786.0449677,2074.6,0.5437
2026-09-02T19:37:51,1788395871.3,Sky,rick,novelty_spent,0.2221,1788393786.1311488,2085.2,0.1026
2026-09-02T19:37:51,1788395871.3,Sky,rick,phasic,0.2127,1788393786.1305358,2085.2,0.0
2026-09-02T19:37:51,1788395871.3,Sky,rick,tonic,0.5471,1788394543.2358308,1328.1,0.4511
2026-09-02T19:37:51,1788395871.3,Sky,rick,valence_ema,0.5942,1788393786.0449677,2085.3,0.5435
2026-09-02T19:38:02,1788395882.0,Sky,rick,novelty_spent,0.2221,1788393786.1311488,2095.8,0.1022
2026-09-02T19:38:02,1788395882.0,Sky,rick,phasic,0.2127,1788393786.1305358,2095.8,0.0
2026-09-02T19:38:02,1788395882.0,Sky,rick,tonic,0.5471,1788394543.2358308,1338.7,0.4505
2026-09-02T19:38:02,1788395882.0,Sky,rick,valence_ema,0.5942,1788393786.0449677,2095.9,0.5433
2026-09-02T19:38:12,1788395892.6,Sky,rick,novelty_spent,0.2221,1788393786.1311488,2106.4,0.1018
2026-09-02T19:38:12,1788395892.6,Sky,rick,phasic,0.2127,1788393786.1305358,2106.4,0.0
2026-09-02T19:38:12,1788395892.6,Sky,rick,tonic,0.5471,1788394543.2358308,1349.3,0.4499
2026-09-02T19:38:13,1788395892.6,Sky,rick,valence_ema,0.5942,1788393786.0449677,2106.5,0.5432
2026-09-02T19:38:23,1788395903.2,Sky,rick,novelty_spent,0.2221,1788393786.1311488,2117.1,0.1014
2026-09-02T19:38:23,1788395903.2,Sky,rick,phasic,0.2127,1788393786.1305358,2117.1,0.0
2026-09-02T19:38:23,1788395903.2,Sky,rick,tonic,0.5471,1788394543.2358308,1359.9,0.4493
2026-09-02T19:38:23,1788395903.2,Sky,rick,valence_ema,0.5942,1788393786.0449677,2117.1,0.543
2026-09-02T19:38:33,1788395913.8,Sky,rick,novelty_spent,0.2221,1788393786.1311488,2127.6,0.101
2026-09-02T19:38:33,1788395913.8,Sky,rick,phasic,0.2127,1788393786.1305358,2127.6,0.0
2026-09-02T19:38:34,1788395913.8,Sky,rick,tonic,0.5471,1788394543.2358308,1370.5,0.4487
2026-09-02T19:38:34,1788395913.8,Sky,rick,valence_ema,0.5942,1788393786.0449677,2127.7,0.5428
2026-09-02T19:38:44,1788395924.3,Sky,rick,novelty_spent,0.2221,1788393786.1311488,2138.2,0.1006
2026-09-02T19:38:44,1788395924.3,Sky,rick,phasic,0.2127,1788393786.1305358,2138.2,0.0
2026-09-02T19:38:44,1788395924.3,Sky,rick,tonic,0.5471,1788394543.2358308,1381.1,0.4482
2026-09-02T19:38:44,1788395924.3,Sky,rick,valence_ema,0.5942,1788393786.0449677,2138.3,0.5427
2026-09-02T19:38:55,1788395934.9,Sky,rick,novelty_spent,0.2221,1788393786.1311488,2148.8,0.1002
2026-09-02T19:38:55,1788395934.9,Sky,rick,phasic,0.2127,1788393786.1305358,2148.8,0.0
2026-09-02T19:38:55,1788395934.9,Sky,rick,tonic,0.5471,1788394543.2358308,1391.7,0.4476
2026-09-02T19:38:55,1788395934.9,Sky,rick,valence_ema,0.5942,1788393786.0449677,2148.9,0.5425
2026-09-02T19:39:05,1788395945.5,Sky,rick,novelty_spent,0.2221,1788393786.1311488,2159.4,0.0998
2026-09-02T19:39:05,1788395945.5,Sky,rick,phasic,0.2127,1788393786.1305358,2159.4,0.0
2026-09-02T19:39:05,1788395945.5,Sky,rick,tonic,0.5471,1788394543.2358308,1402.3,0.447
2026-09-02T19:39:05,1788395945.5,Sky,rick,valence_ema,0.5942,1788393786.0449677,2159.5,0.5423
2026-09-02T19:39:16,1788395956.1,Sky,rick,novelty_spent,0.2221,1788393786.1311488,2170.0,0.0994
2026-09-02T19:39:16,1788395956.1,Sky,rick,phasic,0.2127,1788393786.1305358,2170.0,0.0
2026-09-02T19:39:16,1788395956.1,Sky,rick,tonic,0.5471,1788394543.2358308,1412.9,0.4464
2026-09-02T19:39:16,1788395956.1,Sky,rick,valence_ema,0.5942,1788393786.0449677,2170.1,0.5422
2026-09-02T19:39:26,1788395966.7,Sky,rick,novelty_spent,0.2221,1788393786.1311488,2180.6,0.099
2026-09-02T19:39:26,1788395966.7,Sky,rick,phasic,0.2127,1788393786.1305358,2180.6,0.0
2026-09-02T19:39:27,1788395966.7,Sky,rick,tonic,0.5471,1788394543.2358308,1423.5,0.4459
2026-09-02T19:39:27,1788395966.7,Sky,rick,valence_ema,0.5942,1788393786.0449677,2180.7,0.542
2026-09-02T19:39:37,1788395977.3,Sky,rick,novelty_spent,0.2221,1788393786.1311488,2191.2,0.0986
2026-09-02T19:39:37,1788395977.3,Sky,rick,phasic,0.2127,1788393786.1305358,2191.2,0.0
2026-09-02T19:39:37,1788395977.3,Sky,rick,tonic,0.5471,1788394543.2358308,1434.1,0.4453
2026-09-02T19:39:37,1788395977.3,Sky,rick,valence_ema,0.5942,1788393786.0449677,2191.3,0.5418
2026-09-02T19:39:48,1788395987.9,Sky,rick,novelty_spent,0.2221,1788393786.1311488,2201.8,0.0983
2026-09-02T19:39:48,1788395987.9,Sky,rick,phasic,0.2127,1788393786.1305358,2201.8,0.0
2026-09-02T19:39:48,1788395987.9,Sky,rick,tonic,0.5471,1788394543.2358308,1444.7,0.4447
2026-09-02T19:39:48,1788395987.9,Sky,rick,valence_ema,0.5942,1788393786.0449677,2201.9,0.5417
2026-09-02T19:39:58,1788395998.6,Sky,rick,novelty_spent,0.2221,1788393786.1311488,2212.4,0.0979
2026-09-02T19:39:58,1788395998.6,Sky,rick,phasic,0.2127,1788393786.1305358,2212.4,0.0
2026-09-02T19:39:58,1788395998.6,Sky,rick,tonic,0.5471,1788394543.2358308,1455.3,0.4441
2026-09-02T19:39:59,1788395998.6,Sky,rick,valence_ema,0.5942,1788393786.0449677,2212.5,0.5415
2026-09-02T19:40:09,1788396009.2,Sky,rick,novelty_spent,0.2221,1788393786.1311488,2223.1,0.0975
2026-09-02T19:40:09,1788396009.2,Sky,rick,phasic,0.2127,1788393786.1305358,2223.1,0.0
2026-09-02T19:40:09,1788396009.2,Sky,rick,tonic,0.5471,1788394543.2358308,1466.0,0.4436
2026-09-02T19:40:09,1788396009.2,Sky,rick,valence_ema,0.5942,1788393786.0449677,2223.2,0.5413
2026-09-02T19:40:19,1788396019.9,Sky,rick,novelty_spent,0.2221,1788393786.1311488,2233.7,0.0971
2026-09-02T19:40:20,1788396019.9,Sky,rick,phasic,0.2127,1788393786.1305358,2233.7,0.0
2026-09-02T19:40:20,1788396019.9,Sky,rick,tonic,0.5471,1788394543.2358308,1476.6,0.443
2026-09-02T19:40:20,1788396019.9,Sky,rick,valence_ema,0.5942,1788393786.0449677,2233.8,0.5412
2026-09-02T19:40:30,1788396030.5,Sky,rick,novelty_spent,0.2221,1788393786.1311488,2244.4,0.0967
2026-09-02T19:40:30,1788396030.5,Sky,rick,phasic,0.2127,1788393786.1305358,2244.4,0.0
2026-09-02T19:40:30,1788396030.5,Sky,rick,tonic,0.5471,1788394543.2358308,1487.3,0.4424
2026-09-02T19:40:31,1788396030.5,Sky,rick,valence_ema,0.5942,1788393786.0449677,2244.5,0.541
2026-09-02T19:40:41,1788396041.2,Sky,rick,novelty_spent,0.2221,1788393786.1311488,2255.1,0.0963
2026-09-02T19:40:41,1788396041.2,Sky,rick,phasic,0.2127,1788393786.1305358,2255.1,0.0
2026-09-02T19:40:41,1788396041.2,Sky,rick,tonic,0.5471,1788394543.2358308,1497.9,0.4419
2026-09-02T19:40:41,1788396041.2,Sky,rick,valence_ema,0.5942,1788393786.0449677,2255.1,0.5409
2026-09-02T19:40:51,1788396051.8,Sky,rick,novelty_spent,0.2221,1788393786.1311488,2265.7,0.096
2026-09-02T19:40:52,1788396051.8,Sky,rick,phasic,0.2127,1788393786.1305358,2265.7,0.0
2026-09-02T19:40:52,1788396051.8,Sky,rick,tonic,0.5471,1788394543.2358308,1508.6,0.4413
2026-09-02T19:40:52,1788396051.8,Sky,rick,valence_ema,0.5942,1788393786.0449677,2265.8,0.5407
2026-09-02T19:41:02,1788396062.5,Sky,rick,novelty_spent,0.2221,1788393786.1311488,2276.3,0.0956
2026-09-02T19:41:02,1788396062.5,Sky,rick,phasic,0.2127,1788393786.1305358,2276.3,0.0
2026-09-02T19:41:02,1788396062.5,Sky,rick,tonic,0.5471,1788394543.2358308,1519.2,0.4408
2026-09-02T19:41:02,1788396062.5,Sky,rick,valence_ema,0.5942,1788393786.0449677,2276.4,0.5405
2026-09-02T19:41:13,1788396073.1,Sky,rick,novelty_spent,0.2221,1788393786.1311488,2287.0,0.0952
2026-09-02T19:41:13,1788396073.1,Sky,rick,phasic,0.2127,1788393786.1305358,2287.0,0.0
2026-09-02T19:41:13,1788396073.1,Sky,rick,tonic,0.5471,1788394543.2358308,1529.9,0.4402
2026-09-02T19:41:13,1788396073.1,Sky,rick,valence_ema,0.5942,1788393786.0449677,2287.1,0.5404
2026-09-02T19:41:23,1788396083.8,Sky,rick,novelty_spent,0.2221,1788393786.1311488,2297.6,0.0948
2026-09-02T19:41:24,1788396083.8,Sky,rick,phasic,0.2127,1788393786.1305358,2297.6,0.0
2026-09-02T19:41:24,1788396083.8,Sky,rick,tonic,0.5471,1788394543.2358308,1540.5,0.4397
2026-09-02T19:41:24,1788396083.8,Sky,rick,valence_ema,0.5942,1788393786.0449677,2297.7,0.5402
2026-09-02T19:41:34,1788396094.4,Sky,rick,novelty_spent,0.2221,1788393786.1311488,2308.3,0.0945
2026-09-02T19:41:34,1788396094.4,Sky,rick,phasic,0.2127,1788393786.1305358,2308.3,0.0
2026-09-02T19:41:34,1788396094.4,Sky,rick,tonic,0.5471,1788394543.2358308,1551.2,0.4391
2026-09-02T19:41:34,1788396094.4,Sky,rick,valence_ema,0.5942,1788393786.0449677,2308.4,0.5401
2026-09-02T19:41:45,1788396105.0,Sky,rick,novelty_spent,0.2221,1788393786.1311488,2318.9,0.0941
2026-09-02T19:41:45,1788396105.0,Sky,rick,phasic,0.2127,1788393786.1305358,2318.9,0.0
2026-09-02T19:41:45,1788396105.0,Sky,rick,tonic,0.5471,1788394543.2358308,1561.8,0.4386
2026-09-02T19:41:45,1788396105.0,Sky,rick,valence_ema,0.5942,1788393786.0449677,2319.0,0.5399
2026-09-02T19:41:55,1788396115.7,Sky,rick,novelty_spent,0.2221,1788393786.1311488,2329.5,0.0937
2026-09-02T19:41:55,1788396115.7,Sky,rick,phasic,0.2127,1788393786.1305358,2329.5,0.0
2026-09-02T19:41:56,1788396115.7,Sky,rick,tonic,0.5471,1788394543.2358308,1572.4,0.438
2026-09-02T19:41:56,1788396115.7,Sky,rick,valence_ema,0.5942,1788393786.0449677,2329.6,0.5397
2026-09-02T19:42:06,1788396126.3,Sky,rick,novelty_spent,0.2221,1788393786.1311488,2340.2,0.0934
2026-09-02T19:42:06,1788396126.3,Sky,rick,phasic,0.2127,1788393786.1305358,2340.2,0.0
2026-09-02T19:42:06,1788396126.3,Sky,rick,tonic,0.5471,1788394543.2358308,1583.1,0.4375
2026-09-02T19:42:06,1788396126.3,Sky,rick,valence_ema,0.5942,1788393786.0449677,2340.3,0.5396
2026-09-02T19:42:17,1788396137.0,Sky,rick,novelty_spent,0.2221,1788393786.1311488,2350.8,0.093
2026-09-02T19:42:17,1788396137.0,Sky,rick,phasic,0.2127,1788393786.1305358,2350.8,0.0
2026-09-02T19:42:17,1788396137.0,Sky,rick,tonic,0.5471,1788394543.2358308,1593.7,0.4369
2026-09-02T19:42:17,1788396137.0,Sky,rick,valence_ema,0.5942,1788393786.0449677,2350.9,0.5394
2026-09-02T19:42:27,1788396147.6,Sky,rick,novelty_spent,0.2221,1788393786.1311488,2361.4,0.0926
2026-09-02T19:42:27,1788396147.6,Sky,rick,phasic,0.2127,1788393786.1305358,2361.4,0.0
2026-09-02T19:42:27,1788396147.6,Sky,rick,tonic,0.5471,1788394543.2358308,1604.3,0.4364
2026-09-02T19:42:28,1788396147.6,Sky,rick,valence_ema,0.5942,1788393786.0449677,2361.5,0.5393
2026-09-02T19:42:38,1788396158.2,Sky,rick,novelty_spent,0.2221,1788393786.1311488,2372.1,0.0923
2026-09-02T19:42:38,1788396158.2,Sky,rick,phasic,0.2127,1788393786.1305358,2372.1,0.0
2026-09-02T19:42:38,1788396158.2,Sky,rick,tonic,0.5471,1788394543.2358308,1615.0,0.4359
2026-09-02T19:42:38,1788396158.2,Sky,rick,valence_ema,0.5942,1788393786.0449677,2372.2,0.5391
2026-09-02T19:42:48,1788396168.8,Sky,rick,novelty_spent,0.2221,1788393786.1311488,2382.7,0.0919
2026-09-02T19:42:49,1788396168.8,Sky,rick,phasic,0.2127,1788393786.1305358,2382.7,0.0
2026-09-02T19:42:49,1788396168.8,Sky,rick,tonic,0.5471,1788394543.2358308,1625.6,0.4353
2026-09-02T19:42:49,1788396168.8,Sky,rick,valence_ema,0.5942,1788393786.0449677,2382.8,0.539
2026-09-02T19:42:59,1788396179.5,Sky,rick,novelty_spent,0.2221,1788393786.1311488,2393.3,0.0915
2026-09-02T19:42:59,1788396179.5,Sky,rick,phasic,0.2127,1788393786.1305358,2393.3,0.0
2026-09-02T19:42:59,1788396179.5,Sky,rick,tonic,0.5471,1788394543.2358308,1636.2,0.4348
2026-09-02T19:42:59,1788396179.5,Sky,rick,valence_ema,0.5942,1788393786.0449677,2393.4,0.5388
2026-09-02T19:43:10,1788396190.1,Sky,rick,novelty_spent,0.2221,1788393786.1311488,2404.0,0.0912
2026-09-02T19:43:10,1788396190.1,Sky,rick,phasic,0.2127,1788393786.1305358,2404.0,0.0
2026-09-02T19:43:10,1788396190.1,Sky,rick,tonic,0.5471,1788394543.2358308,1646.9,0.4343
2026-09-02T19:43:10,1788396190.1,Sky,rick,valence_ema,0.5942,1788393786.0449677,2404.1,0.5387
2026-09-02T19:43:20,1788396200.7,Sky,rick,novelty_spent,0.2221,1788393786.1311488,2414.6,0.0908
2026-09-02T19:43:20,1788396200.7,Sky,rick,phasic,0.2127,1788393786.1305358,2414.6,0.0
2026-09-02T19:43:21,1788396200.7,Sky,rick,tonic,0.5471,1788394543.2358308,1657.5,0.4337
2026-09-02T19:43:21,1788396200.7,Sky,rick,valence_ema,0.5942,1788393786.0449677,2414.7,0.5385
2026-09-02T19:43:31,1788396211.4,Sky,rick,novelty_spent,0.2221,1788393786.1311488,2425.2,0.0905
2026-09-02T19:43:31,1788396211.4,Sky,rick,phasic,0.2127,1788393786.1305358,2425.3,0.0
2026-09-02T19:43:31,1788396211.4,Sky,rick,tonic,0.5471,1788394543.2358308,1668.1,0.4332
2026-09-02T19:43:31,1788396211.4,Sky,rick,valence_ema,0.5942,1788393786.0449677,2425.3,0.5384
2026-09-02T19:43:42,1788396222.0,Sky,rick,novelty_spent,0.2221,1788393786.1311488,2435.9,0.0901
2026-09-02T19:43:42,1788396222.0,Sky,rick,phasic,0.2127,1788393786.1305358,2435.9,0.0
2026-09-02T19:43:42,1788396222.0,Sky,rick,tonic,0.5471,1788394543.2358308,1678.8,0.4327
2026-09-02T19:43:42,1788396222.0,Sky,rick,valence_ema,0.5942,1788393786.0449677,2435.9,0.5382
2026-09-02T19:43:52,1788396232.6,Sky,rick,novelty_spent,0.2221,1788393786.1311488,2446.4,0.0898
2026-09-02T19:43:52,1788396232.6,Sky,rick,phasic,0.2127,1788393786.1305358,2446.4,0.0
2026-09-02T19:43:52,1788396232.6,Sky,rick,tonic,0.5471,1788394543.2358308,1689.3,0.4322
2026-09-02T19:43:52,1788396232.6,Sky,rick,valence_ema,0.5942,1788393786.0449677,2446.5,0.5381
2026-09-02T19:44:03,1788396243.1,Sky,rick,novelty_spent,0.2221,1788393786.1311488,2457.0,0.0894
2026-09-02T19:44:03,1788396243.1,Sky,rick,phasic,0.2127,1788393786.1305358,2457.0,0.0
2026-09-02T19:44:03,1788396243.1,Sky,rick,tonic,0.5471,1788394543.2358308,1699.9,0.4317
2026-09-02T19:44:03,1788396243.1,Sky,rick,valence_ema,0.5942,1788393786.0449677,2457.1,0.5379
2026-09-02T19:44:13,1788396253.8,Sky,rick,novelty_spent,0.2221,1788393786.1311488,2467.6,0.089
2026-09-02T19:44:14,1788396253.8,Sky,rick,phasic,0.2127,1788393786.1305358,2467.6,0.0
2026-09-02T19:44:14,1788396253.8,Sky,rick,tonic,0.5471,1788394543.2358308,1710.5,0.4311
2026-09-02T19:44:14,1788396253.8,Sky,rick,valence_ema,0.5942,1788393786.0449677,2467.7,0.5378
2026-09-02T19:44:24,1788396264.4,Sky,rick,novelty_spent,0.2221,1788393786.1311488,2478.3,0.0887
2026-09-02T19:44:24,1788396264.4,Sky,rick,phasic,0.2127,1788393786.1305358,2478.3,0.0
2026-09-02T19:44:24,1788396264.4,Sky,rick,tonic,0.5471,1788394543.2358308,1721.2,0.4306
2026-09-02T19:44:24,1788396264.4,Sky,rick,valence_ema,0.5942,1788393786.0449677,2478.4,0.5376
2026-09-02T19:44:35,1788396275.1,Sky,rick,novelty_spent,0.2221,1788393786.1311488,2489.0,0.0883
2026-09-02T19:44:35,1788396275.1,Sky,rick,phasic,0.2127,1788393786.1305358,2489.0,0.0
2026-09-02T19:44:35,1788396275.1,Sky,rick,tonic,0.5471,1788394543.2358308,1731.9,0.4301
2026-09-02T19:44:35,1788396275.1,Sky,rick,valence_ema,0.5942,1788393786.0449677,2489.1,0.5375
2026-09-02T19:44:45,1788396285.8,Sky,rick,novelty_spent,0.2221,1788393786.1311488,2499.6,0.088
2026-09-02T19:44:46,1788396285.8,Sky,rick,phasic,0.2127,1788393786.1305358,2499.6,0.0
2026-09-02T19:44:46,1788396285.8,Sky,rick,tonic,0.5471,1788394543.2358308,1742.5,0.4296
2026-09-02T19:44:46,1788396285.8,Sky,rick,valence_ema,0.5942,1788393786.0449677,2499.7,0.5373
2026-09-02T19:44:56,1788396296.4,Sky,rick,novelty_spent,0.2221,1788393786.1311488,2510.3,0.0877
2026-09-02T19:44:56,1788396296.4,Sky,rick,phasic,0.2127,1788393786.1305358,2510.3,0.0
2026-09-02T19:44:56,1788396296.4,Sky,rick,tonic,0.5471,1788394543.2358308,1753.1,0.4291
2026-09-02T19:44:56,1788396296.4,Sky,rick,valence_ema,0.5942,1788393786.0449677,2510.3,0.5372
2026-09-02T19:45:07,1788396307.0,Sky,rick,novelty_spent,0.2221,1788393786.1311488,2520.9,0.0873
2026-09-02T19:45:07,1788396307.0,Sky,rick,phasic,0.2127,1788393786.1305358,2520.9,0.0
2026-09-02T19:45:07,1788396307.0,Sky,rick,tonic,0.5471,1788394543.2358308,1763.8,0.4286
2026-09-02T19:45:07,1788396307.0,Sky,rick,valence_ema,0.5942,1788393786.0449677,2521.0,0.537
2026-09-02T19:45:17,1788396317.6,Sky,rick,novelty_spent,0.2221,1788393786.1311488,2531.4,0.087
2026-09-02T19:45:17,1788396317.6,Sky,rick,phasic,0.2127,1788393786.1305358,2531.4,0.0
2026-09-02T19:45:17,1788396317.6,Sky,rick,tonic,0.5471,1788394543.2358308,1774.3,0.4281
2026-09-02T19:45:18,1788396317.6,Sky,rick,valence_ema,0.5942,1788393786.0449677,2531.5,0.5369
2026-09-02T19:45:28,1788396328.2,Sky,rick,novelty_spent,0.2221,1788393786.1311488,2542.0,0.0866
2026-09-02T19:45:28,1788396328.2,Sky,rick,phasic,0.2127,1788393786.1305358,2542.0,0.0
2026-09-02T19:45:28,1788396328.2,Sky,rick,tonic,0.5471,1788394543.2358308,1784.9,0.4276
2026-09-02T19:45:28,1788396328.2,Sky,rick,valence_ema,0.5942,1788393786.0449677,2542.1,0.5367
2026-09-02T19:45:38,1788396338.8,Sky,rick,novelty_spent,0.2221,1788393786.1311488,2552.7,0.0863
2026-09-02T19:45:39,1788396338.8,Sky,rick,phasic,0.2127,1788393786.1305358,2552.7,0.0
2026-09-02T19:45:39,1788396338.8,Sky,rick,tonic,0.5471,1788394543.2358308,1795.6,0.4271
2026-09-02T19:45:39,1788396338.8,Sky,rick,valence_ema,0.5942,1788393786.0449677,2552.8,0.5366
2026-09-02T19:45:49,1788396349.5,Sky,rick,novelty_spent,0.2221,1788393786.1311488,2563.3,0.0859
2026-09-02T19:45:49,1788396349.5,Sky,rick,phasic,0.2127,1788393786.1305358,2563.3,0.0
2026-09-02T19:45:49,1788396349.5,Sky,rick,tonic,0.5471,1788394543.2358308,1806.2,0.4266
2026-09-02T19:45:49,1788396349.5,Sky,rick,valence_ema,0.5942,1788393786.0449677,2563.4,0.5365
2026-09-02T19:46:00,1788396360.2,Sky,rick,novelty_spent,0.2221,1788393786.1311488,2574.0,0.0856
2026-09-02T19:46:00,1788396360.2,Sky,rick,phasic,0.2127,1788393786.1305358,2574.0,0.0
2026-09-02T19:46:00,1788396360.2,Sky,rick,tonic,0.5471,1788394543.2358308,1816.9,0.4261
2026-09-02T19:46:00,1788396360.2,Sky,rick,valence_ema,0.5942,1788393786.0449677,2574.1,0.5363
2026-09-02T19:46:10,1788396370.8,Sky,rick,novelty_spent,0.2221,1788393786.1311488,2584.7,0.0853
2026-09-02T19:46:11,1788396370.8,Sky,rick,phasic,0.2127,1788393786.1305358,2584.7,0.0
2026-09-02T19:46:11,1788396370.8,Sky,rick,tonic,0.5471,1788394543.2358308,1827.5,0.4256
2026-09-02T19:46:11,1788396370.8,Sky,rick,valence_ema,0.5942,1788393786.0449677,2584.7,0.5362
2026-09-02T19:46:21,1788396381.4,Sky,rick,novelty_spent,0.2221,1788393786.1311488,2595.3,0.0849
2026-09-02T19:46:21,1788396381.4,Sky,rick,phasic,0.2127,1788393786.1305358,2595.3,0.0
2026-09-02T19:46:21,1788396381.4,Sky,rick,tonic,0.5471,1788394543.2358308,1838.2,0.4251
2026-09-02T19:46:21,1788396381.4,Sky,rick,valence_ema,0.5942,1788393786.0449677,2595.4,0.536
2026-09-02T19:46:32,1788396392.0,Sky,rick,novelty_spent,0.2221,1788393786.1311488,2605.9,0.0846
2026-09-02T19:46:32,1788396392.0,Sky,rick,phasic,0.2127,1788393786.1305358,2605.9,0.0
2026-09-02T19:46:32,1788396392.0,Sky,rick,tonic,0.5471,1788394543.2358308,1848.8,0.4246
2026-09-02T19:46:32,1788396392.0,Sky,rick,valence_ema,0.5942,1788393786.0449677,2606.0,0.5359
2026-09-02T19:46:42,1788396402.6,Sky,rick,novelty_spent,0.2221,1788393786.1311488,2616.5,0.0843
2026-09-02T19:46:42,1788396402.6,Sky,rick,phasic,0.2127,1788393786.1305358,2616.5,0.0
2026-09-02T19:46:42,1788396402.6,Sky,rick,tonic,0.5471,1788394543.2358308,1859.4,0.4241
2026-09-02T19:46:43,1788396402.6,Sky,rick,valence_ema,0.5942,1788393786.0449677,2616.6,0.5357
2026-09-02T19:46:53,1788396413.3,Sky,rick,novelty_spent,0.2221,1788393786.1311488,2627.1,0.0839
2026-09-02T19:46:53,1788396413.3,Sky,rick,phasic,0.2127,1788393786.1305358,2627.1,0.0
2026-09-02T19:46:53,1788396413.3,Sky,rick,tonic,0.5471,1788394543.2358308,1870.0,0.4236
2026-09-02T19:46:53,1788396413.3,Sky,rick,valence_ema,0.5942,1788393786.0449677,2627.2,0.5356
2026-09-02T19:47:04,1788396423.9,Sky,rick,novelty_spent,0.2221,1788393786.1311488,2637.8,0.0836
2026-09-02T19:47:04,1788396423.9,Sky,rick,phasic,0.2127,1788393786.1305358,2637.8,0.0
2026-09-02T19:47:04,1788396423.9,Sky,rick,tonic,0.5471,1788394543.2358308,1880.7,0.4231
2026-09-02T19:47:04,1788396423.9,Sky,rick,valence_ema,0.5942,1788393786.0449677,2637.8,0.5355
2026-09-02T19:47:14,1788396434.5,Sky,rick,novelty_spent,0.2221,1788393786.1311488,2648.4,0.0833
2026-09-02T19:47:14,1788396434.5,Sky,rick,phasic,0.2127,1788393786.1305358,2648.4,0.0
2026-09-02T19:47:14,1788396434.5,Sky,rick,tonic,0.5471,1788394543.2358308,1891.3,0.4226
2026-09-02T19:47:14,1788396434.5,Sky,rick,valence_ema,0.5942,1788393786.0449677,2648.5,0.5353
2026-09-02T19:47:25,1788396445.2,Sky,rick,novelty_spent,0.2221,1788393786.1311488,2659.0,0.083
2026-09-02T19:47:25,1788396445.2,Sky,rick,phasic,0.2127,1788393786.1305358,2659.0,0.0
2026-09-02T19:47:25,1788396445.2,Sky,rick,tonic,0.5471,1788394543.2358308,1901.9,0.4222
2026-09-02T19:47:25,1788396445.2,Sky,rick,valence_ema,0.5942,1788393786.0449677,2659.1,0.5352
2026-09-02T19:47:35,1788396455.8,Sky,rick,novelty_spent,0.2221,1788393786.1311488,2669.7,0.0826
2026-09-02T19:47:36,1788396455.8,Sky,rick,phasic,0.2127,1788393786.1305358,2669.7,0.0
2026-09-02T19:47:36,1788396455.8,Sky,rick,tonic,0.5471,1788394543.2358308,1912.6,0.4217
2026-09-02T19:47:36,1788396455.8,Sky,rick,valence_ema,0.5942,1788393786.0449677,2669.8,0.535
2026-09-02T19:47:46,1788396466.4,Sky,rick,novelty_spent,0.2221,1788393786.1311488,2680.3,0.0823
2026-09-02T19:47:46,1788396466.4,Sky,rick,phasic,0.2127,1788393786.1305358,2680.3,0.0
2026-09-02T19:47:46,1788396466.4,Sky,rick,tonic,0.5471,1788394543.2358308,1923.2,0.4212
2026-09-02T19:47:46,1788396466.4,Sky,rick,valence_ema,0.5942,1788393786.0449677,2680.4,0.5349
2026-09-02T19:47:57,1788396477.1,Sky,rick,novelty_spent,0.2221,1788393786.1311488,2690.9,0.082
2026-09-02T19:47:57,1788396477.1,Sky,rick,phasic,0.2127,1788393786.1305358,2690.9,0.0
2026-09-02T19:47:57,1788396477.1,Sky,rick,tonic,0.5471,1788394543.2358308,1933.8,0.4207
2026-09-02T19:47:57,1788396477.1,Sky,rick,valence_ema,0.5942,1788393786.0449677,2691.0,0.5348
2026-09-02T19:48:07,1788396487.8,Sky,rick,novelty_spent,0.2221,1788393786.1311488,2701.6,0.0817
2026-09-02T19:48:08,1788396487.8,Sky,rick,phasic,0.2127,1788393786.1305358,2701.6,0.0
2026-09-02T19:48:08,1788396487.8,Sky,rick,tonic,0.5471,1788394543.2358308,1944.5,0.4203
2026-09-02T19:48:08,1788396487.8,Sky,rick,valence_ema,0.5942,1788393786.0449677,2701.7,0.5346
2026-09-02T19:48:18,1788396498.4,Sky,rick,novelty_spent,0.2221,1788393786.1311488,2712.2,0.0813
2026-09-02T19:48:18,1788396498.4,Sky,rick,phasic,0.2127,1788393786.1305358,2712.2,0.0
2026-09-02T19:48:18,1788396498.4,Sky,rick,tonic,0.5471,1788394543.2358308,1955.1,0.4198
2026-09-02T19:48:18,1788396498.4,Sky,rick,valence_ema,0.5942,1788393786.0449677,2712.3,0.5345
2026-09-02T19:48:29,1788396509.0,Sky,rick,novelty_spent,0.2221,1788393786.1311488,2722.8,0.081
2026-09-02T19:48:29,1788396509.0,Sky,rick,phasic,0.2127,1788393786.1305358,2722.8,0.0
2026-09-02T19:48:29,1788396509.0,Sky,rick,tonic,0.5471,1788394543.2358308,1965.7,0.4193
2026-09-02T19:48:29,1788396509.0,Sky,rick,valence_ema,0.5942,1788393786.0449677,2722.9,0.5344
2026-09-02T19:48:39,1788396519.6,Sky,rick,novelty_spent,0.2221,1788393786.1311488,2733.4,0.0807
2026-09-02T19:48:39,1788396519.6,Sky,rick,phasic,0.2127,1788393786.1305358,2733.4,0.0
2026-09-02T19:48:39,1788396519.6,Sky,rick,tonic,0.5471,1788394543.2358308,1976.3,0.4188
2026-09-02T19:48:40,1788396519.6,Sky,rick,valence_ema,0.5942,1788393786.0449677,2733.5,0.5342
2026-09-02T19:48:50,1788396530.2,Sky,rick,novelty_spent,0.2221,1788393786.1311488,2744.1,0.0804
2026-09-02T19:48:50,1788396530.2,Sky,rick,phasic,0.2127,1788393786.1305358,2744.1,0.0
2026-09-02T19:48:50,1788396530.2,Sky,rick,tonic,0.5471,1788394543.2358308,1987.0,0.4184
2026-09-02T19:48:50,1788396530.2,Sky,rick,valence_ema,0.5942,1788393786.0449677,2744.2,0.5341
2026-09-02T19:49:00,1788396540.8,Sky,rick,novelty_spent,0.2221,1788393786.1311488,2754.7,0.0801
2026-09-02T19:49:01,1788396540.8,Sky,rick,phasic,0.2127,1788393786.1305358,2754.7,0.0
2026-09-02T19:49:01,1788396540.8,Sky,rick,tonic,0.5471,1788394543.2358308,1997.6,0.4179
2026-09-02T19:49:01,1788396540.8,Sky,rick,valence_ema,0.5942,1788393786.0449677,2754.8,0.534
2026-09-02T19:49:11,1788396551.4,Sky,rick,novelty_spent,0.2221,1788393786.1311488,2765.3,0.0798
2026-09-02T19:49:11,1788396551.4,Sky,rick,phasic,0.2127,1788393786.1305358,2765.3,0.0
2026-09-02T19:49:11,1788396551.4,Sky,rick,tonic,0.5471,1788394543.2358308,2008.2,0.4175
2026-09-02T19:49:11,1788396551.4,Sky,rick,valence_ema,0.5942,1788393786.0449677,2765.4,0.5338
2026-09-02T19:49:22,1788396562.0,Sky,rick,novelty_spent,0.2221,1788393786.1311488,2775.9,0.0794
2026-09-02T19:49:22,1788396562.0,Sky,rick,phasic,0.2127,1788393786.1305358,2775.9,0.0
2026-09-02T19:49:22,1788396562.0,Sky,rick,tonic,0.5471,1788394543.2358308,2018.8,0.417
2026-09-02T19:49:22,1788396562.0,Sky,rick,valence_ema,0.5942,1788393786.0449677,2776.0,0.5337
2026-09-02T19:49:32,1788396572.6,Sky,rick,novelty_spent,0.2221,1788393786.1311488,2786.5,0.0791
2026-09-02T19:49:32,1788396572.6,Sky,rick,phasic,0.2127,1788393786.1305358,2786.5,0.0
2026-09-02T19:49:32,1788396572.6,Sky,rick,tonic,0.5471,1788394543.2358308,2029.4,0.4165
2026-09-02T19:49:33,1788396572.6,Sky,rick,valence_ema,0.5942,1788393786.0449677,2786.6,0.5336
2026-09-02T19:49:43,1788396583.3,Sky,rick,novelty_spent,0.2221,1788393786.1311488,2797.1,0.0788
2026-09-02T19:49:43,1788396583.3,Sky,rick,phasic,0.2127,1788393786.1305358,2797.1,0.0
2026-09-02T19:49:43,1788396583.3,Sky,rick,tonic,0.5471,1788394543.2358308,2040.0,0.4161
2026-09-02T19:49:43,1788396583.3,Sky,rick,valence_ema,0.5942,1788393786.0449677,2797.2,0.5334
2026-09-02T19:49:54,1788396594.0,Sky,rick,novelty_spent,0.2221,1788393786.1311488,2807.8,0.0785
2026-09-02T19:49:54,1788396594.0,Sky,rick,phasic,0.2127,1788393786.1305358,2807.8,0.0
2026-09-02T19:49:54,1788396594.0,Sky,rick,tonic,0.5471,1788394543.2358308,2050.7,0.4156
2026-09-02T19:49:54,1788396594.0,Sky,rick,valence_ema,0.5942,1788393786.0449677,2807.9,0.5333
2026-09-02T19:50:04,1788396604.6,Sky,rick,novelty_spent,0.2221,1788393786.1311488,2818.5,0.0782
2026-09-02T19:50:04,1788396604.6,Sky,rick,phasic,0.2127,1788393786.1305358,2818.5,0.0
2026-09-02T19:50:04,1788396604.6,Sky,rick,tonic,0.5471,1788394543.2358308,2061.3,0.4152
2026-09-02T19:50:05,1788396604.6,Sky,rick,valence_ema,0.5942,1788393786.0449677,2818.5,0.5332
2026-09-02T19:50:15,1788396615.2,Sky,rick,novelty_spent,0.2221,1788393786.1311488,2829.1,0.0779
2026-09-02T19:50:15,1788396615.2,Sky,rick,phasic,0.2127,1788393786.1305358,2829.1,0.0
2026-09-02T19:50:15,1788396615.2,Sky,rick,tonic,0.5471,1788394543.2358308,2072.0,0.4147
2026-09-02T19:50:15,1788396615.2,Sky,rick,valence_ema,0.5942,1788393786.0449677,2829.2,0.533
2026-09-02T19:50:26,1788396625.9,Sky,rick,novelty_spent,0.2221,1788393786.1311488,2839.8,0.0776
2026-09-02T19:50:26,1788396625.9,Sky,rick,phasic,0.2127,1788393786.1305358,2839.8,0.0
2026-09-02T19:50:26,1788396625.9,Sky,rick,tonic,0.5471,1788394543.2358308,2082.6,0.4143
2026-09-02T19:50:26,1788396625.9,Sky,rick,valence_ema,0.5942,1788393786.0449677,2839.8,0.5329
2026-09-02T19:50:36,1788396636.5,Sky,rick,novelty_spent,0.2221,1788393786.1311488,2850.4,0.0773
2026-09-02T19:50:36,1788396636.5,Sky,rick,phasic,0.2127,1788393786.1305358,2850.4,0.0
2026-09-02T19:50:36,1788396636.5,Sky,rick,tonic,0.5471,1788394543.2358308,2093.3,0.4138
2026-09-02T19:50:37,1788396636.5,Sky,rick,valence_ema,0.5942,1788393786.0449677,2850.5,0.5328
2026-09-02T19:50:47,1788396647.2,Sky,rick,novelty_spent,0.2221,1788393786.1311488,2861.0,0.077
2026-09-02T19:50:47,1788396647.2,Sky,rick,phasic,0.2127,1788393786.1305358,2861.0,0.0
2026-09-02T19:50:47,1788396647.2,Sky,rick,tonic,0.5471,1788394543.2358308,2103.9,0.4134
2026-09-02T19:50:47,1788396647.2,Sky,rick,valence_ema,0.5942,1788393786.0449677,2861.1,0.5326
2026-09-02T19:50:57,1788396657.8,Sky,rick,novelty_spent,0.2221,1788393786.1311488,2871.7,0.0767
2026-09-02T19:50:58,1788396657.8,Sky,rick,phasic,0.2127,1788393786.1305358,2871.7,0.0
2026-09-02T19:50:58,1788396657.8,Sky,rick,tonic,0.5471,1788394543.2358308,2114.6,0.4129
2026-09-02T19:50:58,1788396657.8,Sky,rick,valence_ema,0.5942,1788393786.0449677,2871.8,0.5325
2026-09-02T19:51:08,1788396668.4,Sky,rick,novelty_spent,0.2221,1788393786.1311488,2882.3,0.0764
2026-09-02T19:51:08,1788396668.4,Sky,rick,phasic,0.2127,1788393786.1305358,2882.3,0.0
2026-09-02T19:51:08,1788396668.4,Sky,rick,tonic,0.5471,1788394543.2358308,2125.2,0.4125
2026-09-02T19:51:08,1788396668.4,Sky,rick,valence_ema,0.5942,1788393786.0449677,2882.4,0.5324
2026-09-02T19:51:19,1788396679.1,Sky,rick,novelty_spent,0.2221,1788393786.1311488,2892.9,0.0761
2026-09-02T19:51:19,1788396679.1,Sky,rick,phasic,0.2127,1788393786.1305358,2892.9,0.0
2026-09-02T19:51:19,1788396679.1,Sky,rick,tonic,0.5471,1788394543.2358308,2135.8,0.412
2026-09-02T19:51:19,1788396679.1,Sky,rick,valence_ema,0.5942,1788393786.0449677,2893.0,0.5323
2026-09-02T19:51:29,1788396689.8,Sky,rick,novelty_spent,0.2221,1788393786.1311488,2903.6,0.0758
2026-09-02T19:51:30,1788396689.8,Sky,rick,phasic,0.2127,1788393786.1305358,2903.6,0.0
2026-09-02T19:51:30,1788396689.8,Sky,rick,tonic,0.5471,1788394543.2358308,2146.5,0.4116
2026-09-02T19:51:30,1788396689.8,Sky,rick,valence_ema,0.5942,1788393786.0449677,2903.7,0.5321
2026-09-02T19:51:40,1788396700.4,Sky,rick,novelty_spent,0.2221,1788393786.1311488,2914.3,0.0755
2026-09-02T19:51:40,1788396700.4,Sky,rick,phasic,0.2127,1788393786.1305358,2914.3,0.0
2026-09-02T19:51:40,1788396700.4,Sky,rick,tonic,0.5471,1788394543.2358308,2157.2,0.4111
2026-09-02T19:51:40,1788396700.4,Sky,rick,valence_ema,0.5942,1788393786.0449677,2914.4,0.532
2026-09-02T19:51:51,1788396711.1,Sky,rick,novelty_spent,0.2221,1788393786.1311488,2925.0,0.0752
2026-09-02T19:51:51,1788396711.1,Sky,rick,phasic,0.2127,1788393786.1305358,2925.0,0.0
2026-09-02T19:51:51,1788396711.1,Sky,rick,tonic,0.5471,1788394543.2358308,2167.8,0.4107
2026-09-02T19:51:51,1788396711.1,Sky,rick,valence_ema,0.5942,1788393786.0449677,2925.0,0.5319
2026-09-02T19:52:01,1788396721.8,Sky,rick,novelty_spent,0.2221,1788393786.1311488,2935.6,0.0749
2026-09-02T19:52:02,1788396721.8,Sky,rick,phasic,0.2127,1788393786.1305358,2935.6,0.0
2026-09-02T19:52:02,1788396721.8,Sky,rick,tonic,0.5471,1788394543.2358308,2178.5,0.4103
2026-09-02T19:52:02,1788396721.8,Sky,rick,valence_ema,0.5942,1788393786.0449677,2935.7,0.5318
2026-09-02T19:52:12,1788396732.4,Sky,rick,novelty_spent,0.2221,1788393786.1311488,2946.3,0.0746
2026-09-02T19:52:12,1788396732.4,Sky,rick,phasic,0.2127,1788393786.1305358,2946.3,0.0
2026-09-02T19:52:12,1788396732.4,Sky,rick,tonic,0.5471,1788394543.2358308,2189.2,0.4098
2026-09-02T19:52:12,1788396732.4,Sky,rick,valence_ema,0.5942,1788393786.0449677,2946.4,0.5316
2026-09-02T19:52:23,1788396743.0,Sky,rick,novelty_spent,0.2221,1788393786.1311488,2956.9,0.0743
2026-09-02T19:52:23,1788396743.0,Sky,rick,phasic,0.2127,1788393786.1305358,2956.9,0.0
2026-09-02T19:52:23,1788396743.0,Sky,rick,tonic,0.5471,1788394543.2358308,2199.8,0.4094
2026-09-02T19:52:23,1788396743.0,Sky,rick,valence_ema,0.5942,1788393786.0449677,2957.0,0.5315
2026-09-02T19:52:33,1788396753.6,Sky,rick,novelty_spent,0.2221,1788393786.1311488,2967.5,0.074
2026-09-02T19:52:33,1788396753.6,Sky,rick,phasic,0.2127,1788393786.1305358,2967.5,0.0
2026-09-02T19:52:34,1788396753.6,Sky,rick,tonic,0.5471,1788394543.2358308,2210.4,0.409
2026-09-02T19:52:34,1788396753.6,Sky,rick,valence_ema,0.5942,1788393786.0449677,2967.6,0.5314
2026-09-02T19:52:44,1788396764.3,Sky,rick,novelty_spent,0.2221,1788393786.1311488,2978.2,0.0737
2026-09-02T19:52:44,1788396764.3,Sky,rick,phasic,0.2127,1788393786.1305358,2978.2,0.0
2026-09-02T19:52:44,1788396764.3,Sky,rick,tonic,0.5471,1788394543.2358308,2221.1,0.4085
2026-09-02T19:52:44,1788396764.3,Sky,rick,valence_ema,0.5942,1788393786.0449677,2978.3,0.5313
2026-09-02T19:52:55,1788396775.0,Sky,rick,novelty_spent,0.2221,1788393786.1311488,2988.8,0.0734
2026-09-02T19:52:55,1788396775.0,Sky,rick,phasic,0.2127,1788393786.1305358,2988.8,0.0
2026-09-02T19:52:55,1788396775.0,Sky,rick,tonic,0.5471,1788394543.2358308,2231.7,0.4081
2026-09-02T19:52:55,1788396775.0,Sky,rick,valence_ema,0.5942,1788393786.0449677,2988.9,0.5311
2026-09-02T19:53:05,1788396785.6,Sky,rick,novelty_spent,0.2221,1788393786.1311488,2999.4,0.0731
2026-09-02T19:53:05,1788396785.6,Sky,rick,phasic,0.2127,1788393786.1305358,2999.4,0.0
2026-09-02T19:53:05,1788396785.6,Sky,rick,tonic,0.5471,1788394543.2358308,2242.3,0.4077
2026-09-02T19:53:06,1788396785.6,Sky,rick,valence_ema,0.5942,1788393786.0449677,2999.5,0.531
2026-09-02T19:53:16,1788396796.2,Sky,rick,novelty_spent,0.2221,1788393786.1311488,3010.1,0.0728
2026-09-02T19:53:16,1788396796.2,Sky,rick,phasic,0.2127,1788393786.1305358,3010.1,0.0
2026-09-02T19:53:16,1788396796.2,Sky,rick,tonic,0.5471,1788394543.2358308,2253.0,0.4073
2026-09-02T19:53:16,1788396796.2,Sky,rick,valence_ema,0.5942,1788393786.0449677,3010.2,0.5309
2026-09-02T19:53:26,1788396806.8,Sky,rick,novelty_spent,0.2221,1788393786.1311488,3020.6,0.0726
2026-09-02T19:53:26,1788396806.8,Sky,rick,phasic,0.2127,1788393786.1305358,3020.6,0.0
2026-09-02T19:53:27,1788396806.8,Sky,rick,tonic,0.5471,1788394543.2358308,2263.5,0.4069
2026-09-02T19:53:27,1788396806.8,Sky,rick,valence_ema,0.5942,1788393786.0449677,3020.7,0.5308
2026-09-02T19:53:37,1788396817.3,Sky,rick,novelty_spent,0.2221,1788393786.1311488,3031.2,0.0723
2026-09-02T19:53:37,1788396817.3,Sky,rick,phasic,0.2127,1788393786.1305358,3031.2,0.0
2026-09-02T19:53:37,1788396817.3,Sky,rick,tonic,0.5471,1788394543.2358308,2274.1,0.4064
2026-09-02T19:53:37,1788396817.3,Sky,rick,valence_ema,0.5942,1788393786.0449677,3031.3,0.5307
2026-09-02T19:53:48,1788396827.9,Sky,rick,novelty_spent,0.2221,1788393786.1311488,3041.8,0.072
2026-09-02T19:53:48,1788396827.9,Sky,rick,phasic,0.2127,1788393786.1305358,3041.8,0.0
2026-09-02T19:53:48,1788396827.9,Sky,rick,tonic,0.5471,1788394543.2358308,2284.7,0.406
2026-09-02T19:53:48,1788396827.9,Sky,rick,valence_ema,0.5942,1788393786.0449677,3041.9,0.5305
2026-09-02T19:53:58,1788396838.6,Sky,rick,novelty_spent,0.2221,1788393786.1311488,3052.5,0.0717
2026-09-02T19:53:58,1788396838.6,Sky,rick,phasic,0.2127,1788393786.1305358,3052.5,0.0
2026-09-02T19:53:58,1788396838.6,Sky,rick,tonic,0.5471,1788394543.2358308,2295.4,0.4056
2026-09-02T19:53:59,1788396838.6,Sky,rick,valence_ema,0.5942,1788393786.0449677,3052.6,0.5304
2026-09-02T19:54:09,1788396849.2,Sky,rick,novelty_spent,0.2221,1788393786.1311488,3063.1,0.0714
2026-09-02T19:54:09,1788396849.2,Sky,rick,phasic,0.2127,1788393786.1305358,3063.1,0.0
2026-09-02T19:54:09,1788396849.2,Sky,rick,tonic,0.5471,1788394543.2358308,2306.0,0.4052
2026-09-02T19:54:09,1788396849.2,Sky,rick,valence_ema,0.5942,1788393786.0449677,3063.2,0.5303
2026-09-02T19:54:20,1788396859.9,Sky,rick,novelty_spent,0.2221,1788393786.1311488,3073.8,0.0711
2026-09-02T19:54:20,1788396859.9,Sky,rick,phasic,0.2127,1788393786.1305358,3073.8,0.0
2026-09-02T19:54:20,1788396859.9,Sky,rick,tonic,0.5471,1788394543.2358308,2316.7,0.4048
2026-09-02T19:54:20,1788396859.9,Sky,rick,valence_ema,0.5942,1788393786.0449677,3073.8,0.5302
2026-09-02T19:54:30,1788396870.5,Sky,rick,novelty_spent,0.2221,1788393786.1311488,3084.4,0.0709
2026-09-02T19:54:30,1788396870.5,Sky,rick,phasic,0.2127,1788393786.1305358,3084.4,0.0
2026-09-02T19:54:30,1788396870.5,Sky,rick,tonic,0.5471,1788394543.2358308,2327.3,0.4044
2026-09-02T19:54:30,1788396870.5,Sky,rick,valence_ema,0.5942,1788393786.0449677,3084.5,0.5301
2026-09-02T19:54:41,1788396881.2,Sky,rick,novelty_spent,0.2221,1788393786.1311488,3095.0,0.0706
2026-09-02T19:54:41,1788396881.2,Sky,rick,phasic,0.2127,1788393786.1305358,3095.0,0.0
2026-09-02T19:54:41,1788396881.2,Sky,rick,tonic,0.5471,1788394543.2358308,2337.9,0.4039
2026-09-02T19:54:41,1788396881.2,Sky,rick,valence_ema,0.5942,1788393786.0449677,3095.1,0.5299
2026-09-02T19:54:51,1788396891.8,Sky,rick,novelty_spent,0.2221,1788393786.1311488,3105.7,0.0703
2026-09-02T19:54:52,1788396891.8,Sky,rick,phasic,0.2127,1788393786.1305358,3105.7,0.0
2026-09-02T19:54:52,1788396891.8,Sky,rick,tonic,0.5471,1788394543.2358308,2348.6,0.4035
2026-09-02T19:54:52,1788396891.8,Sky,rick,valence_ema,0.5942,1788393786.0449677,3105.7,0.5298
2026-09-02T19:55:02,1788396902.4,Sky,rick,novelty_spent,0.2221,1788393786.1311488,3116.3,0.07
2026-09-02T19:55:02,1788396902.4,Sky,rick,phasic,0.2127,1788393786.1305358,3116.3,0.0
2026-09-02T19:55:02,1788396902.4,Sky,rick,tonic,0.5471,1788394543.2358308,2359.2,0.4031
2026-09-02T19:55:02,1788396902.4,Sky,rick,valence_ema,0.5942,1788393786.0449677,3116.4,0.5297
2026-09-02T19:55:13,1788396913.0,Sky,rick,novelty_spent,0.2221,1788393786.1311488,3126.9,0.0698
2026-09-02T19:55:13,1788396913.0,Sky,rick,phasic,0.2127,1788393786.1305358,3126.9,0.0
2026-09-02T19:55:13,1788396913.0,Sky,rick,tonic,0.5471,1788394543.2358308,2369.8,0.4027
2026-09-02T19:55:13,1788396913.0,Sky,rick,valence_ema,0.5942,1788393786.0449677,3127.0,0.5296
2026-09-02T19:55:23,1788396923.6,Sky,rick,novelty_spent,0.2221,1788393786.1311488,3137.5,0.0695
2026-09-02T19:55:23,1788396923.6,Sky,rick,phasic,0.2127,1788393786.1305358,3137.5,0.0
2026-09-02T19:55:23,1788396923.6,Sky,rick,tonic,0.5471,1788394543.2358308,2380.4,0.4023
2026-09-02T19:55:24,1788396923.6,Sky,rick,valence_ema,0.5942,1788393786.0449677,3137.6,0.5295
2026-09-02T19:55:34,1788396934.3,Sky,rick,novelty_spent,0.2221,1788393786.1311488,3148.1,0.0692
2026-09-02T19:55:34,1788396934.3,Sky,rick,phasic,0.2127,1788393786.1305358,3148.1,0.0
2026-09-02T19:55:34,1788396934.3,Sky,rick,tonic,0.5471,1788394543.2358308,2391.0,0.4019
2026-09-02T19:55:34,1788396934.3,Sky,rick,valence_ema,0.5942,1788393786.0449677,3148.2,0.5294
2026-09-02T19:55:45,1788396944.9,Sky,rick,novelty_spent,0.2221,1788393786.1311488,3158.8,0.0689
2026-09-02T19:55:45,1788396944.9,Sky,rick,phasic,0.2127,1788393786.1305358,3158.8,0.0
2026-09-02T19:55:45,1788396944.9,Sky,rick,tonic,0.5471,1788394543.2358308,2401.7,0.4015
2026-09-02T19:55:45,1788396944.9,Sky,rick,valence_ema,0.5942,1788393786.0449677,3158.9,0.5292
2026-09-02T19:55:55,1788396955.6,Sky,rick,novelty_spent,0.2221,1788393786.1311488,3169.4,0.0687
2026-09-02T19:55:55,1788396955.6,Sky,rick,phasic,0.2127,1788393786.1305358,3169.4,0.0
2026-09-02T19:55:55,1788396955.6,Sky,rick,tonic,0.5471,1788394543.2358308,2412.3,0.4011
2026-09-02T19:55:56,1788396955.6,Sky,rick,valence_ema,0.5942,1788393786.0449677,3169.5,0.5291
2026-09-02T19:56:06,1788396966.2,Sky,rick,novelty_spent,0.2221,1788393786.1311488,3180.1,0.0684
2026-09-02T19:56:06,1788396966.2,Sky,rick,phasic,0.2127,1788393786.1305358,3180.1,0.0
2026-09-02T19:56:06,1788396966.2,Sky,rick,tonic,0.5471,1788394543.2358308,2423.0,0.4007
2026-09-02T19:56:06,1788396966.2,Sky,rick,valence_ema,0.5942,1788393786.0449677,3180.2,0.529
2026-09-02T19:56:16,1788396976.8,Sky,rick,novelty_spent,0.2221,1788393786.1311488,3190.7,0.0681
2026-09-02T19:56:17,1788396976.8,Sky,rick,phasic,0.2127,1788393786.1305358,3190.7,0.0
2026-09-02T19:56:17,1788396976.8,Sky,rick,tonic,0.5471,1788394543.2358308,2433.6,0.4003
2026-09-02T19:56:17,1788396976.8,Sky,rick,valence_ema,0.5942,1788393786.0449677,3190.8,0.5289
2026-09-02T19:56:27,1788396987.4,Sky,rick,novelty_spent,0.2221,1788393786.1311488,3201.3,0.0679
2026-09-02T19:56:27,1788396987.4,Sky,rick,phasic,0.2127,1788393786.1305358,3201.3,0.0
2026-09-02T19:56:27,1788396987.4,Sky,rick,tonic,0.5471,1788394543.2358308,2444.2,0.3999
2026-09-02T19:56:27,1788396987.4,Sky,rick,valence_ema,0.5942,1788393786.0449677,3201.4,0.5288
2026-09-02T19:56:38,1788396998.0,Sky,rick,novelty_spent,0.2221,1788393786.1311488,3211.9,0.0676
2026-09-02T19:56:38,1788396998.0,Sky,rick,phasic,0.2127,1788393786.1305358,3211.9,0.0
2026-09-02T19:56:38,1788396998.0,Sky,rick,tonic,0.5471,1788394543.2358308,2454.8,0.3995
2026-09-02T19:56:38,1788396998.0,Sky,rick,valence_ema,0.5942,1788393786.0449677,3212.0,0.5287
2026-09-02T19:56:48,1788397008.7,Sky,rick,novelty_spent,0.2221,1788393786.1311488,3222.6,0.0673
2026-09-02T19:56:48,1788397008.7,Sky,rick,phasic,0.2127,1788393786.1305358,3222.6,0.0
2026-09-02T19:56:49,1788397008.7,Sky,rick,tonic,0.5471,1788394543.2358308,2465.5,0.3992
2026-09-02T19:56:49,1788397008.7,Sky,rick,valence_ema,0.5942,1788393786.0449677,3222.6,0.5286
2026-09-02T19:56:59,1788397019.4,Sky,rick,novelty_spent,0.2221,1788393786.1311488,3233.3,0.0671
2026-09-02T19:56:59,1788397019.4,Sky,rick,phasic,0.2127,1788393786.1305358,3233.3,0.0
2026-09-02T19:56:59,1788397019.4,Sky,rick,tonic,0.5471,1788394543.2358308,2476.1,0.3988
2026-09-02T19:56:59,1788397019.4,Sky,rick,valence_ema,0.5942,1788393786.0449677,3233.3,0.5284
2026-09-02T19:57:10,1788397030.0,Sky,rick,novelty_spent,0.2221,1788393786.1311488,3243.8,0.0668
2026-09-02T19:57:10,1788397030.0,Sky,rick,phasic,0.2127,1788393786.1305358,3243.8,0.0
2026-09-02T19:57:10,1788397030.0,Sky,rick,tonic,0.5471,1788394543.2358308,2486.7,0.3984
2026-09-02T19:57:10,1788397030.0,Sky,rick,valence_ema,0.5942,1788393786.0449677,3243.9,0.5283
2026-09-02T19:57:20,1788397040.6,Sky,rick,novelty_spent,0.2221,1788393786.1311488,3254.4,0.0665
2026-09-02T19:57:20,1788397040.6,Sky,rick,phasic,0.2127,1788393786.1305358,3254.4,0.0
2026-09-02T19:57:20,1788397040.6,Sky,rick,tonic,0.5471,1788394543.2358308,2497.3,0.398
2026-09-02T19:57:21,1788397040.6,Sky,rick,valence_ema,0.5942,1788393786.0449677,3254.5,0.5282
2026-09-02T19:57:31,1788397051.2,Sky,rick,novelty_spent,0.2221,1788393786.1311488,3265.1,0.0663
2026-09-02T19:57:31,1788397051.2,Sky,rick,phasic,0.2127,1788393786.1305358,3265.1,0.0
2026-09-02T19:57:31,1788397051.2,Sky,rick,tonic,0.5471,1788394543.2358308,2508.0,0.3976
2026-09-02T19:57:31,1788397051.2,Sky,rick,valence_ema,0.5942,1788393786.0449677,3265.2,0.5281
2026-09-02T19:57:41,1788397061.8,Sky,rick,novelty_spent,0.2221,1788393786.1311488,3275.7,0.066
2026-09-02T19:57:42,1788397061.8,Sky,rick,phasic,0.2127,1788393786.1305358,3275.7,0.0
2026-09-02T19:57:42,1788397061.8,Sky,rick,tonic,0.5471,1788394543.2358308,2518.6,0.3972
2026-09-02T19:57:42,1788397061.8,Sky,rick,valence_ema,0.5942,1788393786.0449677,3275.8,0.528
2026-09-02T19:57:52,1788397072.4,Sky,rick,novelty_spent,0.2221,1788393786.1311488,3286.3,0.0658
2026-09-02T19:57:52,1788397072.4,Sky,rick,phasic,0.2127,1788393786.1305358,3286.3,0.0
2026-09-02T19:57:52,1788397072.4,Sky,rick,tonic,0.5471,1788394543.2358308,2529.2,0.3968
2026-09-02T19:57:52,1788397072.4,Sky,rick,valence_ema,0.5942,1788393786.0449677,3286.4,0.5279
2026-09-02T19:58:03,1788397083.0,Sky,rick,novelty_spent,0.2221,1788393786.1311488,3296.9,0.0655
2026-09-02T19:58:03,1788397083.0,Sky,rick,phasic,0.2127,1788393786.1305358,3296.9,0.0
2026-09-02T19:58:03,1788397083.0,Sky,rick,tonic,0.5471,1788394543.2358308,2539.8,0.3965
2026-09-02T19:58:03,1788397083.0,Sky,rick,valence_ema,0.5942,1788393786.0449677,3297.0,0.5278
2026-09-02T19:58:13,1788397093.6,Sky,rick,novelty_spent,0.2221,1788393786.1311488,3307.5,0.0652
2026-09-02T19:58:13,1788397093.6,Sky,rick,phasic,0.2127,1788393786.1305358,3307.5,0.0
2026-09-02T19:58:13,1788397093.6,Sky,rick,tonic,0.5471,1788394543.2358308,2550.4,0.3961
2026-09-02T19:58:14,1788397093.6,Sky,rick,valence_ema,0.5942,1788393786.0449677,3307.6,0.5277
2026-09-02T19:58:24,1788397104.2,Sky,rick,novelty_spent,0.2221,1788393786.1311488,3318.1,0.065
2026-09-02T19:58:24,1788397104.2,Sky,rick,phasic,0.2127,1788393786.1305358,3318.1,0.0
2026-09-02T19:58:24,1788397104.2,Sky,rick,tonic,0.5471,1788394543.2358308,2561.0,0.3957
2026-09-02T19:58:24,1788397104.2,Sky,rick,valence_ema,0.5942,1788393786.0449677,3318.2,0.5276
2026-09-02T19:58:34,1788397114.9,Sky,rick,novelty_spent,0.2221,1788393786.1311488,3328.7,0.0647
2026-09-02T19:58:35,1788397114.9,Sky,rick,phasic,0.2127,1788393786.1305358,3328.7,0.0
2026-09-02T19:58:35,1788397114.9,Sky,rick,tonic,0.5471,1788394543.2358308,2571.6,0.3953
2026-09-02T19:58:35,1788397114.9,Sky,rick,valence_ema,0.5942,1788393786.0449677,3328.8,0.5275
2026-09-02T19:58:45,1788397125.5,Sky,rick,novelty_spent,0.2221,1788393786.1311488,3339.3,0.0645
2026-09-02T19:58:45,1788397125.5,Sky,rick,phasic,0.2127,1788393786.1305358,3339.3,0.0
2026-09-02T19:58:45,1788397125.5,Sky,rick,tonic,0.5471,1788394543.2358308,2582.2,0.395
2026-09-02T19:58:45,1788397125.5,Sky,rick,valence_ema,0.5942,1788393786.0449677,3339.4,0.5273
2026-09-02T19:58:56,1788397136.1,Sky,rick,novelty_spent,0.2221,1788393786.1311488,3350.0,0.0642
2026-09-02T19:58:56,1788397136.1,Sky,rick,phasic,0.2127,1788393786.1305358,3350.0,0.0
2026-09-02T19:58:56,1788397136.1,Sky,rick,tonic,0.5471,1788394543.2358308,2592.9,0.3946
2026-09-02T19:58:56,1788397136.1,Sky,rick,valence_ema,0.5942,1788393786.0449677,3350.1,0.5272
2026-09-02T19:59:06,1788397146.7,Sky,rick,novelty_spent,0.2221,1788393786.1311488,3360.6,0.064
2026-09-02T19:59:06,1788397146.7,Sky,rick,phasic,0.2127,1788393786.1305358,3360.6,0.0
2026-09-02T19:59:07,1788397146.7,Sky,rick,tonic,0.5471,1788394543.2358308,2603.5,0.3942
2026-09-02T19:59:07,1788397146.7,Sky,rick,valence_ema,0.5942,1788393786.0449677,3360.7,0.5271
2026-09-02T19:59:17,1788397157.3,Sky,rick,novelty_spent,0.2221,1788393786.1311488,3371.2,0.0637
2026-09-02T19:59:17,1788397157.3,Sky,rick,phasic,0.2127,1788393786.1305358,3371.2,0.0
2026-09-02T19:59:17,1788397157.3,Sky,rick,tonic,0.5471,1788394543.2358308,2614.1,0.3938
2026-09-02T19:59:17,1788397157.3,Sky,rick,valence_ema,0.5942,1788393786.0449677,3371.3,0.527
2026-09-02T19:59:28,1788397167.9,Sky,rick,novelty_spent,0.2221,1788393786.1311488,3381.8,0.0635
2026-09-02T19:59:28,1788397167.9,Sky,rick,phasic,0.2127,1788393786.1305358,3381.8,0.0
2026-09-02T19:59:28,1788397167.9,Sky,rick,tonic,0.5471,1788394543.2358308,2624.7,0.3935
2026-09-02T19:59:28,1788397167.9,Sky,rick,valence_ema,0.5942,1788393786.0449677,3381.9,0.5269
2026-09-02T19:59:38,1788397178.6,Sky,rick,novelty_spent,0.2221,1788393786.1311488,3392.4,0.0632
2026-09-02T19:59:38,1788397178.6,Sky,rick,phasic,0.2127,1788393786.1305358,3392.4,0.0
2026-09-02T19:59:38,1788397178.6,Sky,rick,tonic,0.5471,1788394543.2358308,2635.3,0.3931
2026-09-02T19:59:39,1788397178.6,Sky,rick,valence_ema,0.5942,1788393786.0449677,3392.5,0.5268
2026-09-02T19:59:49,1788397189.2,Sky,rick,novelty_spent,0.2221,1788393786.1311488,3403.1,0.063
2026-09-02T19:59:49,1788397189.2,Sky,rick,phasic,0.2127,1788393786.1305358,3403.1,0.0
2026-09-02T19:59:49,1788397189.2,Sky,rick,tonic,0.5471,1788394543.2358308,2646.0,0.3927
2026-09-02T19:59:49,1788397189.2,Sky,rick,valence_ema,0.5942,1788393786.0449677,3403.2,0.5267
2026-09-02T20:00:00,1788397199.9,Sky,rick,novelty_spent,0.2221,1788393786.1311488,3413.7,0.0627
2026-09-02T20:00:00,1788397199.9,Sky,rick,phasic,0.2127,1788393786.1305358,3413.7,0.0
2026-09-02T20:00:00,1788397199.9,Sky,rick,tonic,0.5471,1788394543.2358308,2656.6,0.3924
2026-09-02T20:00:00,1788397199.9,Sky,rick,valence_ema,0.5942,1788393786.0449677,3413.8,0.5266
2026-09-02T20:00:10,1788397210.5,Sky,rick,novelty_spent,0.2221,1788393786.1311488,3424.4,0.0625
2026-09-02T20:00:10,1788397210.5,Sky,rick,phasic,0.2127,1788393786.1305358,3424.4,0.0
2026-09-02T20:00:10,1788397210.5,Sky,rick,tonic,0.5471,1788394543.2358308,2667.3,0.392
2026-09-02T20:00:10,1788397210.5,Sky,rick,valence_ema,0.5942,1788393786.0449677,3424.4,0.5265
2026-09-02T20:00:21,1788397221.1,Sky,rick,novelty_spent,0.2221,1788393786.1311488,3435.0,0.0622
2026-09-02T20:00:21,1788397221.1,Sky,rick,phasic,0.2127,1788393786.1305358,3435.0,0.0
2026-09-02T20:00:21,1788397221.1,Sky,rick,tonic,0.5471,1788394543.2358308,2677.9,0.3917
2026-09-02T20:00:21,1788397221.1,Sky,rick,valence_ema,0.5942,1788393786.0449677,3435.1,0.5264
2026-09-02T20:00:31,1788397231.8,Sky,rick,novelty_spent,0.2221,1788393786.1311488,3445.7,0.062
2026-09-02T20:00:32,1788397231.8,Sky,rick,phasic,0.2127,1788393786.1305358,3445.7,0.0
2026-09-02T20:00:32,1788397231.8,Sky,rick,tonic,0.5471,1788394543.2358308,2688.5,0.3913
2026-09-02T20:00:32,1788397231.8,Sky,rick,valence_ema,0.5942,1788393786.0449677,3445.7,0.5263
2026-09-02T20:00:42,1788397242.4,Sky,rick,novelty_spent,0.2221,1788393786.1311488,3456.3,0.0617
2026-09-02T20:00:42,1788397242.4,Sky,rick,phasic,0.2127,1788393786.1305358,3456.3,0.0
2026-09-02T20:00:42,1788397242.4,Sky,rick,tonic,0.5471,1788394543.2358308,2699.2,0.3909
2026-09-02T20:00:42,1788397242.4,Sky,rick,valence_ema,0.5942,1788393786.0449677,3456.4,0.5262
2026-09-02T20:00:53,1788397253.0,Sky,rick,novelty_spent,0.2221,1788393786.1311488,3466.9,0.0615
2026-09-02T20:00:53,1788397253.0,Sky,rick,phasic,0.2127,1788393786.1305358,3466.9,0.0
2026-09-02T20:00:53,1788397253.0,Sky,rick,tonic,0.5471,1788394543.2358308,2709.8,0.3906
2026-09-02T20:00:53,1788397253.0,Sky,rick,valence_ema,0.5942,1788393786.0449677,3467.0,0.5261
2026-09-02T20:01:03,1788397263.7,Sky,rick,novelty_spent,0.2221,1788393786.1311488,3477.5,0.0613
2026-09-02T20:01:03,1788397263.7,Sky,rick,phasic,0.2127,1788393786.1305358,3477.5,0.0
2026-09-02T20:01:04,1788397263.7,Sky,rick,tonic,0.5471,1788394543.2358308,2720.4,0.3902
2026-09-02T20:01:04,1788397263.7,Sky,rick,valence_ema,0.5942,1788393786.0449677,3477.6,0.526
2026-09-02T20:01:14,1788397274.3,Sky,rick,novelty_spent,0.2221,1788393786.1311488,3488.2,0.061
2026-09-02T20:01:14,1788397274.3,Sky,rick,phasic,0.2127,1788393786.1305358,3488.2,0.0
2026-09-02T20:01:14,1788397274.3,Sky,rick,tonic,0.5471,1788394543.2358308,2731.1,0.3899
2026-09-02T20:01:14,1788397274.3,Sky,rick,valence_ema,0.5942,1788393786.0449677,3488.3,0.5259
2026-09-02T20:01:25,1788397284.9,Sky,rick,novelty_spent,0.2221,1788393786.1311488,3498.8,0.0608
2026-09-02T20:01:25,1788397284.9,Sky,rick,phasic,0.2127,1788393786.1305358,3498.8,0.0
2026-09-02T20:01:25,1788397284.9,Sky,rick,tonic,0.5471,1788394543.2358308,2741.7,0.3895
2026-09-02T20:01:25,1788397284.9,Sky,rick,valence_ema,0.5942,1788393786.0449677,3498.9,0.5258
2026-09-02T20:01:35,1788397295.6,Sky,rick,novelty_spent,0.2221,1788393786.1311488,3509.5,0.0605
2026-09-02T20:01:35,1788397295.6,Sky,rick,phasic,0.2127,1788393786.1305358,3509.5,0.0
2026-09-02T20:01:35,1788397295.6,Sky,rick,tonic,0.5471,1788394543.2358308,2752.4,0.3892
2026-09-02T20:01:36,1788397295.6,Sky,rick,valence_ema,0.5942,1788393786.0449677,3509.6,0.5257
2026-09-02T20:01:46,1788397306.2,Sky,rick,novelty_spent,0.2221,1788393786.1311488,3520.1,0.0603
2026-09-02T20:01:46,1788397306.2,Sky,rick,phasic,0.2127,1788393786.1305358,3520.1,0.0
2026-09-02T20:01:46,1788397306.2,Sky,rick,tonic,0.5471,1788394543.2358308,2763.0,0.3888
2026-09-02T20:01:46,1788397306.2,Sky,rick,valence_ema,0.5942,1788393786.0449677,3520.2,0.5256
2026-09-02T20:01:56,1788397316.8,Sky,rick,novelty_spent,0.2221,1788393786.1311488,3530.7,0.0601
2026-09-02T20:01:57,1788397316.8,Sky,rick,phasic,0.2127,1788393786.1305358,3530.7,0.0
2026-09-02T20:01:57,1788397316.8,Sky,rick,tonic,0.5471,1788394543.2358308,2773.6,0.3885
2026-09-02T20:01:57,1788397316.8,Sky,rick,valence_ema,0.5942,1788393786.0449677,3530.8,0.5255
2026-09-02T20:02:07,1788397327.5,Sky,rick,novelty_spent,0.2221,1788393786.1311488,3541.4,0.0598
2026-09-02T20:02:07,1788397327.5,Sky,rick,phasic,0.2127,1788393786.1305358,3541.4,0.0
2026-09-02T20:02:07,1788397327.5,Sky,rick,tonic,0.5471,1788394543.2358308,2784.3,0.3881
2026-09-02T20:02:08,1788397327.5,Sky,rick,valence_ema,0.5942,1788393786.0449677,3541.5,0.5254
2026-09-02T20:02:18,1788397338.2,Sky,rick,novelty_spent,0.2221,1788393786.1311488,3552.0,0.0596
2026-09-02T20:02:18,1788397338.2,Sky,rick,phasic,0.2127,1788393786.1305358,3552.0,0.0
2026-09-02T20:02:18,1788397338.2,Sky,rick,tonic,0.5471,1788394543.2358308,2794.9,0.3878
2026-09-02T20:02:18,1788397338.2,Sky,rick,valence_ema,0.5942,1788393786.0449677,3552.1,0.5253
2026-09-02T20:02:28,1788397348.8,Sky,rick,novelty_spent,0.2221,1788393786.1311488,3562.7,0.0594
2026-09-02T20:02:29,1788397348.8,Sky,rick,phasic,0.2127,1788393786.1305358,3562.7,0.0
2026-09-02T20:02:29,1788397348.8,Sky,rick,tonic,0.5471,1788394543.2358308,2805.6,0.3874
2026-09-02T20:02:29,1788397348.8,Sky,rick,valence_ema,0.5942,1788393786.0449677,3562.7,0.5252
2026-09-02T20:02:39,1788397359.4,Sky,rick,novelty_spent,0.2221,1788393786.1311488,3573.3,0.0591
2026-09-02T20:02:39,1788397359.4,Sky,rick,phasic,0.2127,1788393786.1305358,3573.3,0.0
2026-09-02T20:02:39,1788397359.4,Sky,rick,tonic,0.5471,1788394543.2358308,2816.2,0.3871
2026-09-02T20:02:39,1788397359.4,Sky,rick,valence_ema,0.5942,1788393786.0449677,3573.4,0.5251
2026-09-02T20:02:50,1788397370.0,Sky,rick,novelty_spent,0.2221,1788393786.1311488,3583.9,0.0589
2026-09-02T20:02:50,1788397370.0,Sky,rick,phasic,0.2127,1788393786.1305358,3583.9,0.0
2026-09-02T20:02:50,1788397370.0,Sky,rick,tonic,0.5471,1788394543.2358308,2826.8,0.3867
2026-09-02T20:02:50,1788397370.0,Sky,rick,valence_ema,0.5942,1788393786.0449677,3584.0,0.525
2026-09-02T20:03:00,1788397380.7,Sky,rick,novelty_spent,0.2221,1788393786.1311488,3594.5,0.0587
2026-09-02T20:03:00,1788397380.7,Sky,rick,phasic,0.2127,1788393786.1305358,3594.5,0.0
2026-09-02T20:03:01,1788397380.7,Sky,rick,tonic,0.5471,1788394543.2358308,2837.4,0.3864
2026-09-02T20:03:01,1788397380.7,Sky,rick,valence_ema,0.5942,1788393786.0449677,3594.6,0.5249
2026-09-02T20:03:11,1788397391.4,Sky,rick,novelty_spent,0.2221,1788393786.1311488,3605.2,0.0584
2026-09-02T20:03:11,1788397391.4,Sky,rick,phasic,0.2127,1788393786.1305358,3605.2,0.0
2026-09-02T20:03:11,1788397391.4,Sky,rick,tonic,0.5471,1788394543.2358308,2848.1,0.3861
2026-09-02T20:03:11,1788397391.4,Sky,rick,valence_ema,0.5942,1788393786.0449677,3605.3,0.5248
2026-09-02T20:03:22,1788397402.0,Sky,rick,novelty_spent,0.2221,1788393786.1311488,3615.9,0.0582
2026-09-02T20:03:22,1788397402.0,Sky,rick,phasic,0.2127,1788393786.1305358,3615.9,0.0
2026-09-02T20:03:22,1788397402.0,Sky,rick,tonic,0.5471,1788394543.2358308,2858.8,0.3857
2026-09-02T20:03:22,1788397402.0,Sky,rick,valence_ema,0.5942,1788393786.0449677,3615.9,0.5247
2026-09-02T20:03:32,1788397412.6,Sky,rick,novelty_spent,0.2221,1788393786.1311488,3626.5,0.058
2026-09-02T20:03:32,1788397412.6,Sky,rick,phasic,0.2127,1788393786.1305358,3626.5,0.0
2026-09-02T20:03:32,1788397412.6,Sky,rick,tonic,0.5471,1788394543.2358308,2869.4,0.3854
2026-09-02T20:03:33,1788397412.6,Sky,rick,valence_ema,0.5942,1788393786.0449677,3626.6,0.5246
2026-09-02T20:03:43,1788397423.3,Sky,rick,novelty_spent,0.2221,1788393786.1311488,3637.1,0.0577
2026-09-02T20:03:43,1788397423.3,Sky,rick,phasic,0.2127,1788393786.1305358,3637.1,0.0
2026-09-02T20:03:43,1788397423.3,Sky,rick,tonic,0.5471,1788394543.2358308,2880.0,0.385
2026-09-02T20:03:43,1788397423.3,Sky,rick,valence_ema,0.5942,1788393786.0449677,3637.2,0.5245
2026-09-02T20:03:54,1788397433.9,Sky,rick,novelty_spent,0.2221,1788393786.1311488,3647.7,0.0575
2026-09-02T20:03:54,1788397433.9,Sky,rick,phasic,0.2127,1788393786.1305358,3647.7,0.0
2026-09-02T20:03:54,1788397433.9,Sky,rick,tonic,0.5471,1788394543.2358308,2890.6,0.3847
2026-09-02T20:03:54,1788397433.9,Sky,rick,valence_ema,0.5942,1788393786.0449677,3647.8,0.5244
2026-09-02T20:04:04,1788397444.6,Sky,rick,novelty_spent,0.2221,1788393786.1311488,3658.4,0.0573
2026-09-02T20:04:04,1788397444.6,Sky,rick,phasic,0.2127,1788393786.1305358,3658.4,0.0
2026-09-02T20:04:04,1788397444.6,Sky,rick,tonic,0.5471,1788394543.2358308,2901.3,0.3844
2026-09-02T20:04:04,1788397444.6,Sky,rick,valence_ema,0.5942,1788393786.0449677,3658.5,0.5243
2026-09-02T20:04:15,1788397455.2,Sky,rick,novelty_spent,0.2221,1788393786.1311488,3669.0,0.0571
2026-09-02T20:04:15,1788397455.2,Sky,rick,phasic,0.2127,1788393786.1305358,3669.0,0.0
2026-09-02T20:04:15,1788397455.2,Sky,rick,tonic,0.5471,1788394543.2358308,2911.9,0.384
2026-09-02T20:04:15,1788397455.2,Sky,rick,valence_ema,0.5942,1788393786.0449677,3669.1,0.5242
2026-09-02T20:04:25,1788397465.8,Sky,rick,novelty_spent,0.2221,1788393786.1311488,3679.7,0.0568
2026-09-02T20:04:26,1788397465.8,Sky,rick,phasic,0.2127,1788393786.1305358,3679.7,0.0
2026-09-02T20:04:26,1788397465.8,Sky,rick,tonic,0.5471,1788394543.2358308,2922.6,0.3837
2026-09-02T20:04:26,1788397465.8,Sky,rick,valence_ema,0.5942,1788393786.0449677,3679.8,0.5241
2026-09-02T20:04:36,1788397476.4,Sky,rick,novelty_spent,0.2221,1788393786.1311488,3690.3,0.0566
2026-09-02T20:04:36,1788397476.4,Sky,rick,phasic,0.2127,1788393786.1305358,3690.3,0.0
2026-09-02T20:04:36,1788397476.4,Sky,rick,tonic,0.5471,1788394543.2358308,2933.2,0.3834
2026-09-02T20:04:36,1788397476.4,Sky,rick,valence_ema,0.5942,1788393786.0449677,3690.3,0.524
2026-09-02T20:04:47,1788397487.0,Sky,rick,novelty_spent,0.2221,1788393786.1311488,3700.9,0.0564
2026-09-02T20:04:47,1788397487.0,Sky,rick,phasic,0.2127,1788393786.1305358,3700.9,0.0
2026-09-02T20:04:47,1788397487.0,Sky,rick,tonic,0.5471,1788394543.2358308,2943.8,0.3831
2026-09-02T20:04:47,1788397487.0,Sky,rick,valence_ema,0.5942,1788393786.0449677,3701.0,0.5239
2026-09-02T20:04:57,1788397497.6,Sky,rick,novelty_spent,0.2221,1788393786.1311488,3711.5,0.0562
2026-09-02T20:04:57,1788397497.6,Sky,rick,phasic,0.2127,1788393786.1305358,3711.5,0.0
2026-09-02T20:04:57,1788397497.6,Sky,rick,tonic,0.5471,1788394543.2358308,2954.4,0.3827
2026-09-02T20:04:58,1788397497.6,Sky,rick,valence_ema,0.5942,1788393786.0449677,3711.6,0.5238
2026-09-02T20:05:08,1788397508.3,Sky,rick,novelty_spent,0.2221,1788393786.1311488,3722.1,0.056
2026-09-02T20:05:08,1788397508.3,Sky,rick,phasic,0.2127,1788393786.1305358,3722.1,0.0
2026-09-02T20:05:08,1788397508.3,Sky,rick,tonic,0.5471,1788394543.2358308,2965.0,0.3824
2026-09-02T20:05:08,1788397508.3,Sky,rick,valence_ema,0.5942,1788393786.0449677,3722.2,0.5237
2026-09-02T20:05:19,1788397518.9,Sky,rick,novelty_spent,0.2221,1788393786.1311488,3732.7,0.0557
2026-09-02T20:05:19,1788397518.9,Sky,rick,phasic,0.2127,1788393786.1305358,3732.7,0.0
2026-09-02T20:05:19,1788397518.9,Sky,rick,tonic,0.5471,1788394543.2358308,2975.6,0.3821
2026-09-02T20:05:19,1788397518.9,Sky,rick,valence_ema,0.5942,1788393786.0449677,3732.8,0.5236
2026-09-02T20:05:29,1788397529.5,Sky,rick,novelty_spent,0.2221,1788393786.1311488,3743.4,0.0555
2026-09-02T20:05:29,1788397529.5,Sky,rick,phasic,0.2127,1788393786.1305358,3743.4,0.0
2026-09-02T20:05:29,1788397529.5,Sky,rick,tonic,0.5471,1788394543.2358308,2986.3,0.3818
2026-09-02T20:05:29,1788397529.5,Sky,rick,valence_ema,0.5942,1788393786.0449677,3743.5,0.5235
2026-09-02T20:05:40,1788397540.2,Sky,rick,novelty_spent,0.2221,1788393786.1311488,3754.0,0.0553
2026-09-02T20:05:40,1788397540.2,Sky,rick,phasic,0.2127,1788393786.1305358,3754.0,0.0
2026-09-02T20:05:40,1788397540.2,Sky,rick,tonic,0.5471,1788394543.2358308,2996.9,0.3814
2026-09-02T20:05:40,1788397540.2,Sky,rick,valence_ema,0.5942,1788393786.0449677,3754.1,0.5235
2026-09-02T20:05:50,1788397550.8,Sky,rick,novelty_spent,0.2221,1788393786.1311488,3764.7,0.0551
2026-09-02T20:05:51,1788397550.8,Sky,rick,phasic,0.2127,1788393786.1305358,3764.7,0.0
2026-09-02T20:05:51,1788397550.8,Sky,rick,tonic,0.5471,1788394543.2358308,3007.5,0.3811
2026-09-02T20:05:51,1788397550.8,Sky,rick,valence_ema,0.5942,1788393786.0449677,3764.7,0.5234
2026-09-02T20:06:01,1788397561.4,Sky,rick,novelty_spent,0.2221,1788393786.1311488,3775.3,0.0549
2026-09-02T20:06:01,1788397561.4,Sky,rick,phasic,0.2127,1788393786.1305358,3775.3,0.0
2026-09-02T20:06:01,1788397561.4,Sky,rick,tonic,0.5471,1788394543.2358308,3018.2,0.3808
2026-09-02T20:06:01,1788397561.4,Sky,rick,valence_ema,0.5942,1788393786.0449677,3775.4,0.5233
2026-09-02T20:06:12,1788397572.0,Sky,rick,novelty_spent,0.2221,1788393786.1311488,3785.9,0.0546
2026-09-02T20:06:12,1788397572.0,Sky,rick,phasic,0.2127,1788393786.1305358,3785.9,0.0
2026-09-02T20:06:12,1788397572.0,Sky,rick,tonic,0.5471,1788394543.2358308,3028.8,0.3805
2026-09-02T20:06:12,1788397572.0,Sky,rick,valence_ema,0.5942,1788393786.0449677,3786.0,0.5232
2026-09-02T20:06:22,1788397582.7,Sky,rick,novelty_spent,0.2221,1788393786.1311488,3796.5,0.0544
2026-09-02T20:06:22,1788397582.7,Sky,rick,phasic,0.2127,1788393786.1305358,3796.5,0.0
2026-09-02T20:06:23,1788397582.7,Sky,rick,tonic,0.5471,1788394543.2358308,3039.4,0.3802
2026-09-02T20:06:23,1788397582.7,Sky,rick,valence_ema,0.5942,1788393786.0449677,3796.6,0.5231
2026-09-02T20:06:33,1788397593.3,Sky,rick,novelty_spent,0.2221,1788393786.1311488,3807.2,0.0542
2026-09-02T20:06:33,1788397593.3,Sky,rick,phasic,0.2127,1788393786.1305358,3807.2,0.0
2026-09-02T20:06:33,1788397593.3,Sky,rick,tonic,0.5471,1788394543.2358308,3050.1,0.3798
2026-09-02T20:06:33,1788397593.3,Sky,rick,valence_ema,0.5942,1788393786.0449677,3807.3,0.523
2026-09-02T20:06:44,1788397604.0,Sky,rick,novelty_spent,0.2221,1788393786.1311488,3817.8,0.054
2026-09-02T20:06:44,1788397604.0,Sky,rick,phasic,0.2127,1788393786.1305358,3817.8,0.0
2026-09-02T20:06:44,1788397604.0,Sky,rick,tonic,0.5471,1788394543.2358308,3060.7,0.3795
2026-09-02T20:06:44,1788397604.0,Sky,rick,valence_ema,0.5942,1788393786.0449677,3817.9,0.5229
2026-09-02T20:06:54,1788397614.6,Sky,rick,novelty_spent,0.2221,1788393786.1311488,3828.4,0.0538
2026-09-02T20:06:54,1788397614.6,Sky,rick,phasic,0.2127,1788393786.1305358,3828.4,0.0
2026-09-02T20:06:54,1788397614.6,Sky,rick,tonic,0.5471,1788394543.2358308,3071.3,0.3792
2026-09-02T20:06:55,1788397614.6,Sky,rick,valence_ema,0.5942,1788393786.0449677,3828.5,0.5228
2026-09-02T20:07:05,1788397625.2,Sky,rick,novelty_spent,0.2221,1788393786.1311488,3839.1,0.0536
2026-09-02T20:07:05,1788397625.2,Sky,rick,phasic,0.2127,1788393786.1305358,3839.1,0.0
2026-09-02T20:07:05,1788397625.2,Sky,rick,tonic,0.5471,1788394543.2358308,3082.0,0.3789
2026-09-02T20:07:05,1788397625.2,Sky,rick,valence_ema,0.5942,1788393786.0449677,3839.2,0.5227
2026-09-02T20:07:15,1788397635.9,Sky,rick,novelty_spent,0.2221,1788393786.1311488,3849.7,0.0534
2026-09-02T20:07:16,1788397635.9,Sky,rick,phasic,0.2127,1788393786.1305358,3849.7,0.0
2026-09-02T20:07:16,1788397635.9,Sky,rick,tonic,0.5471,1788394543.2358308,3092.6,0.3786
2026-09-02T20:07:16,1788397635.9,Sky,rick,valence_ema,0.5942,1788393786.0449677,3849.8,0.5226
2026-09-02T20:07:26,1788397646.5,Sky,rick,novelty_spent,0.2221,1788393786.1311488,3860.4,0.0532
2026-09-02T20:07:26,1788397646.5,Sky,rick,phasic,0.2127,1788393786.1305358,3860.4,0.0
2026-09-02T20:07:26,1788397646.5,Sky,rick,tonic,0.5471,1788394543.2358308,3103.3,0.3783
2026-09-02T20:07:26,1788397646.5,Sky,rick,valence_ema,0.5942,1788393786.0449677,3860.5,0.5225
2026-09-02T20:07:37,1788397657.2,Sky,rick,novelty_spent,0.2221,1788393786.1311488,3871.1,0.053
2026-09-02T20:07:37,1788397657.2,Sky,rick,phasic,0.2127,1788393786.1305358,3871.1,0.0
2026-09-02T20:07:37,1788397657.2,Sky,rick,tonic,0.5471,1788394543.2358308,3113.9,0.378
2026-09-02T20:07:37,1788397657.2,Sky,rick,valence_ema,0.5942,1788393786.0449677,3871.1,0.5225
2026-09-02T20:07:47,1788397667.8,Sky,rick,novelty_spent,0.2221,1788393786.1311488,3881.7,0.0527
2026-09-02T20:07:48,1788397667.8,Sky,rick,phasic,0.2127,1788393786.1305358,3881.7,0.0
2026-09-02T20:07:48,1788397667.8,Sky,rick,tonic,0.5471,1788394543.2358308,3124.6,0.3777
2026-09-02T20:07:48,1788397667.8,Sky,rick,valence_ema,0.5942,1788393786.0449677,3881.7,0.5224
2026-09-02T20:07:58,1788397678.4,Sky,rick,novelty_spent,0.2221,1788393786.1311488,3892.3,0.0525
2026-09-02T20:07:58,1788397678.4,Sky,rick,phasic,0.2127,1788393786.1305358,3892.3,0.0
2026-09-02T20:07:58,1788397678.4,Sky,rick,tonic,0.5471,1788394543.2358308,3135.2,0.3774
2026-09-02T20:07:58,1788397678.4,Sky,rick,valence_ema,0.5942,1788393786.0449677,3892.4,0.5223
2026-09-02T20:08:09,1788397689.0,Sky,rick,novelty_spent,0.2221,1788393786.1311488,3902.9,0.0523
2026-09-02T20:08:09,1788397689.0,Sky,rick,phasic,0.2127,1788393786.1305358,3902.9,0.0
2026-09-02T20:08:09,1788397689.0,Sky,rick,tonic,0.5471,1788394543.2358308,3145.8,0.3771
2026-09-02T20:08:09,1788397689.0,Sky,rick,valence_ema,0.5942,1788393786.0449677,3903.0,0.5222
2026-09-02T20:08:19,1788397699.6,Sky,rick,novelty_spent,0.2221,1788393786.1311488,3913.5,0.0521
2026-09-02T20:08:19,1788397699.6,Sky,rick,phasic,0.2127,1788393786.1305358,3913.5,0.0
2026-09-02T20:08:20,1788397699.6,Sky,rick,tonic,0.5471,1788394543.2358308,3156.4,0.3768
2026-09-02T20:08:20,1788397699.6,Sky,rick,valence_ema,0.5942,1788393786.0449677,3913.6,0.5221
2026-09-02T20:08:30,1788397710.3,Sky,rick,novelty_spent,0.2221,1788393786.1311488,3924.1,0.0519
2026-09-02T20:08:30,1788397710.3,Sky,rick,phasic,0.2127,1788393786.1305358,3924.1,0.0
2026-09-02T20:08:30,1788397710.3,Sky,rick,tonic,0.5471,1788394543.2358308,3167.0,0.3765
2026-09-02T20:08:30,1788397710.3,Sky,rick,valence_ema,0.5942,1788393786.0449677,3924.2,0.522
2026-09-02T20:08:41,1788397720.9,Sky,rick,novelty_spent,0.2221,1788393786.1311488,3934.8,0.0517
2026-09-02T20:08:41,1788397720.9,Sky,rick,phasic,0.2127,1788393786.1305358,3934.8,0.0
2026-09-02T20:08:41,1788397720.9,Sky,rick,tonic,0.5471,1788394543.2358308,3177.6,0.3762
2026-09-02T20:08:41,1788397720.9,Sky,rick,valence_ema,0.5942,1788393786.0449677,3934.8,0.5219
2026-09-02T20:08:51,1788397731.5,Sky,rick,novelty_spent,0.2221,1788393786.1311488,3945.4,0.0515
2026-09-02T20:08:51,1788397731.5,Sky,rick,phasic,0.2127,1788393786.1305358,3945.4,0.0
2026-09-02T20:08:51,1788397731.5,Sky,rick,tonic,0.5471,1788394543.2358308,3188.3,0.3759
2026-09-02T20:08:51,1788397731.5,Sky,rick,valence_ema,0.5942,1788393786.0449677,3945.5,0.5218
2026-09-02T20:09:02,1788397742.1,Sky,rick,novelty_spent,0.2221,1788393786.1311488,3956.0,0.0513
2026-09-02T20:09:02,1788397742.1,Sky,rick,phasic,0.2127,1788393786.1305358,3956.0,0.0
2026-09-02T20:09:02,1788397742.1,Sky,rick,tonic,0.5471,1788394543.2358308,3198.9,0.3756
2026-09-02T20:09:02,1788397742.1,Sky,rick,valence_ema,0.5942,1788393786.0449677,3956.1,0.5218
2026-09-02T20:09:12,1788397752.8,Sky,rick,novelty_spent,0.2221,1788393786.1311488,3966.6,0.0511
2026-09-02T20:09:12,1788397752.8,Sky,rick,phasic,0.2127,1788393786.1305358,3966.6,0.0
2026-09-02T20:09:13,1788397752.8,Sky,rick,tonic,0.5471,1788394543.2358308,3209.5,0.3753
2026-09-02T20:09:13,1788397752.8,Sky,rick,valence_ema,0.5942,1788393786.0449677,3966.7,0.5217
2026-09-02T20:09:23,1788397763.4,Sky,rick,novelty_spent,0.2221,1788393786.1311488,3977.2,0.0509
2026-09-02T20:09:23,1788397763.4,Sky,rick,phasic,0.2127,1788393786.1305358,3977.2,0.0
2026-09-02T20:09:23,1788397763.4,Sky,rick,tonic,0.5471,1788394543.2358308,3220.1,0.375
2026-09-02T20:09:23,1788397763.4,Sky,rick,valence_ema,0.5942,1788393786.0449677,3977.3,0.5216
2026-09-02T20:09:34,1788397774.0,Sky,rick,novelty_spent,0.2221,1788393786.1311488,3987.9,0.0507
2026-09-02T20:09:34,1788397774.0,Sky,rick,phasic,0.2127,1788393786.1305358,3987.9,0.0
2026-09-02T20:09:34,1788397774.0,Sky,rick,tonic,0.5471,1788394543.2358308,3230.7,0.3747
2026-09-02T20:09:34,1788397774.0,Sky,rick,valence_ema,0.5942,1788393786.0449677,3987.9,0.5215
2026-09-02T20:09:44,1788397784.6,Sky,rick,novelty_spent,0.2221,1788393786.1311488,3998.5,0.0505
2026-09-02T20:09:44,1788397784.6,Sky,rick,phasic,0.2127,1788393786.1305358,3998.5,0.0
2026-09-02T20:09:44,1788397784.6,Sky,rick,tonic,0.5471,1788394543.2358308,3241.4,0.3744
2026-09-02T20:09:45,1788397784.6,Sky,rick,valence_ema,0.5942,1788393786.0449677,3998.6,0.5214
2026-09-02T20:09:55,1788397795.2,Sky,rick,novelty_spent,0.2221,1788393786.1311488,4009.1,0.0503
2026-09-02T20:09:55,1788397795.2,Sky,rick,phasic,0.2127,1788393786.1305358,4009.1,0.0
2026-09-02T20:09:55,1788397795.2,Sky,rick,tonic,0.5471,1788394543.2358308,3252.0,0.3741
2026-09-02T20:09:55,1788397795.2,Sky,rick,valence_ema,0.5942,1788393786.0449677,4009.1,0.5213
2026-09-02T20:10:05,1788397805.8,Sky,rick,novelty_spent,0.2221,1788393786.1311488,4019.7,0.0501
2026-09-02T20:10:06,1788397805.8,Sky,rick,phasic,0.2127,1788393786.1305358,4019.7,0.0
2026-09-02T20:10:06,1788397805.8,Sky,rick,tonic,0.5471,1788394543.2358308,3262.6,0.3738
2026-09-02T20:10:06,1788397805.8,Sky,rick,valence_ema,0.5942,1788393786.0449677,4019.8,0.5213
2026-09-02T20:10:16,1788397816.4,Sky,rick,novelty_spent,0.2221,1788393786.1311488,4030.3,0.0499
2026-09-02T20:10:16,1788397816.4,Sky,rick,phasic,0.2127,1788393786.1305358,4030.3,0.0
2026-09-02T20:10:16,1788397816.4,Sky,rick,tonic,0.5471,1788394543.2358308,3273.2,0.3735
2026-09-02T20:10:16,1788397816.4,Sky,rick,valence_ema,0.5942,1788393786.0449677,4030.4,0.5212
2026-09-02T20:10:27,1788397827.0,Sky,rick,novelty_spent,0.2221,1788393786.1311488,4040.9,0.0497
2026-09-02T20:10:27,1788397827.0,Sky,rick,phasic,0.2127,1788393786.1305358,4040.9,0.0
2026-09-02T20:10:27,1788397827.0,Sky,rick,tonic,0.5471,1788394543.2358308,3283.8,0.3732
2026-09-02T20:10:27,1788397827.0,Sky,rick,valence_ema,0.5942,1788393786.0449677,4041.0,0.5211
2026-09-02T20:10:37,1788397837.6,Sky,rick,novelty_spent,0.2221,1788393786.1311488,4051.5,0.0495
2026-09-02T20:10:37,1788397837.6,Sky,rick,phasic,0.2127,1788393786.1305358,4051.5,0.0
2026-09-02T20:10:38,1788397837.6,Sky,rick,tonic,0.5471,1788394543.2358308,3294.4,0.3729
2026-09-02T20:10:38,1788397837.6,Sky,rick,valence_ema,0.5942,1788393786.0449677,4051.6,0.521
2026-09-02T20:10:48,1788397848.3,Sky,rick,novelty_spent,0.2221,1788393786.1311488,4062.1,0.0493
2026-09-02T20:10:48,1788397848.3,Sky,rick,phasic,0.2127,1788393786.1305358,4062.1,0.0
2026-09-02T20:10:48,1788397848.3,Sky,rick,tonic,0.5471,1788394543.2358308,3305.0,0.3727
2026-09-02T20:10:48,1788397848.3,Sky,rick,valence_ema,0.5942,1788393786.0449677,4062.2,0.5209
2026-09-02T20:10:59,1788397858.9,Sky,rick,novelty_spent,0.2221,1788393786.1311488,4072.7,0.0491
2026-09-02T20:10:59,1788397858.9,Sky,rick,phasic,0.2127,1788393786.1305358,4072.7,0.0
2026-09-02T20:10:59,1788397858.9,Sky,rick,tonic,0.5471,1788394543.2358308,3315.6,0.3724
2026-09-02T20:10:59,1788397858.9,Sky,rick,valence_ema,0.5942,1788393786.0449677,4072.8,0.5208
2026-09-02T20:11:09,1788397869.5,Sky,rick,novelty_spent,0.2221,1788393786.1311488,4083.4,0.0489
2026-09-02T20:11:09,1788397869.5,Sky,rick,phasic,0.2127,1788393786.1305358,4083.4,0.0
2026-09-02T20:11:09,1788397869.5,Sky,rick,tonic,0.5471,1788394543.2358308,3326.3,0.3721
2026-09-02T20:11:09,1788397869.5,Sky,rick,valence_ema,0.5942,1788393786.0449677,4083.5,0.5208
2026-09-02T20:11:20,1788397880.1,Sky,rick,novelty_spent,0.2221,1788393786.1311488,4094.0,0.0488
2026-09-02T20:11:20,1788397880.1,Sky,rick,phasic,0.2127,1788393786.1305358,4094.0,0.0
2026-09-02T20:11:20,1788397880.1,Sky,rick,tonic,0.5471,1788394543.2358308,3336.9,0.3718
2026-09-02T20:11:20,1788397880.1,Sky,rick,valence_ema,0.5942,1788393786.0449677,4094.1,0.5207
2026-09-02T20:11:30,1788397890.8,Sky,rick,novelty_spent,0.2221,1788393786.1311488,4104.6,0.0486
2026-09-02T20:11:31,1788397890.8,Sky,rick,phasic,0.2127,1788393786.1305358,4104.6,0.0
2026-09-02T20:11:31,1788397890.8,Sky,rick,tonic,0.5471,1788394543.2358308,3347.5,0.3715
2026-09-02T20:11:31,1788397890.8,Sky,rick,valence_ema,0.5942,1788393786.0449677,4104.7,0.5206
2026-09-02T20:11:41,1788397901.4,Sky,rick,novelty_spent,0.2221,1788393786.1311488,4115.3,0.0484
2026-09-02T20:11:41,1788397901.4,Sky,rick,phasic,0.2127,1788393786.1305358,4115.3,0.0
2026-09-02T20:11:41,1788397901.4,Sky,rick,tonic,0.5471,1788394543.2358308,3358.2,0.3712
2026-09-02T20:11:41,1788397901.4,Sky,rick,valence_ema,0.5942,1788393786.0449677,4115.4,0.5205
2026-09-02T20:11:52,1788397912.0,Sky,rick,novelty_spent,0.2221,1788393786.1311488,4125.9,0.0482
2026-09-02T20:11:52,1788397912.0,Sky,rick,phasic,0.2127,1788393786.1305358,4125.9,0.0
2026-09-02T20:11:52,1788397912.0,Sky,rick,tonic,0.5471,1788394543.2358308,3368.8,0.371
2026-09-02T20:11:52,1788397912.0,Sky,rick,valence_ema,0.5942,1788393786.0449677,4125.9,0.5204
2026-09-02T20:12:02,1788397922.6,Sky,rick,novelty_spent,0.2221,1788393786.1311488,4136.5,0.048
2026-09-02T20:12:02,1788397922.6,Sky,rick,phasic,0.2127,1788393786.1305358,4136.5,0.0
2026-09-02T20:12:02,1788397922.6,Sky,rick,tonic,0.5471,1788394543.2358308,3379.4,0.3707
2026-09-02T20:12:03,1788397922.6,Sky,rick,valence_ema,0.5942,1788393786.0449677,4136.6,0.5204
2026-09-02T20:12:13,1788397933.3,Sky,rick,novelty_spent,0.2221,1788393786.1311488,4147.2,0.0478
2026-09-02T20:12:13,1788397933.3,Sky,rick,phasic,0.2127,1788393786.1305358,4147.2,0.0
2026-09-02T20:12:13,1788397933.3,Sky,rick,tonic,0.5471,1788394543.2358308,3390.1,0.3704
2026-09-02T20:12:13,1788397933.3,Sky,rick,valence_ema,0.5942,1788393786.0449677,4147.3,0.5203
2026-09-02T20:12:24,1788397943.9,Sky,rick,novelty_spent,0.2221,1788393786.1311488,4157.8,0.0476
2026-09-02T20:12:24,1788397943.9,Sky,rick,phasic,0.2127,1788393786.1305358,4157.8,0.0
2026-09-02T20:12:24,1788397943.9,Sky,rick,tonic,0.5471,1788394543.2358308,3400.7,0.3701
2026-09-02T20:12:24,1788397943.9,Sky,rick,valence_ema,0.5942,1788393786.0449677,4157.9,0.5202
2026-09-02T20:12:34,1788397954.6,Sky,rick,novelty_spent,0.2221,1788393786.1311488,4168.4,0.0474
2026-09-02T20:12:34,1788397954.6,Sky,rick,phasic,0.2127,1788393786.1305358,4168.4,0.0
2026-09-02T20:12:34,1788397954.6,Sky,rick,tonic,0.5471,1788394543.2358308,3411.3,0.3698
2026-09-02T20:12:35,1788397954.6,Sky,rick,valence_ema,0.5942,1788393786.0449677,4168.5,0.5201
2026-09-02T20:12:45,1788397965.2,Sky,rick,novelty_spent,0.2221,1788393786.1311488,4179.1,0.0472
2026-09-02T20:12:45,1788397965.2,Sky,rick,phasic,0.2127,1788393786.1305358,4179.1,0.0
2026-09-02T20:12:45,1788397965.2,Sky,rick,tonic,0.5471,1788394543.2358308,3421.9,0.3696
2026-09-02T20:12:45,1788397965.2,Sky,rick,valence_ema,0.5942,1788393786.0449677,4179.1,0.52
2026-09-02T20:12:55,1788397975.8,Sky,rick,novelty_spent,0.2221,1788393786.1311488,4189.7,0.0471
2026-09-02T20:12:56,1788397975.8,Sky,rick,phasic,0.2127,1788393786.1305358,4189.7,0.0
2026-09-02T20:12:56,1788397975.8,Sky,rick,tonic,0.5471,1788394543.2358308,3432.6,0.3693
2026-09-02T20:12:56,1788397975.8,Sky,rick,valence_ema,0.5942,1788393786.0449677,4189.8,0.52
2026-09-02T20:13:06,1788397986.4,Sky,rick,novelty_spent,0.2221,1788393786.1311488,4200.3,0.0469
2026-09-02T20:13:06,1788397986.4,Sky,rick,phasic,0.2127,1788393786.1305358,4200.3,0.0
2026-09-02T20:13:06,1788397986.4,Sky,rick,tonic,0.5471,1788394543.2358308,3443.2,0.369
2026-09-02T20:13:06,1788397986.4,Sky,rick,valence_ema,0.5942,1788393786.0449677,4200.4,0.5199
2026-09-02T20:13:17,1788397997.0,Sky,rick,novelty_spent,0.2221,1788393786.1311488,4210.9,0.0467
2026-09-02T20:13:17,1788397997.0,Sky,rick,phasic,0.2127,1788393786.1305358,4210.9,0.0
2026-09-02T20:13:17,1788397997.0,Sky,rick,tonic,0.5471,1788394543.2358308,3453.8,0.3688
2026-09-02T20:13:17,1788397997.0,Sky,rick,valence_ema,0.5942,1788393786.0449677,4211.0,0.5198
2026-09-02T20:13:27,1788398007.7,Sky,rick,novelty_spent,0.2221,1788393786.1311488,4221.5,0.0465
2026-09-02T20:13:27,1788398007.7,Sky,rick,phasic,0.2127,1788393786.1305358,4221.5,0.0
2026-09-02T20:13:28,1788398007.7,Sky,rick,tonic,0.5471,1788394543.2358308,3464.4,0.3685
2026-09-02T20:13:28,1788398007.7,Sky,rick,valence_ema,0.5942,1788393786.0449677,4221.6,0.5197
2026-09-02T20:13:38,1788398018.3,Sky,rick,novelty_spent,0.2221,1788393786.1311488,4232.2,0.0463
2026-09-02T20:13:38,1788398018.3,Sky,rick,phasic,0.2127,1788393786.1305358,4232.2,0.0
2026-09-02T20:13:38,1788398018.3,Sky,rick,tonic,0.5471,1788394543.2358308,3475.1,0.3682
2026-09-02T20:13:38,1788398018.3,Sky,rick,valence_ema,0.5942,1788393786.0449677,4232.3,0.5196
2026-09-02T20:13:49,1788398028.9,Sky,rick,novelty_spent,0.2221,1788393786.1311488,4242.8,0.0461
2026-09-02T20:13:49,1788398028.9,Sky,rick,phasic,0.2127,1788393786.1305358,4242.8,0.0
2026-09-02T20:13:49,1788398028.9,Sky,rick,tonic,0.5471,1788394543.2358308,3485.7,0.368
2026-09-02T20:13:49,1788398028.9,Sky,rick,valence_ema,0.5942,1788393786.0449677,4242.9,0.5196
2026-09-02T20:13:59,1788398039.5,Sky,rick,novelty_spent,0.2221,1788393786.1311488,4253.4,0.046
2026-09-02T20:13:59,1788398039.5,Sky,rick,phasic,0.2127,1788393786.1305358,4253.4,0.0
2026-09-02T20:13:59,1788398039.5,Sky,rick,tonic,0.5471,1788394543.2358308,3496.3,0.3677
2026-09-02T20:14:00,1788398039.5,Sky,rick,valence_ema,0.5942,1788393786.0449677,4253.5,0.5195
2026-09-02T20:14:10,1788398050.2,Sky,rick,novelty_spent,0.2221,1788393786.1311488,4264.1,0.0458
2026-09-02T20:14:10,1788398050.2,Sky,rick,phasic,0.2127,1788393786.1305358,4264.1,0.0
2026-09-02T20:14:10,1788398050.2,Sky,rick,tonic,0.5471,1788394543.2358308,3507.0,0.3674
2026-09-02T20:14:10,1788398050.2,Sky,rick,valence_ema,0.5942,1788393786.0449677,4264.2,0.5194
2026-09-02T20:14:20,1788398060.8,Sky,rick,novelty_spent,0.2221,1788393786.1311488,4274.7,0.0456
2026-09-02T20:14:21,1788398060.8,Sky,rick,phasic,0.2127,1788393786.1305358,4274.7,0.0
2026-09-02T20:14:21,1788398060.8,Sky,rick,tonic,0.5471,1788394543.2358308,3517.6,0.3672
2026-09-02T20:14:21,1788398060.8,Sky,rick,valence_ema,0.5942,1788393786.0449677,4274.8,0.5193
2026-09-02T20:14:31,1788398071.4,Sky,rick,novelty_spent,0.2221,1788393786.1311488,4285.3,0.0454
2026-09-02T20:14:31,1788398071.4,Sky,rick,phasic,0.2127,1788393786.1305358,4285.3,0.0
2026-09-02T20:14:31,1788398071.4,Sky,rick,tonic,0.5471,1788394543.2358308,3528.2,0.3669
2026-09-02T20:14:31,1788398071.4,Sky,rick,valence_ema,0.5942,1788393786.0449677,4285.4,0.5193
2026-09-02T20:14:42,1788398082.1,Sky,rick,novelty_spent,0.2221,1788393786.1311488,4296.0,0.0452
2026-09-02T20:14:42,1788398082.1,Sky,rick,phasic,0.2127,1788393786.1305358,4296.0,0.0
2026-09-02T20:14:42,1788398082.1,Sky,rick,tonic,0.5471,1788394543.2358308,3538.9,0.3666
2026-09-02T20:14:42,1788398082.1,Sky,rick,valence_ema,0.5942,1788393786.0449677,4296.1,0.5192
2026-09-02T20:14:52,1788398092.8,Sky,rick,novelty_spent,0.2221,1788393786.1311488,4306.6,0.0451
2026-09-02T20:14:52,1788398092.8,Sky,rick,phasic,0.2127,1788393786.1305358,4306.6,0.0
2026-09-02T20:14:53,1788398092.8,Sky,rick,tonic,0.5471,1788394543.2358308,3549.5,0.3664
2026-09-02T20:14:53,1788398092.8,Sky,rick,valence_ema,0.5942,1788393786.0449677,4306.7,0.5191
2026-09-02T20:15:03,1788398103.4,Sky,rick,novelty_spent,0.2221,1788393786.1311488,4317.3,0.0449
2026-09-02T20:15:03,1788398103.4,Sky,rick,phasic,0.2127,1788393786.1305358,4317.3,0.0
2026-09-02T20:15:03,1788398103.4,Sky,rick,tonic,0.5471,1788394543.2358308,3560.2,0.3661
2026-09-02T20:15:03,1788398103.4,Sky,rick,valence_ema,0.5942,1788393786.0449677,4317.4,0.519
2026-09-02T20:15:14,1788398114.0,Sky,rick,novelty_spent,0.2221,1788393786.1311488,4327.9,0.0447
2026-09-02T20:15:14,1788398114.0,Sky,rick,phasic,0.2127,1788393786.1305358,4327.9,0.0
2026-09-02T20:15:14,1788398114.0,Sky,rick,tonic,0.5471,1788394543.2358308,3570.8,0.3658
2026-09-02T20:15:14,1788398114.0,Sky,rick,valence_ema,0.5942,1788393786.0449677,4328.0,0.519
2026-09-02T20:15:24,1788398124.6,Sky,rick,novelty_spent,0.2221,1788393786.1311488,4338.5,0.0445
2026-09-02T20:15:24,1788398124.6,Sky,rick,phasic,0.2127,1788393786.1305358,4338.5,0.0
2026-09-02T20:15:24,1788398124.6,Sky,rick,tonic,0.5471,1788394543.2358308,3581.4,0.3656
2026-09-02T20:15:25,1788398124.6,Sky,rick,valence_ema,0.5942,1788393786.0449677,4338.6,0.5189
2026-09-02T20:15:35,1788398135.2,Sky,rick,novelty_spent,0.2221,1788393786.1311488,4349.1,0.0444
2026-09-02T20:15:35,1788398135.2,Sky,rick,phasic,0.2127,1788393786.1305358,4349.1,0.0
2026-09-02T20:15:35,1788398135.2,Sky,rick,tonic,0.5471,1788394543.2358308,3592.0,0.3653
2026-09-02T20:15:35,1788398135.2,Sky,rick,valence_ema,0.5942,1788393786.0449677,4349.2,0.5188
2026-09-02T20:15:45,1788398145.8,Sky,rick,novelty_spent,0.2221,1788393786.1311488,4359.7,0.0442
2026-09-02T20:15:46,1788398145.8,Sky,rick,phasic,0.2127,1788393786.1305358,4359.7,0.0
2026-09-02T20:15:46,1788398145.8,Sky,rick,tonic,0.5471,1788394543.2358308,3602.6,0.3651
2026-09-02T20:15:46,1788398145.8,Sky,rick,valence_ema,0.5942,1788393786.0449677,4359.8,0.5187
2026-09-02T20:15:56,1788398156.5,Sky,rick,novelty_spent,0.2221,1788393786.1311488,4370.3,0.044
2026-09-02T20:15:56,1788398156.5,Sky,rick,phasic,0.2127,1788393786.1305358,4370.3,0.0
2026-09-02T20:15:56,1788398156.5,Sky,rick,tonic,0.5471,1788394543.2358308,3613.2,0.3648
2026-09-02T20:15:56,1788398156.5,Sky,rick,valence_ema,0.5942,1788393786.0449677,4370.4,0.5187
2026-09-02T20:16:07,1788398167.1,Sky,rick,novelty_spent,0.2221,1788393786.1311488,4381.0,0.0438
2026-09-02T20:16:07,1788398167.1,Sky,rick,phasic,0.2127,1788393786.1305358,4381.0,0.0
2026-09-02T20:16:07,1788398167.1,Sky,rick,tonic,0.5471,1788394543.2358308,3623.9,0.3646
2026-09-02T20:16:07,1788398167.1,Sky,rick,valence_ema,0.5942,1788393786.0449677,4381.1,0.5186
2026-09-02T20:16:17,1788398177.7,Sky,rick,novelty_spent,0.2221,1788393786.1311488,4391.6,0.0437
2026-09-02T20:16:17,1788398177.7,Sky,rick,phasic,0.2127,1788393786.1305358,4391.6,0.0
2026-09-02T20:16:18,1788398177.7,Sky,rick,tonic,0.5471,1788394543.2358308,3634.5,0.3643
2026-09-02T20:16:18,1788398177.7,Sky,rick,valence_ema,0.5942,1788393786.0449677,4391.7,0.5185
2026-09-02T20:16:28,1788398188.3,Sky,rick,novelty_spent,0.2221,1788393786.1311488,4402.2,0.0435
2026-09-02T20:16:28,1788398188.3,Sky,rick,phasic,0.2127,1788393786.1305358,4402.2,0.0
2026-09-02T20:16:28,1788398188.3,Sky,rick,tonic,0.5471,1788394543.2358308,3645.1,0.3641
2026-09-02T20:16:28,1788398188.3,Sky,rick,valence_ema,0.5942,1788393786.0449677,4402.3,0.5184
2026-09-02T20:16:39,1788398198.9,Sky,rick,novelty_spent,0.2221,1788393786.1311488,4412.8,0.0433
2026-09-02T20:16:39,1788398198.9,Sky,rick,phasic,0.2127,1788393786.1305358,4412.8,0.0
2026-09-02T20:16:39,1788398198.9,Sky,rick,tonic,0.5471,1788394543.2358308,3655.7,0.3638
2026-09-02T20:16:39,1788398198.9,Sky,rick,valence_ema,0.5942,1788393786.0449677,4412.9,0.5184
2026-09-02T20:16:49,1788398209.5,Sky,rick,novelty_spent,0.2221,1788393786.1311488,4423.4,0.0432
2026-09-02T20:16:49,1788398209.5,Sky,rick,phasic,0.2127,1788393786.1305358,4423.4,0.0
2026-09-02T20:16:49,1788398209.5,Sky,rick,tonic,0.5471,1788394543.2358308,3666.3,0.3636
2026-09-02T20:16:50,1788398209.5,Sky,rick,valence_ema,0.5942,1788393786.0449677,4423.5,0.5183
2026-09-02T20:17:00,1788398220.2,Sky,rick,novelty_spent,0.2221,1788393786.1311488,4434.0,0.043
2026-09-02T20:17:00,1788398220.2,Sky,rick,phasic,0.2127,1788393786.1305358,4434.0,0.0
2026-09-02T20:17:00,1788398220.2,Sky,rick,tonic,0.5471,1788394543.2358308,3676.9,0.3633
2026-09-02T20:17:00,1788398220.2,Sky,rick,valence_ema,0.5942,1788393786.0449677,4434.1,0.5182
2026-09-02T20:17:10,1788398230.8,Sky,rick,novelty_spent,0.2221,1788393786.1311488,4444.6,0.0428
2026-09-02T20:17:11,1788398230.8,Sky,rick,phasic,0.2127,1788393786.1305358,4444.6,0.0
2026-09-02T20:17:11,1788398230.8,Sky,rick,tonic,0.5471,1788394543.2358308,3687.5,0.3631
2026-09-02T20:17:11,1788398230.8,Sky,rick,valence_ema,0.5942,1788393786.0449677,4444.7,0.5182
2026-09-02T20:17:21,1788398241.4,Sky,rick,novelty_spent,0.2221,1788393786.1311488,4455.3,0.0427
2026-09-02T20:17:21,1788398241.4,Sky,rick,phasic,0.2127,1788393786.1305358,4455.3,0.0
2026-09-02T20:17:21,1788398241.4,Sky,rick,tonic,0.5471,1788394543.2358308,3698.2,0.3628
2026-09-02T20:17:21,1788398241.4,Sky,rick,valence_ema,0.5942,1788393786.0449677,4455.4,0.5181
2026-09-02T20:17:32,1788398252.0,Sky,rick,novelty_spent,0.2221,1788393786.1311488,4465.9,0.0425
2026-09-02T20:17:32,1788398252.0,Sky,rick,phasic,0.2127,1788393786.1305358,4465.9,0.0
2026-09-02T20:17:32,1788398252.0,Sky,rick,tonic,0.5471,1788394543.2358308,3708.8,0.3626
2026-09-02T20:17:32,1788398252.0,Sky,rick,valence_ema,0.5942,1788393786.0449677,4466.0,0.518
2026-09-02T20:17:42,1788398262.6,Sky,rick,novelty_spent,0.2221,1788393786.1311488,4476.5,0.0423
2026-09-02T20:17:42,1788398262.6,Sky,rick,phasic,0.2127,1788393786.1305358,4476.5,0.0
2026-09-02T20:17:42,1788398262.6,Sky,rick,tonic,0.5471,1788394543.2358308,3719.4,0.3623
2026-09-02T20:17:43,1788398262.6,Sky,rick,valence_ema,0.5942,1788393786.0449677,4476.6,0.5179
2026-09-02T20:17:53,1788398273.2,Sky,rick,novelty_spent,0.2221,1788393786.1311488,4487.1,0.0422
2026-09-02T20:17:53,1788398273.2,Sky,rick,phasic,0.2127,1788393786.1305358,4487.1,0.0
2026-09-02T20:17:53,1788398273.2,Sky,rick,tonic,0.5471,1788394543.2358308,3730.0,0.3621
2026-09-02T20:17:53,1788398273.2,Sky,rick,valence_ema,0.5942,1788393786.0449677,4487.2,0.5179
2026-09-02T20:18:03,1788398283.8,Sky,rick,novelty_spent,0.2221,1788393786.1311488,4497.7,0.042
2026-09-02T20:18:04,1788398283.8,Sky,rick,phasic,0.2127,1788393786.1305358,4497.7,0.0
2026-09-02T20:18:04,1788398283.8,Sky,rick,tonic,0.5471,1788394543.2358308,3740.6,0.3618
2026-09-02T20:18:04,1788398283.8,Sky,rick,valence_ema,0.5942,1788393786.0449677,4497.8,0.5178
2026-09-02T20:18:14,1788398294.5,Sky,rick,novelty_spent,0.2221,1788393786.1311488,4508.3,0.0418
2026-09-02T20:18:14,1788398294.5,Sky,rick,phasic,0.2127,1788393786.1305358,4508.3,0.0
2026-09-02T20:18:14,1788398294.5,Sky,rick,tonic,0.5471,1788394543.2358308,3751.2,0.3616
2026-09-02T20:18:14,1788398294.5,Sky,rick,valence_ema,0.5942,1788393786.0449677,4508.4,0.5177
2026-09-02T20:18:25,1788398305.1,Sky,rick,novelty_spent,0.2221,1788393786.1311488,4518.9,0.0417
2026-09-02T20:18:25,1788398305.1,Sky,rick,phasic,0.2127,1788393786.1305358,4518.9,0.0
2026-09-02T20:18:25,1788398305.1,Sky,rick,tonic,0.5471,1788394543.2358308,3761.8,0.3613
2026-09-02T20:18:25,1788398305.1,Sky,rick,valence_ema,0.5942,1788393786.0449677,4519.0,0.5177
2026-09-02T20:18:35,1788398315.7,Sky,rick,novelty_spent,0.2221,1788393786.1311488,4529.6,0.0415
2026-09-02T20:18:35,1788398315.7,Sky,rick,phasic,0.2127,1788393786.1305358,4529.6,0.0
2026-09-02T20:18:36,1788398315.7,Sky,rick,tonic,0.5471,1788394543.2358308,3772.5,0.3611
2026-09-02T20:18:36,1788398315.7,Sky,rick,valence_ema,0.5942,1788393786.0449677,4529.7,0.5176
2026-09-02T20:18:46,1788398326.4,Sky,rick,novelty_spent,0.2221,1788393786.1311488,4540.2,0.0413
2026-09-02T20:18:46,1788398326.4,Sky,rick,phasic,0.2127,1788393786.1305358,4540.2,0.0
2026-09-02T20:18:46,1788398326.4,Sky,rick,tonic,0.5471,1788394543.2358308,3783.1,0.3609
2026-09-02T20:18:46,1788398326.4,Sky,rick,valence_ema,0.5942,1788393786.0449677,4540.3,0.5175
2026-09-02T20:18:57,1788398337.0,Sky,rick,novelty_spent,0.2221,1788393786.1311488,4550.8,0.0412
2026-09-02T20:18:57,1788398337.0,Sky,rick,phasic,0.2127,1788393786.1305358,4550.8,0.0
2026-09-02T20:18:57,1788398337.0,Sky,rick,tonic,0.5471,1788394543.2358308,3793.7,0.3606
2026-09-02T20:18:57,1788398337.0,Sky,rick,valence_ema,0.5942,1788393786.0449677,4550.9,0.5175
2026-09-02T20:19:07,1788398347.6,Sky,rick,novelty_spent,0.2221,1788393786.1311488,4561.5,0.041
2026-09-02T20:19:07,1788398347.6,Sky,rick,phasic,0.2127,1788393786.1305358,4561.5,0.0
2026-09-02T20:19:07,1788398347.6,Sky,rick,tonic,0.5471,1788394543.2358308,3804.4,0.3604
2026-09-02T20:19:08,1788398347.6,Sky,rick,valence_ema,0.5942,1788393786.0449677,4561.5,0.5174
2026-09-02T20:19:18,1788398358.2,Sky,rick,novelty_spent,0.2221,1788393786.1311488,4572.1,0.0408
2026-09-02T20:19:18,1788398358.2,Sky,rick,phasic,0.2127,1788393786.1305358,4572.1,0.0
2026-09-02T20:19:18,1788398358.2,Sky,rick,tonic,0.5471,1788394543.2358308,3815.0,0.3602
2026-09-02T20:19:18,1788398358.2,Sky,rick,valence_ema,0.5942,1788393786.0449677,4572.1,0.5173
2026-09-02T20:19:28,1788398368.8,Sky,rick,novelty_spent,0.2221,1788393786.1311488,4582.7,0.0407
2026-09-02T20:19:29,1788398368.8,Sky,rick,phasic,0.2127,1788393786.1305358,4582.7,0.0
2026-09-02T20:19:29,1788398368.8,Sky,rick,tonic,0.5471,1788394543.2358308,3825.6,0.3599
2026-09-02T20:19:29,1788398368.8,Sky,rick,valence_ema,0.5942,1788393786.0449677,4582.8,0.5173
2026-09-02T20:19:39,1788398379.5,Sky,rick,novelty_spent,0.2221,1788393786.1311488,4593.3,0.0405
2026-09-02T20:19:39,1788398379.5,Sky,rick,phasic,0.2127,1788393786.1305358,4593.3,0.0
2026-09-02T20:19:39,1788398379.5,Sky,rick,tonic,0.5471,1788394543.2358308,3836.2,0.3597
2026-09-02T20:19:39,1788398379.5,Sky,rick,valence_ema,0.5942,1788393786.0449677,4593.4,0.5172
2026-09-02T20:19:50,1788398390.0,Sky,rick,novelty_spent,0.2221,1788393786.1311488,4603.9,0.0404
2026-09-02T20:19:50,1788398390.0,Sky,rick,phasic,0.2127,1788393786.1305358,4603.9,0.0
2026-09-02T20:19:50,1788398390.0,Sky,rick,tonic,0.5471,1788394543.2358308,3846.8,0.3594
2026-09-02T20:19:50,1788398390.0,Sky,rick,valence_ema,0.5942,1788393786.0449677,4604.0,0.5171
2026-09-02T20:20:00,1788398400.7,Sky,rick,novelty_spent,0.2221,1788393786.1311488,4614.5,0.0402
2026-09-02T20:20:00,1788398400.7,Sky,rick,phasic,0.2127,1788393786.1305358,4614.5,0.0
2026-09-02T20:20:01,1788398400.7,Sky,rick,tonic,0.5471,1788394543.2358308,3857.4,0.3592
2026-09-02T20:20:01,1788398400.7,Sky,rick,valence_ema,0.5942,1788393786.0449677,4614.6,0.5171
2026-09-02T20:20:11,1788398411.3,Sky,rick,novelty_spent,0.2221,1788393786.1311488,4625.1,0.04
2026-09-02T20:20:11,1788398411.3,Sky,rick,phasic,0.2127,1788393786.1305358,4625.1,0.0
2026-09-02T20:20:11,1788398411.3,Sky,rick,tonic,0.5471,1788394543.2358308,3868.0,0.359
2026-09-02T20:20:11,1788398411.3,Sky,rick,valence_ema,0.5942,1788393786.0449677,4625.2,0.517
2026-09-02T20:20:22,1788398421.9,Sky,rick,novelty_spent,0.2221,1788393786.1311488,4635.8,0.0399
2026-09-02T20:20:22,1788398421.9,Sky,rick,phasic,0.2127,1788393786.1305358,4635.8,0.0
2026-09-02T20:20:22,1788398421.9,Sky,rick,tonic,0.5471,1788394543.2358308,3878.6,0.3587
2026-09-02T20:20:22,1788398421.9,Sky,rick,valence_ema,0.5942,1788393786.0449677,4635.8,0.5169
2026-09-02T20:20:32,1788398432.6,Sky,rick,novelty_spent,0.2221,1788393786.1311488,4646.4,0.0397
2026-09-02T20:20:32,1788398432.6,Sky,rick,phasic,0.2127,1788393786.1305358,4646.4,0.0
2026-09-02T20:20:32,1788398432.6,Sky,rick,tonic,0.5471,1788394543.2358308,3889.3,0.3585
2026-09-02T20:20:33,1788398432.6,Sky,rick,valence_ema,0.5942,1788393786.0449677,4646.5,0.5169
2026-09-02T20:20:43,1788398443.2,Sky,rick,novelty_spent,0.2221,1788393786.1311488,4657.1,0.0396
2026-09-02T20:20:43,1788398443.2,Sky,rick,phasic,0.2127,1788393786.1305358,4657.1,0.0
2026-09-02T20:20:43,1788398443.2,Sky,rick,tonic,0.5471,1788394543.2358308,3900.0,0.3583
2026-09-02T20:20:43,1788398443.2,Sky,rick,valence_ema,0.5942,1788393786.0449677,4657.2,0.5168
2026-09-02T20:20:53,1788398453.8,Sky,rick,novelty_spent,0.2221,1788393786.1311488,4667.7,0.0394
2026-09-02T20:20:54,1788398453.8,Sky,rick,phasic,0.2127,1788393786.1305358,4667.7,0.0
2026-09-02T20:20:54,1788398453.8,Sky,rick,tonic,0.5471,1788394543.2358308,3910.6,0.3581
2026-09-02T20:20:54,1788398453.8,Sky,rick,valence_ema,0.5942,1788393786.0449677,4667.8,0.5167
2026-09-02T20:21:04,1788398464.4,Sky,rick,novelty_spent,0.2221,1788393786.1311488,4678.3,0.0393
2026-09-02T20:21:04,1788398464.4,Sky,rick,phasic,0.2127,1788393786.1305358,4678.3,0.0
2026-09-02T20:21:04,1788398464.4,Sky,rick,tonic,0.5471,1788394543.2358308,3921.2,0.3578
2026-09-02T20:21:04,1788398464.4,Sky,rick,valence_ema,0.5942,1788393786.0449677,4678.4,0.5167
2026-09-02T20:21:15,1788398475.0,Sky,rick,novelty_spent,0.2221,1788393786.1311488,4688.9,0.0391
2026-09-02T20:21:15,1788398475.0,Sky,rick,phasic,0.2127,1788393786.1305358,4688.9,0.0
2026-09-02T20:21:15,1788398475.0,Sky,rick,tonic,0.5471,1788394543.2358308,3931.8,0.3576
2026-09-02T20:21:15,1788398475.0,Sky,rick,valence_ema,0.5942,1788393786.0449677,4689.0,0.5166
2026-09-02T20:21:25,1788398485.7,Sky,rick,novelty_spent,0.2221,1788393786.1311488,4699.5,0.039
2026-09-02T20:21:25,1788398485.7,Sky,rick,phasic,0.2127,1788393786.1305358,4699.5,0.0
2026-09-02T20:21:26,1788398485.7,Sky,rick,tonic,0.5471,1788394543.2358308,3942.4,0.3574
2026-09-02T20:21:26,1788398485.7,Sky,rick,valence_ema,0.5942,1788393786.0449677,4699.6,0.5165
2026-09-02T20:21:36,1788398496.3,Sky,rick,novelty_spent,0.2221,1788393786.1311488,4710.2,0.0388
2026-09-02T20:21:36,1788398496.3,Sky,rick,phasic,0.2127,1788393786.1305358,4710.2,0.0
2026-09-02T20:21:36,1788398496.3,Sky,rick,tonic,0.5471,1788394543.2358308,3953.1,0.3572
2026-09-02T20:21:36,1788398496.3,Sky,rick,valence_ema,0.5942,1788393786.0449677,4710.2,0.5165
2026-09-02T20:21:47,1788398506.9,Sky,rick,novelty_spent,0.2221,1788393786.1311488,4720.8,0.0387
2026-09-02T20:21:47,1788398506.9,Sky,rick,phasic,0.2127,1788393786.1305358,4720.8,0.0
2026-09-02T20:21:47,1788398506.9,Sky,rick,tonic,0.5471,1788394543.2358308,3963.7,0.3569
2026-09-02T20:21:47,1788398506.9,Sky,rick,valence_ema,0.5942,1788393786.0449677,4720.9,0.5164
2026-09-02T20:21:57,1788398517.5,Sky,rick,novelty_spent,0.2221,1788393786.1311488,4731.4,0.0385
2026-09-02T20:21:57,1788398517.5,Sky,rick,phasic,0.2127,1788393786.1305358,4731.4,0.0
2026-09-02T20:21:57,1788398517.5,Sky,rick,tonic,0.5471,1788394543.2358308,3974.3,0.3567
2026-09-02T20:21:58,1788398517.5,Sky,rick,valence_ema,0.5942,1788393786.0449677,4731.5,0.5163
2026-09-02T20:22:08,1788398528.2,Sky,rick,novelty_spent,0.2221,1788393786.1311488,4742.0,0.0384
2026-09-02T20:22:08,1788398528.2,Sky,rick,phasic,0.2127,1788393786.1305358,4742.0,0.0
2026-09-02T20:22:08,1788398528.2,Sky,rick,tonic,0.5471,1788394543.2358308,3984.9,0.3565
2026-09-02T20:22:08,1788398528.2,Sky,rick,valence_ema,0.5942,1788393786.0449677,4742.1,0.5163
2026-09-02T20:22:18,1788398538.8,Sky,rick,novelty_spent,0.2221,1788393786.1311488,4752.7,0.0382
2026-09-02T20:22:19,1788398538.8,Sky,rick,phasic,0.2127,1788393786.1305358,4752.7,0.0
2026-09-02T20:22:19,1788398538.8,Sky,rick,tonic,0.5471,1788394543.2358308,3995.6,0.3563
2026-09-02T20:22:19,1788398538.8,Sky,rick,valence_ema,0.5942,1788393786.0449677,4752.8,0.5162
2026-09-02T20:22:29,1788398549.4,Sky,rick,novelty_spent,0.2221,1788393786.1311488,4763.3,0.0381
2026-09-02T20:22:29,1788398549.4,Sky,rick,phasic,0.2127,1788393786.1305358,4763.3,0.0
2026-09-02T20:22:29,1788398549.4,Sky,rick,tonic,0.5471,1788394543.2358308,4006.2,0.356
2026-09-02T20:22:29,1788398549.4,Sky,rick,valence_ema,0.5942,1788393786.0449677,4763.4,0.5161
2026-09-02T20:22:40,1788398560.1,Sky,rick,novelty_spent,0.2221,1788393786.1311488,4774.0,0.0379
2026-09-02T20:22:40,1788398560.1,Sky,rick,phasic,0.2127,1788393786.1305358,4774.0,0.0
2026-09-02T20:22:40,1788398560.1,Sky,rick,tonic,0.5471,1788394543.2358308,4016.9,0.3558
2026-09-02T20:22:40,1788398560.1,Sky,rick,valence_ema,0.5942,1788393786.0449677,4774.1,0.5161
2026-09-02T20:22:50,1788398570.8,Sky,rick,novelty_spent,0.2221,1788393786.1311488,4784.6,0.0378
2026-09-02T20:22:51,1788398570.8,Sky,rick,phasic,0.2127,1788393786.1305358,4784.6,0.0
2026-09-02T20:22:51,1788398570.8,Sky,rick,tonic,0.5471,1788394543.2358308,4027.5,0.3556
2026-09-02T20:22:51,1788398570.8,Sky,rick,valence_ema,0.5942,1788393786.0449677,4784.7,0.516
2026-09-02T20:23:01,1788398581.4,Sky,rick,novelty_spent,0.2221,1788393786.1311488,4795.2,0.0376
2026-09-02T20:23:01,1788398581.4,Sky,rick,phasic,0.2127,1788393786.1305358,4795.2,0.0
2026-09-02T20:23:01,1788398581.4,Sky,rick,tonic,0.5471,1788394543.2358308,4038.1,0.3554
2026-09-02T20:23:01,1788398581.4,Sky,rick,valence_ema,0.5942,1788393786.0449677,4795.3,0.5159
2026-09-02T20:23:12,1788398592.0,Sky,rick,novelty_spent,0.2221,1788393786.1311488,4805.9,0.0375
2026-09-02T20:23:12,1788398592.0,Sky,rick,phasic,0.2127,1788393786.1305358,4805.9,0.0
2026-09-02T20:23:12,1788398592.0,Sky,rick,tonic,0.5471,1788394543.2358308,4048.8,0.3552
2026-09-02T20:23:12,1788398592.0,Sky,rick,valence_ema,0.5942,1788393786.0449677,4806.0,0.5159
2026-09-02T20:23:22,1788398602.6,Sky,rick,novelty_spent,0.2221,1788393786.1311488,4816.5,0.0373
2026-09-02T20:23:22,1788398602.6,Sky,rick,phasic,0.2127,1788393786.1305358,4816.5,0.0
2026-09-02T20:23:23,1788398602.6,Sky,rick,tonic,0.5471,1788394543.2358308,4059.4,0.3549
2026-09-02T20:23:23,1788398602.6,Sky,rick,valence_ema,0.5942,1788393786.0449677,4816.6,0.5158
2026-09-02T20:23:33,1788398613.3,Sky,rick,novelty_spent,0.2221,1788393786.1311488,4827.2,0.0372
2026-09-02T20:23:33,1788398613.3,Sky,rick,phasic,0.2127,1788393786.1305358,4827.2,0.0
2026-09-02T20:23:33,1788398613.3,Sky,rick,tonic,0.5471,1788394543.2358308,4070.1,0.3547
2026-09-02T20:23:33,1788398613.3,Sky,rick,valence_ema,0.5942,1788393786.0449677,4827.3,0.5158
2026-09-02T20:23:44,1788398623.9,Sky,rick,novelty_spent,0.2221,1788393786.1311488,4837.8,0.037
2026-09-02T20:23:44,1788398623.9,Sky,rick,phasic,0.2127,1788393786.1305358,4837.8,0.0
2026-09-02T20:23:44,1788398623.9,Sky,rick,tonic,0.5471,1788394543.2358308,4080.7,0.3545
2026-09-02T20:23:44,1788398623.9,Sky,rick,valence_ema,0.5942,1788393786.0449677,4837.9,0.5157
2026-09-02T20:23:54,1788398634.6,Sky,rick,novelty_spent,0.2221,1788393786.1311488,4848.4,0.0369
2026-09-02T20:23:54,1788398634.6,Sky,rick,phasic,0.2127,1788393786.1305358,4848.4,0.0
2026-09-02T20:23:54,1788398634.6,Sky,rick,tonic,0.5471,1788394543.2358308,4091.3,0.3543
2026-09-02T20:23:55,1788398634.6,Sky,rick,valence_ema,0.5942,1788393786.0449677,4848.5,0.5156
2026-09-02T20:24:05,1788398645.2,Sky,rick,novelty_spent,0.2221,1788393786.1311488,4859.1,0.0367
2026-09-02T20:24:05,1788398645.2,Sky,rick,phasic,0.2127,1788393786.1305358,4859.1,0.0
2026-09-02T20:24:05,1788398645.2,Sky,rick,tonic,0.5471,1788394543.2358308,4102.0,0.3541
2026-09-02T20:24:05,1788398645.2,Sky,rick,valence_ema,0.5942,1788393786.0449677,4859.2,0.5156
2026-09-02T20:24:15,1788398655.8,Sky,rick,novelty_spent,0.2221,1788393786.1311488,4869.7,0.0366
2026-09-02T20:24:16,1788398655.8,Sky,rick,phasic,0.2127,1788393786.1305358,4869.7,0.0
2026-09-02T20:24:16,1788398655.8,Sky,rick,tonic,0.5471,1788394543.2358308,4112.6,0.3539
2026-09-02T20:24:16,1788398655.8,Sky,rick,valence_ema,0.5942,1788393786.0449677,4869.8,0.5155
2026-09-02T20:24:26,1788398666.5,Sky,rick,novelty_spent,0.2221,1788393786.1311488,4880.3,0.0364
2026-09-02T20:24:26,1788398666.5,Sky,rick,phasic,0.2127,1788393786.1305358,4880.3,0.0
2026-09-02T20:24:26,1788398666.5,Sky,rick,tonic,0.5471,1788394543.2358308,4123.2,0.3537
2026-09-02T20:24:26,1788398666.5,Sky,rick,valence_ema,0.5942,1788393786.0449677,4880.4,0.5155
2026-09-02T20:24:37,1788398677.1,Sky,rick,novelty_spent,0.2221,1788393786.1311488,4891.0,0.0363
2026-09-02T20:24:37,1788398677.1,Sky,rick,phasic,0.2127,1788393786.1305358,4891.0,0.0
2026-09-02T20:24:37,1788398677.1,Sky,rick,tonic,0.5471,1788394543.2358308,4133.9,0.3534
2026-09-02T20:24:37,1788398677.1,Sky,rick,valence_ema,0.5942,1788393786.0449677,4891.1,0.5154
2026-09-02T20:24:47,1788398687.8,Sky,rick,novelty_spent,0.2221,1788393786.1311488,4901.6,0.0362
2026-09-02T20:24:47,1788398687.8,Sky,rick,phasic,0.2127,1788393786.1305358,4901.6,0.0
2026-09-02T20:24:48,1788398687.8,Sky,rick,tonic,0.5471,1788394543.2358308,4144.5,0.3532
2026-09-02T20:24:48,1788398687.8,Sky,rick,valence_ema,0.5942,1788393786.0449677,4901.7,0.5153
2026-09-02T20:24:58,1788398698.4,Sky,rick,novelty_spent,0.2221,1788393786.1311488,4912.3,0.036
2026-09-02T20:24:58,1788398698.4,Sky,rick,phasic,0.2127,1788393786.1305358,4912.3,0.0
2026-09-02T20:24:58,1788398698.4,Sky,rick,tonic,0.5471,1788394543.2358308,4155.1,0.353
2026-09-02T20:24:58,1788398698.4,Sky,rick,valence_ema,0.5942,1788393786.0449677,4912.3,0.5153
2026-09-02T20:25:09,1788398709.0,Sky,rick,novelty_spent,0.2221,1788393786.1311488,4922.9,0.0359
2026-09-02T20:25:09,1788398709.0,Sky,rick,phasic,0.2127,1788393786.1305358,4922.9,0.0
2026-09-02T20:25:09,1788398709.0,Sky,rick,tonic,0.5471,1788394543.2358308,4165.8,0.3528
2026-09-02T20:25:09,1788398709.0,Sky,rick,valence_ema,0.5942,1788393786.0449677,4922.9,0.5152
2026-09-02T20:25:19,1788398719.6,Sky,rick,novelty_spent,0.2221,1788393786.1311488,4933.5,0.0357
2026-09-02T20:25:19,1788398719.6,Sky,rick,phasic,0.2127,1788393786.1305358,4933.5,0.0
2026-09-02T20:25:19,1788398719.6,Sky,rick,tonic,0.5471,1788394543.2358308,4176.4,0.3526
2026-09-02T20:25:20,1788398719.6,Sky,rick,valence_ema,0.5942,1788393786.0449677,4933.5,0.5152
2026-09-02T20:25:30,1788398730.2,Sky,rick,novelty_spent,0.2221,1788393786.1311488,4944.1,0.0356
2026-09-02T20:25:30,1788398730.2,Sky,rick,phasic,0.2127,1788393786.1305358,4944.1,0.0
2026-09-02T20:25:30,1788398730.2,Sky,rick,tonic,0.5471,1788394543.2358308,4187.0,0.3524
2026-09-02T20:25:30,1788398730.2,Sky,rick,valence_ema,0.5942,1788393786.0449677,4944.2,0.5151
2026-09-02T20:25:41,1788398740.9,Sky,rick,novelty_spent,0.2221,1788393786.1311488,4954.8,0.0354
2026-09-02T20:25:41,1788398740.9,Sky,rick,phasic,0.2127,1788393786.1305358,4954.8,0.0
2026-09-02T20:25:41,1788398740.9,Sky,rick,tonic,0.5471,1788394543.2358308,4197.7,0.3522
2026-09-02T20:25:41,1788398740.9,Sky,rick,valence_ema,0.5942,1788393786.0449677,4954.8,0.515
2026-09-02T20:25:51,1788398751.5,Sky,rick,novelty_spent,0.2221,1788393786.1311488,4965.4,0.0353
2026-09-02T20:25:51,1788398751.5,Sky,rick,phasic,0.2127,1788393786.1305358,4965.4,0.0
2026-09-02T20:25:51,1788398751.5,Sky,rick,tonic,0.5471,1788394543.2358308,4208.3,0.352
2026-09-02T20:25:51,1788398751.5,Sky,rick,valence_ema,0.5942,1788393786.0449677,4965.5,0.515
2026-09-02T20:26:02,1788398762.2,Sky,rick,novelty_spent,0.2221,1788393786.1311488,4976.0,0.0352
2026-09-02T20:26:02,1788398762.2,Sky,rick,phasic,0.2127,1788393786.1305358,4976.0,0.0
2026-09-02T20:26:02,1788398762.2,Sky,rick,tonic,0.5471,1788394543.2358308,4218.9,0.3518
2026-09-02T20:26:02,1788398762.2,Sky,rick,valence_ema,0.5942,1788393786.0449677,4976.1,0.5149
2026-09-02T20:26:12,1788398772.8,Sky,rick,novelty_spent,0.2221,1788393786.1311488,4986.7,0.035
2026-09-02T20:26:13,1788398772.8,Sky,rick,phasic,0.2127,1788393786.1305358,4986.7,0.0
2026-09-02T20:26:13,1788398772.8,Sky,rick,tonic,0.5471,1788394543.2358308,4229.6,0.3516
2026-09-02T20:26:13,1788398772.8,Sky,rick,valence_ema,0.5942,1788393786.0449677,4986.8,0.5149
2026-09-02T20:26:23,1788398783.4,Sky,rick,novelty_spent,0.2221,1788393786.1311488,4997.3,0.0349
2026-09-02T20:26:23,1788398783.4,Sky,rick,phasic,0.2127,1788393786.1305358,4997.3,0.0
2026-09-02T20:26:23,1788398783.4,Sky,rick,tonic,0.5471,1788394543.2358308,4240.2,0.3514
2026-09-02T20:26:23,1788398783.4,Sky,rick,valence_ema,0.5942,1788393786.0449677,4997.4,0.5148
2026-09-02T20:26:34,1788398794.0,Sky,rick,novelty_spent,0.2221,1788393786.1311488,5007.9,0.0348
2026-09-02T20:26:34,1788398794.0,Sky,rick,phasic,0.2127,1788393786.1305358,5007.9,0.0
2026-09-02T20:26:34,1788398794.0,Sky,rick,tonic,0.5471,1788394543.2358308,4250.8,0.3512
2026-09-02T20:26:34,1788398794.0,Sky,rick,valence_ema,0.5942,1788393786.0449677,5008.0,0.5147
2026-09-02T20:26:44,1788398804.7,Sky,rick,novelty_spent,0.2221,1788393786.1311488,5018.5,0.0346
2026-09-02T20:26:44,1788398804.7,Sky,rick,phasic,0.2127,1788393786.1305358,5018.5,0.0
2026-09-02T20:26:45,1788398804.7,Sky,rick,tonic,0.5471,1788394543.2358308,4261.4,0.351
2026-09-02T20:26:45,1788398804.7,Sky,rick,valence_ema,0.5942,1788393786.0449677,5018.6,0.5147
2026-09-02T20:26:55,1788398815.3,Sky,rick,novelty_spent,0.2221,1788393786.1311488,5029.2,0.0345
2026-09-02T20:26:55,1788398815.3,Sky,rick,phasic,0.2127,1788393786.1305358,5029.2,0.0
2026-09-02T20:26:55,1788398815.3,Sky,rick,tonic,0.5471,1788394543.2358308,4272.1,0.3508
2026-09-02T20:26:55,1788398815.3,Sky,rick,valence_ema,0.5942,1788393786.0449677,5029.3,0.5146
2026-09-02T20:27:06,1788398826.0,Sky,rick,novelty_spent,0.2221,1788393786.1311488,5039.8,0.0343
2026-09-02T20:27:06,1788398826.0,Sky,rick,phasic,0.2127,1788393786.1305358,5039.8,0.0
2026-09-02T20:27:06,1788398826.0,Sky,rick,tonic,0.5471,1788394543.2358308,4282.7,0.3506
2026-09-02T20:27:06,1788398826.0,Sky,rick,valence_ema,0.5942,1788393786.0449677,5039.9,0.5146
2026-09-02T20:27:16,1788398836.6,Sky,rick,novelty_spent,0.2221,1788393786.1311488,5050.5,0.0342
2026-09-02T20:27:16,1788398836.6,Sky,rick,phasic,0.2127,1788393786.1305358,5050.5,0.0
2026-09-02T20:27:16,1788398836.6,Sky,rick,tonic,0.5471,1788394543.2358308,4293.4,0.3504
2026-09-02T20:27:17,1788398836.6,Sky,rick,valence_ema,0.5942,1788393786.0449677,5050.6,0.5145
2026-09-02T20:27:27,1788398847.2,Sky,rick,novelty_spent,0.2221,1788393786.1311488,5061.1,0.0341
2026-09-02T20:27:27,1788398847.2,Sky,rick,phasic,0.2127,1788393786.1305358,5061.1,0.0
2026-09-02T20:27:27,1788398847.2,Sky,rick,tonic,0.5471,1788394543.2358308,4304.0,0.3502
2026-09-02T20:27:27,1788398847.2,Sky,rick,valence_ema,0.5942,1788393786.0449677,5061.2,0.5145
2026-09-02T20:27:37,1788398857.8,Sky,rick,novelty_spent,0.2221,1788393786.1311488,5071.7,0.0339
2026-09-02T20:27:38,1788398857.8,Sky,rick,phasic,0.2127,1788393786.1305358,5071.7,0.0
2026-09-02T20:27:38,1788398857.8,Sky,rick,tonic,0.5471,1788394543.2358308,4314.6,0.35
2026-09-02T20:27:38,1788398857.8,Sky,rick,valence_ema,0.5942,1788393786.0449677,5071.8,0.5144
2026-09-02T20:27:48,1788398868.5,Sky,rick,novelty_spent,0.2221,1788393786.1311488,5082.4,0.0338
2026-09-02T20:27:48,1788398868.5,Sky,rick,phasic,0.2127,1788393786.1305358,5082.4,0.0
2026-09-02T20:27:48,1788398868.5,Sky,rick,tonic,0.5471,1788394543.2358308,4325.3,0.3498
2026-09-02T20:27:49,1788398868.5,Sky,rick,valence_ema,0.5942,1788393786.0449677,5082.5,0.5143
2026-09-02T20:27:59,1788398879.2,Sky,rick,novelty_spent,0.2221,1788393786.1311488,5093.0,0.0337
2026-09-02T20:27:59,1788398879.2,Sky,rick,phasic,0.2127,1788393786.1305358,5093.0,0.0
2026-09-02T20:27:59,1788398879.2,Sky,rick,tonic,0.5471,1788394543.2358308,4335.9,0.3496
2026-09-02T20:27:59,1788398879.2,Sky,rick,valence_ema,0.5942,1788393786.0449677,5093.1,0.5143
2026-09-02T20:28:09,1788398889.8,Sky,rick,novelty_spent,0.2221,1788393786.1311488,5103.7,0.0335
2026-09-02T20:28:10,1788398889.8,Sky,rick,phasic,0.2127,1788393786.1305358,5103.7,0.0
2026-09-02T20:28:10,1788398889.8,Sky,rick,tonic,0.5471,1788394543.2358308,4346.6,0.3494
2026-09-02T20:28:10,1788398889.8,Sky,rick,valence_ema,0.5942,1788393786.0449677,5103.8,0.5142
2026-09-02T20:28:20,1788398900.4,Sky,rick,novelty_spent,0.2221,1788393786.1311488,5114.3,0.0334
2026-09-02T20:28:20,1788398900.4,Sky,rick,phasic,0.2127,1788393786.1305358,5114.3,0.0
2026-09-02T20:28:20,1788398900.4,Sky,rick,tonic,0.5471,1788394543.2358308,4357.2,0.3492
2026-09-02T20:28:20,1788398900.4,Sky,rick,valence_ema,0.5942,1788393786.0449677,5114.4,0.5142
2026-09-02T20:28:31,1788398911.1,Sky,rick,novelty_spent,0.2221,1788393786.1311488,5125.0,0.0333
2026-09-02T20:28:31,1788398911.1,Sky,rick,phasic,0.2127,1788393786.1305358,5125.0,0.0
2026-09-02T20:28:31,1788398911.1,Sky,rick,tonic,0.5471,1788394543.2358308,4367.9,0.349
2026-09-02T20:28:31,1788398911.1,Sky,rick,valence_ema,0.5942,1788393786.0449677,5125.1,0.5141
2026-09-02T20:28:41,1788398921.8,Sky,rick,novelty_spent,0.2221,1788393786.1311488,5135.7,0.0331
2026-09-02T20:28:42,1788398921.8,Sky,rick,phasic,0.2127,1788393786.1305358,5135.7,0.0
2026-09-02T20:28:42,1788398921.8,Sky,rick,tonic,0.5471,1788394543.2358308,4378.6,0.3488
2026-09-02T20:28:42,1788398921.8,Sky,rick,valence_ema,0.5942,1788393786.0449677,5135.8,0.5141
2026-09-02T20:28:52,1788398932.4,Sky,rick,novelty_spent,0.2221,1788393786.1311488,5146.3,0.033
2026-09-02T20:28:52,1788398932.4,Sky,rick,phasic,0.2127,1788393786.1305358,5146.3,0.0
2026-09-02T20:28:52,1788398932.4,Sky,rick,tonic,0.5471,1788394543.2358308,4389.2,0.3486
2026-09-02T20:28:52,1788398932.4,Sky,rick,valence_ema,0.5942,1788393786.0449677,5146.4,0.514
2026-09-02T20:29:03,1788398943.0,Sky,rick,novelty_spent,0.2221,1788393786.1311488,5156.9,0.0329
2026-09-02T20:29:03,1788398943.0,Sky,rick,phasic,0.2127,1788393786.1305358,5156.9,0.0
2026-09-02T20:29:03,1788398943.0,Sky,rick,tonic,0.5471,1788394543.2358308,4399.8,0.3484
2026-09-02T20:29:03,1788398943.0,Sky,rick,valence_ema,0.5942,1788393786.0449677,5157.0,0.5139
2026-09-02T20:29:13,1788398953.6,Sky,rick,novelty_spent,0.2221,1788393786.1311488,5167.5,0.0328
2026-09-02T20:29:13,1788398953.6,Sky,rick,phasic,0.2127,1788393786.1305358,5167.5,0.0
2026-09-02T20:29:13,1788398953.6,Sky,rick,tonic,0.5471,1788394543.2358308,4410.4,0.3482
2026-09-02T20:29:14,1788398953.6,Sky,rick,valence_ema,0.5942,1788393786.0449677,5167.6,0.5139
2026-09-02T20:29:24,1788398964.3,Sky,rick,novelty_spent,0.2221,1788393786.1311488,5178.2,0.0326
2026-09-02T20:29:24,1788398964.3,Sky,rick,phasic,0.2127,1788393786.1305358,5178.2,0.0
2026-09-02T20:29:24,1788398964.3,Sky,rick,tonic,0.5471,1788394543.2358308,4421.0,0.3481
2026-09-02T20:29:24,1788398964.3,Sky,rick,valence_ema,0.5942,1788393786.0449677,5178.2,0.5138
2026-09-02T20:29:35,1788398974.9,Sky,rick,novelty_spent,0.2221,1788393786.1311488,5188.8,0.0325
2026-09-02T20:29:35,1788398974.9,Sky,rick,phasic,0.2127,1788393786.1305358,5188.8,0.0
2026-09-02T20:29:35,1788398974.9,Sky,rick,tonic,0.5471,1788394543.2358308,4431.7,0.3479
2026-09-02T20:29:35,1788398974.9,Sky,rick,valence_ema,0.5942,1788393786.0449677,5188.9,0.5138
2026-09-02T20:29:45,1788398985.6,Sky,rick,novelty_spent,0.2221,1788393786.1311488,5199.4,0.0324
2026-09-02T20:29:45,1788398985.6,Sky,rick,phasic,0.2127,1788393786.1305358,5199.4,0.0
2026-09-02T20:29:45,1788398985.6,Sky,rick,tonic,0.5471,1788394543.2358308,4442.3,0.3477
2026-09-02T20:29:46,1788398985.6,Sky,rick,valence_ema,0.5942,1788393786.0449677,5199.5,0.5137
2026-09-02T20:29:56,1788398996.2,Sky,rick,novelty_spent,0.2221,1788393786.1311488,5210.1,0.0322
2026-09-02T20:29:56,1788398996.2,Sky,rick,phasic,0.2127,1788393786.1305358,5210.1,0.0
2026-09-02T20:29:56,1788398996.2,Sky,rick,tonic,0.5471,1788394543.2358308,4453.0,0.3475
2026-09-02T20:29:56,1788398996.2,Sky,rick,valence_ema,0.5942,1788393786.0449677,5210.2,0.5137
2026-09-02T20:30:06,1788399006.8,Sky,rick,novelty_spent,0.2221,1788393786.1311488,5220.7,0.0321
2026-09-02T20:30:07,1788399006.8,Sky,rick,phasic,0.2127,1788393786.1305358,5220.7,0.0
2026-09-02T20:30:07,1788399006.8,Sky,rick,tonic,0.5471,1788394543.2358308,4463.6,0.3473
2026-09-02T20:30:07,1788399006.8,Sky,rick,valence_ema,0.5942,1788393786.0449677,5220.8,0.5136
2026-09-02T20:30:17,1788399017.4,Sky,rick,novelty_spent,0.2221,1788393786.1311488,5231.3,0.032
2026-09-02T20:30:17,1788399017.4,Sky,rick,phasic,0.2127,1788393786.1305358,5231.3,0.0
2026-09-02T20:30:17,1788399017.4,Sky,rick,tonic,0.5471,1788394543.2358308,4474.2,0.3471
2026-09-02T20:30:17,1788399017.4,Sky,rick,valence_ema,0.5942,1788393786.0449677,5231.4,0.5136
2026-09-02T20:30:28,1788399028.1,Sky,rick,novelty_spent,0.2221,1788393786.1311488,5241.9,0.0319
2026-09-02T20:30:28,1788399028.1,Sky,rick,phasic,0.2127,1788393786.1305358,5241.9,0.0
2026-09-02T20:30:28,1788399028.1,Sky,rick,tonic,0.5471,1788394543.2358308,4484.8,0.3469
2026-09-02T20:30:28,1788399028.1,Sky,rick,valence_ema,0.5942,1788393786.0449677,5242.0,0.5135
2026-09-02T20:30:38,1788399038.7,Sky,rick,novelty_spent,0.2221,1788393786.1311488,5252.5,0.0317
2026-09-02T20:30:38,1788399038.7,Sky,rick,phasic,0.2127,1788393786.1305358,5252.5,0.0
2026-09-02T20:30:39,1788399038.7,Sky,rick,tonic,0.5471,1788394543.2358308,4495.4,0.3468
2026-09-02T20:30:39,1788399038.7,Sky,rick,valence_ema,0.5942,1788393786.0449677,5252.6,0.5135
2026-09-02T20:30:49,1788399049.3,Sky,rick,novelty_spent,0.2221,1788393786.1311488,5263.1,0.0316
2026-09-02T20:30:49,1788399049.3,Sky,rick,phasic,0.2127,1788393786.1305358,5263.1,0.0
2026-09-02T20:30:49,1788399049.3,Sky,rick,tonic,0.5471,1788394543.2358308,4506.0,0.3466
2026-09-02T20:30:49,1788399049.3,Sky,rick,valence_ema,0.5942,1788393786.0449677,5263.2,0.5134
2026-09-02T20:31:00,1788399059.9,Sky,rick,novelty_spent,0.2221,1788393786.1311488,5273.8,0.0315
2026-09-02T20:31:00,1788399059.9,Sky,rick,phasic,0.2127,1788393786.1305358,5273.8,0.0
2026-09-02T20:31:00,1788399059.9,Sky,rick,tonic,0.5471,1788394543.2358308,4516.7,0.3464
2026-09-02T20:31:00,1788399059.9,Sky,rick,valence_ema,0.5942,1788393786.0449677,5273.9,0.5134
2026-09-02T20:31:10,1788399070.5,Sky,rick,novelty_spent,0.2221,1788393786.1311488,5284.4,0.0314
2026-09-02T20:31:10,1788399070.5,Sky,rick,phasic,0.2127,1788393786.1305358,5284.4,0.0
2026-09-02T20:31:10,1788399070.5,Sky,rick,tonic,0.5471,1788394543.2358308,4527.3,0.3462
2026-09-02T20:31:10,1788399070.5,Sky,rick,valence_ema,0.5942,1788393786.0449677,5284.5,0.5133
2026-09-02T20:31:21,1788399081.1,Sky,rick,novelty_spent,0.2221,1788393786.1311488,5295.0,0.0313
2026-09-02T20:31:21,1788399081.1,Sky,rick,phasic,0.2127,1788393786.1305358,5295.0,0.0
2026-09-02T20:31:21,1788399081.1,Sky,rick,tonic,0.5471,1788394543.2358308,4537.9,0.346
2026-09-02T20:31:21,1788399081.1,Sky,rick,valence_ema,0.5942,1788393786.0449677,5295.0,0.5133
2026-09-02T20:31:31,1788399091.8,Sky,rick,novelty_spent,0.2221,1788393786.1311488,5305.6,0.0311
2026-09-02T20:31:32,1788399091.8,Sky,rick,phasic,0.2127,1788393786.1305358,5305.6,0.0
2026-09-02T20:31:32,1788399091.8,Sky,rick,tonic,0.5471,1788394543.2358308,4548.5,0.3458
2026-09-02T20:31:32,1788399091.8,Sky,rick,valence_ema,0.5942,1788393786.0449677,5305.7,0.5132
2026-09-02T20:31:42,1788399102.4,Sky,rick,novelty_spent,0.2221,1788393786.1311488,5316.3,0.031
2026-09-02T20:31:42,1788399102.4,Sky,rick,phasic,0.2127,1788393786.1305358,5316.3,0.0
2026-09-02T20:31:42,1788399102.4,Sky,rick,tonic,0.5471,1788394543.2358308,4559.2,0.3457
2026-09-02T20:31:42,1788399102.4,Sky,rick,valence_ema,0.5942,1788393786.0449677,5316.4,0.5131
2026-09-02T20:31:53,1788399113.0,Sky,rick,novelty_spent,0.2221,1788393786.1311488,5326.9,0.0309
2026-09-02T20:31:53,1788399113.0,Sky,rick,phasic,0.2127,1788393786.1305358,5326.9,0.0
2026-09-02T20:31:53,1788399113.0,Sky,rick,tonic,0.5471,1788394543.2358308,4569.8,0.3455
2026-09-02T20:31:53,1788399113.0,Sky,rick,valence_ema,0.5942,1788393786.0449677,5327.0,0.5131
2026-09-02T20:32:03,1788399123.6,Sky,rick,novelty_spent,0.2221,1788393786.1311488,5337.5,0.0308
2026-09-02T20:32:03,1788399123.6,Sky,rick,phasic,0.2127,1788393786.1305358,5337.5,0.0
2026-09-02T20:32:03,1788399123.6,Sky,rick,tonic,0.5471,1788394543.2358308,4580.4,0.3453
2026-09-02T20:32:04,1788399123.6,Sky,rick,valence_ema,0.5942,1788393786.0449677,5337.6,0.513
2026-09-02T20:32:14,1788399134.2,Sky,rick,novelty_spent,0.2221,1788393786.1311488,5348.1,0.0306
2026-09-02T20:32:14,1788399134.2,Sky,rick,phasic,0.2127,1788393786.1305358,5348.1,0.0
2026-09-02T20:32:14,1788399134.2,Sky,rick,tonic,0.5471,1788394543.2358308,4591.0,0.3451
2026-09-02T20:32:14,1788399134.2,Sky,rick,valence_ema,0.5942,1788393786.0449677,5348.2,0.513
2026-09-02T20:32:24,1788399144.9,Sky,rick,novelty_spent,0.2221,1788393786.1311488,5358.7,0.0305
2026-09-02T20:32:25,1788399144.9,Sky,rick,phasic,0.2127,1788393786.1305358,5358.7,0.0
2026-09-02T20:32:25,1788399144.9,Sky,rick,tonic,0.5471,1788394543.2358308,4601.6,0.3449
2026-09-02T20:32:25,1788399144.9,Sky,rick,valence_ema,0.5942,1788393786.0449677,5358.8,0.5129
2026-09-02T20:32:35,1788399155.5,Sky,rick,novelty_spent,0.2221,1788393786.1311488,5369.4,0.0304
2026-09-02T20:32:35,1788399155.5,Sky,rick,phasic,0.2127,1788393786.1305358,5369.4,0.0
2026-09-02T20:32:35,1788399155.5,Sky,rick,tonic,0.5471,1788394543.2358308,4612.3,0.3448
2026-09-02T20:32:35,1788399155.5,Sky,rick,valence_ema,0.5942,1788393786.0449677,5369.5,0.5129
2026-09-02T20:32:46,1788399166.1,Sky,rick,novelty_spent,0.2221,1788393786.1311488,5380.0,0.0303
2026-09-02T20:32:46,1788399166.1,Sky,rick,phasic,0.2127,1788393786.1305358,5380.0,0.0
2026-09-02T20:32:46,1788399166.1,Sky,rick,tonic,0.5471,1788394543.2358308,4622.9,0.3446
2026-09-02T20:32:46,1788399166.1,Sky,rick,valence_ema,0.5942,1788393786.0449677,5380.1,0.5128
2026-09-02T20:32:56,1788399176.7,Sky,rick,novelty_spent,0.2221,1788393786.1311488,5390.6,0.0302
2026-09-02T20:32:57,1788399176.7,Sky,rick,phasic,0.2127,1788393786.1305358,5390.6,0.0
2026-09-02T20:32:57,1788399176.7,Sky,rick,tonic,0.5471,1788394543.2358308,4633.5,0.3444
2026-09-02T20:32:57,1788399176.7,Sky,rick,valence_ema,0.5942,1788393786.0449677,5390.7,0.5128
2026-09-02T20:33:07,1788399187.4,Sky,rick,novelty_spent,0.2221,1788393786.1311488,5401.3,0.03
2026-09-02T20:33:07,1788399187.4,Sky,rick,phasic,0.2127,1788393786.1305358,5401.3,0.0
2026-09-02T20:33:07,1788399187.4,Sky,rick,tonic,0.5471,1788394543.2358308,4644.2,0.3442
2026-09-02T20:33:07,1788399187.4,Sky,rick,valence_ema,0.5942,1788393786.0449677,5401.4,0.5127
2026-09-02T20:33:18,1788399198.1,Sky,rick,novelty_spent,0.2221,1788393786.1311488,5411.9,0.0299
2026-09-02T20:33:18,1788399198.1,Sky,rick,phasic,0.2127,1788393786.1305358,5411.9,0.0
2026-09-02T20:33:18,1788399198.1,Sky,rick,tonic,0.5471,1788394543.2358308,4654.8,0.3441
2026-09-02T20:33:18,1788399198.1,Sky,rick,valence_ema,0.5942,1788393786.0449677,5412.0,0.5127
2026-09-02T20:33:28,1788399208.7,Sky,rick,novelty_spent,0.2221,1788393786.1311488,5422.5,0.0298
2026-09-02T20:33:28,1788399208.7,Sky,rick,phasic,0.2127,1788393786.1305358,5422.5,0.0
2026-09-02T20:33:28,1788399208.7,Sky,rick,tonic,0.5471,1788394543.2358308,4665.4,0.3439
2026-09-02T20:33:29,1788399208.7,Sky,rick,valence_ema,0.5942,1788393786.0449677,5422.6,0.5126
2026-09-02T20:33:39,1788399219.2,Sky,rick,novelty_spent,0.2221,1788393786.1311488,5433.1,0.0297
2026-09-02T20:33:39,1788399219.2,Sky,rick,phasic,0.2127,1788393786.1305358,5433.1,0.0
2026-09-02T20:33:39,1788399219.2,Sky,rick,tonic,0.5471,1788394543.2358308,4676.0,0.3437
2026-09-02T20:33:39,1788399219.2,Sky,rick,valence_ema,0.5942,1788393786.0449677,5433.2,0.5126
2026-09-02T20:33:50,1788399229.9,Sky,rick,novelty_spent,0.2221,1788393786.1311488,5443.7,0.0296
2026-09-02T20:33:50,1788399229.9,Sky,rick,phasic,0.2127,1788393786.1305358,5443.7,0.0
2026-09-02T20:33:50,1788399229.9,Sky,rick,tonic,0.5471,1788394543.2358308,4686.6,0.3436
2026-09-02T20:33:50,1788399229.9,Sky,rick,valence_ema,0.5942,1788393786.0449677,5443.8,0.5125
2026-09-02T20:34:00,1788399240.5,Sky,rick,novelty_spent,0.2221,1788393786.1311488,5454.4,0.0295
2026-09-02T20:34:00,1788399240.5,Sky,rick,phasic,0.2127,1788393786.1305358,5454.4,0.0
2026-09-02T20:34:00,1788399240.5,Sky,rick,tonic,0.5471,1788394543.2358308,4697.3,0.3434
2026-09-02T20:34:00,1788399240.5,Sky,rick,valence_ema,0.5942,1788393786.0449677,5454.5,0.5125
2026-09-02T20:34:11,1788399251.1,Sky,rick,novelty_spent,0.2221,1788393786.1311488,5465.0,0.0293
2026-09-02T20:34:11,1788399251.1,Sky,rick,phasic,0.2127,1788393786.1305358,5465.0,0.0
2026-09-02T20:34:11,1788399251.1,Sky,rick,tonic,0.5471,1788394543.2358308,4707.9,0.3432
2026-09-02T20:34:11,1788399251.1,Sky,rick,valence_ema,0.5942,1788393786.0449677,5465.1,0.5124
2026-09-02T20:34:21,1788399261.7,Sky,rick,novelty_spent,0.2221,1788393786.1311488,5475.6,0.0292
2026-09-02T20:34:21,1788399261.7,Sky,rick,phasic,0.2127,1788393786.1305358,5475.6,0.0
2026-09-02T20:34:22,1788399261.7,Sky,rick,tonic,0.5471,1788394543.2358308,4718.5,0.343
2026-09-02T20:34:22,1788399261.7,Sky,rick,valence_ema,0.5942,1788393786.0449677,5475.7,0.5124
2026-09-02T20:34:32,1788399272.3,Sky,rick,novelty_spent,0.2221,1788393786.1311488,5486.2,0.0291
2026-09-02T20:34:32,1788399272.3,Sky,rick,phasic,0.2127,1788393786.1305358,5486.2,0.0
2026-09-02T20:34:32,1788399272.3,Sky,rick,tonic,0.5471,1788394543.2358308,4729.1,0.3429
2026-09-02T20:34:32,1788399272.3,Sky,rick,valence_ema,0.5942,1788393786.0449677,5486.3,0.5123
2026-09-02T20:34:43,1788399282.9,Sky,rick,novelty_spent,0.2221,1788393786.1311488,5496.8,0.029
2026-09-02T20:34:43,1788399282.9,Sky,rick,phasic,0.2127,1788393786.1305358,5496.8,0.0
2026-09-02T20:34:43,1788399282.9,Sky,rick,tonic,0.5471,1788394543.2358308,4739.7,0.3427
2026-09-02T20:34:43,1788399282.9,Sky,rick,valence_ema,0.5942,1788393786.0449677,5496.8,0.5123
2026-09-02T20:34:53,1788399293.6,Sky,rick,novelty_spent,0.2221,1788393786.1311488,5507.4,0.0289
2026-09-02T20:34:53,1788399293.6,Sky,rick,phasic,0.2127,1788393786.1305358,5507.4,0.0
2026-09-02T20:34:53,1788399293.6,Sky,rick,tonic,0.5471,1788394543.2358308,4750.3,0.3425
2026-09-02T20:34:54,1788399293.6,Sky,rick,valence_ema,0.5942,1788393786.0449677,5507.5,0.5123
2026-09-02T20:35:04,1788399304.2,Sky,rick,novelty_spent,0.2221,1788393786.1311488,5518.1,0.0288
2026-09-02T20:35:04,1788399304.2,Sky,rick,phasic,0.2127,1788393786.1305358,5518.1,0.0
2026-09-02T20:35:04,1788399304.2,Sky,rick,tonic,0.5471,1788394543.2358308,4761.0,0.3424
2026-09-02T20:35:04,1788399304.2,Sky,rick,valence_ema,0.5942,1788393786.0449677,5518.2,0.5122
2026-09-02T20:35:14,1788399314.8,Sky,rick,novelty_spent,0.2221,1788393786.1311488,5528.7,0.0287
2026-09-02T20:35:15,1788399314.8,Sky,rick,phasic,0.2127,1788393786.1305358,5528.7,0.0
2026-09-02T20:35:15,1788399314.8,Sky,rick,tonic,0.5471,1788394543.2358308,4771.6,0.3422
2026-09-02T20:35:15,1788399314.8,Sky,rick,valence_ema,0.5942,1788393786.0449677,5528.8,0.5122
2026-09-02T20:35:25,1788399325.5,Sky,rick,novelty_spent,0.2221,1788393786.1311488,5539.3,0.0285
2026-09-02T20:35:25,1788399325.5,Sky,rick,phasic,0.2127,1788393786.1305358,5539.3,0.0
2026-09-02T20:35:25,1788399325.5,Sky,rick,tonic,0.5471,1788394543.2358308,4782.2,0.342
2026-09-02T20:35:25,1788399325.5,Sky,rick,valence_ema,0.5942,1788393786.0449677,5539.4,0.5121
2026-09-02T20:35:36,1788399336.1,Sky,rick,novelty_spent,0.2221,1788393786.1311488,5550.0,0.0284
2026-09-02T20:35:36,1788399336.1,Sky,rick,phasic,0.2127,1788393786.1305358,5550.0,0.0
2026-09-02T20:35:36,1788399336.1,Sky,rick,tonic,0.5471,1788394543.2358308,4792.9,0.3419
2026-09-02T20:35:36,1788399336.1,Sky,rick,valence_ema,0.5942,1788393786.0449677,5550.0,0.5121
2026-09-02T20:35:46,1788399346.8,Sky,rick,novelty_spent,0.2221,1788393786.1311488,5560.6,0.0283
2026-09-02T20:35:46,1788399346.8,Sky,rick,phasic,0.2127,1788393786.1305358,5560.6,0.0
2026-09-02T20:35:47,1788399346.8,Sky,rick,tonic,0.5471,1788394543.2358308,4803.5,0.3417
2026-09-02T20:35:47,1788399346.8,Sky,rick,valence_ema,0.5942,1788393786.0449677,5560.7,0.512
2026-09-02T20:35:57,1788399357.4,Sky,rick,novelty_spent,0.2221,1788393786.1311488,5571.2,0.0282
2026-09-02T20:35:57,1788399357.4,Sky,rick,phasic,0.2127,1788393786.1305358,5571.2,0.0
2026-09-02T20:35:57,1788399357.4,Sky,rick,tonic,0.5471,1788394543.2358308,4814.1,0.3415
2026-09-02T20:35:57,1788399357.4,Sky,rick,valence_ema,0.5942,1788393786.0449677,5571.3,0.512
2026-09-02T20:36:08,1788399368.0,Sky,rick,novelty_spent,0.2221,1788393786.1311488,5581.9,0.0281
2026-09-02T20:36:08,1788399368.0,Sky,rick,phasic,0.2127,1788393786.1305358,5581.9,0.0
2026-09-02T20:36:08,1788399368.0,Sky,rick,tonic,0.5471,1788394543.2358308,4824.8,0.3414
2026-09-02T20:36:08,1788399368.0,Sky,rick,valence_ema,0.5942,1788393786.0449677,5582.0,0.5119
2026-09-02T20:36:18,1788399378.6,Sky,rick,novelty_spent,0.2221,1788393786.1311488,5592.5,0.028
2026-09-02T20:36:18,1788399378.6,Sky,rick,phasic,0.2127,1788393786.1305358,5592.5,0.0
2026-09-02T20:36:19,1788399378.6,Sky,rick,tonic,0.5471,1788394543.2358308,4835.4,0.3412
2026-09-02T20:36:19,1788399378.6,Sky,rick,valence_ema,0.5942,1788393786.0449677,5592.6,0.5119
2026-09-02T20:36:29,1788399389.3,Sky,rick,novelty_spent,0.2221,1788393786.1311488,5603.1,0.0279
2026-09-02T20:36:29,1788399389.3,Sky,rick,phasic,0.2127,1788393786.1305358,5603.1,0.0
2026-09-02T20:36:29,1788399389.3,Sky,rick,tonic,0.5471,1788394543.2358308,4846.0,0.3411
2026-09-02T20:36:29,1788399389.3,Sky,rick,valence_ema,0.5942,1788393786.0449677,5603.2,0.5118
2026-09-02T20:36:39,1788399399.8,Sky,rick,novelty_spent,0.2221,1788393786.1311488,5613.7,0.0278
2026-09-02T20:36:40,1788399399.8,Sky,rick,phasic,0.2127,1788393786.1305358,5613.7,0.0
2026-09-02T20:36:40,1788399399.8,Sky,rick,tonic,0.5471,1788394543.2358308,4856.6,0.3409
2026-09-02T20:36:40,1788399399.8,Sky,rick,valence_ema,0.5942,1788393786.0449677,5613.8,0.5118
2026-09-02T20:36:50,1788399410.4,Sky,rick,novelty_spent,0.2221,1788393786.1311488,5624.3,0.0277
2026-09-02T20:36:50,1788399410.4,Sky,rick,phasic,0.2127,1788393786.1305358,5624.3,0.0
2026-09-02T20:36:50,1788399410.4,Sky,rick,tonic,0.5471,1788394543.2358308,4867.2,0.3407
2026-09-02T20:36:50,1788399410.4,Sky,rick,valence_ema,0.5942,1788393786.0449677,5624.4,0.5117
2026-09-02T20:37:01,1788399421.1,Sky,rick,novelty_spent,0.2221,1788393786.1311488,5635.0,0.0276
2026-09-02T20:37:01,1788399421.1,Sky,rick,phasic,0.2127,1788393786.1305358,5635.0,0.0
2026-09-02T20:37:01,1788399421.1,Sky,rick,tonic,0.5471,1788394543.2358308,4877.9,0.3406
2026-09-02T20:37:01,1788399421.1,Sky,rick,valence_ema,0.5942,1788393786.0449677,5635.1,0.5117
2026-09-02T20:37:11,1788399431.7,Sky,rick,novelty_spent,0.2221,1788393786.1311488,5645.6,0.0274
2026-09-02T20:37:11,1788399431.7,Sky,rick,phasic,0.2127,1788393786.1305358,5645.6,0.0
2026-09-02T20:37:12,1788399431.7,Sky,rick,tonic,0.5471,1788394543.2358308,4888.5,0.3404
2026-09-02T20:37:12,1788399431.7,Sky,rick,valence_ema,0.5942,1788393786.0449677,5645.7,0.5116
2026-09-02T20:37:22,1788399442.3,Sky,rick,novelty_spent,0.2221,1788393786.1311488,5656.2,0.0273
2026-09-02T20:37:22,1788399442.3,Sky,rick,phasic,0.2127,1788393786.1305358,5656.2,0.0
2026-09-02T20:37:22,1788399442.3,Sky,rick,tonic,0.5471,1788394543.2358308,4899.1,0.3403
2026-09-02T20:37:22,1788399442.3,Sky,rick,valence_ema,0.5942,1788393786.0449677,5656.3,0.5116
2026-09-02T20:37:33,1788399453.0,Sky,rick,novelty_spent,0.2221,1788393786.1311488,5666.9,0.0272
2026-09-02T20:37:33,1788399453.0,Sky,rick,phasic,0.2127,1788393786.1305358,5666.9,0.0
2026-09-02T20:37:33,1788399453.0,Sky,rick,tonic,0.5471,1788394543.2358308,4909.8,0.3401
2026-09-02T20:37:33,1788399453.0,Sky,rick,valence_ema,0.5942,1788393786.0449677,5667.0,0.5115
2026-09-02T20:37:43,1788399463.6,Sky,rick,novelty_spent,0.2221,1788393786.1311488,5677.5,0.0271
2026-09-02T20:37:43,1788399463.6,Sky,rick,phasic,0.2127,1788393786.1305358,5677.5,0.0
2026-09-02T20:37:43,1788399463.6,Sky,rick,tonic,0.5471,1788394543.2358308,4920.4,0.3399
2026-09-02T20:37:44,1788399463.6,Sky,rick,valence_ema,0.5942,1788393786.0449677,5677.6,0.5115
2026-09-02T20:37:54,1788399474.3,Sky,rick,novelty_spent,0.2221,1788393786.1311488,5688.1,0.027
2026-09-02T20:37:54,1788399474.3,Sky,rick,phasic,0.2127,1788393786.1305358,5688.1,0.0
2026-09-02T20:37:54,1788399474.3,Sky,rick,tonic,0.5471,1788394543.2358308,4931.0,0.3398
2026-09-02T20:37:54,1788399474.3,Sky,rick,valence_ema,0.5942,1788393786.0449677,5688.2,0.5115
2026-09-02T20:38:05,1788399484.9,Sky,rick,novelty_spent,0.2221,1788393786.1311488,5698.7,0.0269
2026-09-02T20:38:05,1788399484.9,Sky,rick,phasic,0.2127,1788393786.1305358,5698.7,0.0
2026-09-02T20:38:05,1788399484.9,Sky,rick,tonic,0.5471,1788394543.2358308,4941.6,0.3396
2026-09-02T20:38:05,1788399484.9,Sky,rick,valence_ema,0.5942,1788393786.0449677,5698.8,0.5114
2026-09-02T20:38:15,1788399495.5,Sky,rick,novelty_spent,0.2221,1788393786.1311488,5709.4,0.0268
2026-09-02T20:38:15,1788399495.5,Sky,rick,phasic,0.2127,1788393786.1305358,5709.4,0.0
2026-09-02T20:38:15,1788399495.5,Sky,rick,tonic,0.5471,1788394543.2358308,4952.3,0.3395
2026-09-02T20:38:15,1788399495.5,Sky,rick,valence_ema,0.5942,1788393786.0449677,5709.4,0.5114
2026-09-02T20:38:26,1788399506.1,Sky,rick,novelty_spent,0.2221,1788393786.1311488,5720.0,0.0267
2026-09-02T20:38:26,1788399506.1,Sky,rick,phasic,0.2127,1788393786.1305358,5720.0,0.0
2026-09-02T20:38:26,1788399506.1,Sky,rick,tonic,0.5471,1788394543.2358308,4962.9,0.3393
2026-09-02T20:38:26,1788399506.1,Sky,rick,valence_ema,0.5942,1788393786.0449677,5720.1,0.5113
2026-09-02T20:38:36,1788399516.8,Sky,rick,novelty_spent,0.2221,1788393786.1311488,5730.7,0.0266
2026-09-02T20:38:37,1788399516.8,Sky,rick,phasic,0.2127,1788393786.1305358,5730.7,0.0
2026-09-02T20:38:37,1788399516.8,Sky,rick,tonic,0.5471,1788394543.2358308,4973.6,0.3392
2026-09-02T20:38:37,1788399516.8,Sky,rick,valence_ema,0.5942,1788393786.0449677,5730.8,0.5113
2026-09-02T20:38:47,1788399527.4,Sky,rick,novelty_spent,0.2221,1788393786.1311488,5741.3,0.0265
2026-09-02T20:38:47,1788399527.4,Sky,rick,phasic,0.2127,1788393786.1305358,5741.3,0.0
2026-09-02T20:38:47,1788399527.4,Sky,rick,tonic,0.5471,1788394543.2358308,4984.2,0.339
2026-09-02T20:38:47,1788399527.4,Sky,rick,valence_ema,0.5942,1788393786.0449677,5741.4,0.5112
2026-09-02T20:38:58,1788399538.0,Sky,rick,novelty_spent,0.2221,1788393786.1311488,5751.9,0.0264
2026-09-02T20:38:58,1788399538.0,Sky,rick,phasic,0.2127,1788393786.1305358,5751.9,0.0
2026-09-02T20:38:58,1788399538.0,Sky,rick,tonic,0.5471,1788394543.2358308,4994.8,0.3389
2026-09-02T20:38:58,1788399538.0,Sky,rick,valence_ema,0.5942,1788393786.0449677,5752.0,0.5112
2026-09-02T20:39:08,1788399548.6,Sky,rick,novelty_spent,0.2221,1788393786.1311488,5762.5,0.0263
2026-09-02T20:39:08,1788399548.6,Sky,rick,phasic,0.2127,1788393786.1305358,5762.5,0.0
2026-09-02T20:39:09,1788399548.6,Sky,rick,tonic,0.5471,1788394543.2358308,5005.4,0.3387
2026-09-02T20:39:09,1788399548.6,Sky,rick,valence_ema,0.5942,1788393786.0449677,5762.6,0.5111
2026-09-02T20:39:19,1788399559.3,Sky,rick,novelty_spent,0.2221,1788393786.1311488,5773.2,0.0262
2026-09-02T20:39:19,1788399559.3,Sky,rick,phasic,0.2127,1788393786.1305358,5773.2,0.0
2026-09-02T20:39:19,1788399559.3,Sky,rick,tonic,0.5471,1788394543.2358308,5016.1,0.3386
2026-09-02T20:39:19,1788399559.3,Sky,rick,valence_ema,0.5942,1788393786.0449677,5773.2,0.5111
2026-09-02T20:39:30,1788399569.9,Sky,rick,novelty_spent,0.2221,1788393786.1311488,5783.8,0.0261
2026-09-02T20:39:30,1788399569.9,Sky,rick,phasic,0.2127,1788393786.1305358,5783.8,0.0
2026-09-02T20:39:30,1788399569.9,Sky,rick,tonic,0.5471,1788394543.2358308,5026.7,0.3384
2026-09-02T20:39:30,1788399569.9,Sky,rick,valence_ema,0.5942,1788393786.0449677,5783.9,0.5111
2026-09-02T20:39:40,1788399580.6,Sky,rick,novelty_spent,0.2221,1788393786.1311488,5794.5,0.026
2026-09-02T20:39:40,1788399580.6,Sky,rick,phasic,0.2127,1788393786.1305358,5794.5,0.0
2026-09-02T20:39:40,1788399580.6,Sky,rick,tonic,0.5471,1788394543.2358308,5037.4,0.3382
2026-09-02T20:39:41,1788399580.6,Sky,rick,valence_ema,0.5942,1788393786.0449677,5794.6,0.511
2026-09-02T20:39:51,1788399591.2,Sky,rick,novelty_spent,0.2221,1788393786.1311488,5805.1,0.0259
2026-09-02T20:39:51,1788399591.2,Sky,rick,phasic,0.2127,1788393786.1305358,5805.1,0.0
2026-09-02T20:39:51,1788399591.2,Sky,rick,tonic,0.5471,1788394543.2358308,5048.0,0.3381
2026-09-02T20:39:51,1788399591.2,Sky,rick,valence_ema,0.5942,1788393786.0449677,5805.2,0.511
2026-09-02T20:40:01,1788399601.9,Sky,rick,novelty_spent,0.2221,1788393786.1311488,5815.7,0.0258
2026-09-02T20:40:02,1788399601.9,Sky,rick,phasic,0.2127,1788393786.1305358,5815.7,0.0
2026-09-02T20:40:02,1788399601.9,Sky,rick,tonic,0.5471,1788394543.2358308,5058.6,0.3379
2026-09-02T20:40:02,1788399601.9,Sky,rick,valence_ema,0.5942,1788393786.0449677,5815.8,0.5109
2026-09-02T20:40:12,1788399612.6,Sky,rick,novelty_spent,0.2221,1788393786.1311488,5826.4,0.0257
2026-09-02T20:40:12,1788399612.6,Sky,rick,phasic,0.2127,1788393786.1305358,5826.4,0.0
2026-09-02T20:40:12,1788399612.6,Sky,rick,tonic,0.5471,1788394543.2358308,5069.3,0.3378
2026-09-02T20:40:13,1788399612.6,Sky,rick,valence_ema,0.5942,1788393786.0449677,5826.5,0.5109
2026-09-02T20:40:23,1788399623.2,Sky,rick,novelty_spent,0.2221,1788393786.1311488,5837.1,0.0256
2026-09-02T20:40:23,1788399623.2,Sky,rick,phasic,0.2127,1788393786.1305358,5837.1,0.0
2026-09-02T20:40:23,1788399623.2,Sky,rick,tonic,0.5471,1788394543.2358308,5080.0,0.3376
2026-09-02T20:40:23,1788399623.2,Sky,rick,valence_ema,0.5942,1788393786.0449677,5837.2,0.5108
2026-09-02T20:40:33,1788399633.8,Sky,rick,novelty_spent,0.2221,1788393786.1311488,5847.7,0.0255
2026-09-02T20:40:34,1788399633.8,Sky,rick,phasic,0.2127,1788393786.1305358,5847.7,0.0
2026-09-02T20:40:34,1788399633.8,Sky,rick,tonic,0.5471,1788394543.2358308,5090.6,0.3375
2026-09-02T20:40:34,1788399633.8,Sky,rick,valence_ema,0.5942,1788393786.0449677,5847.8,0.5108
2026-09-02T20:40:44,1788399644.4,Sky,rick,novelty_spent,0.2221,1788393786.1311488,5858.3,0.0254
2026-09-02T20:40:44,1788399644.4,Sky,rick,phasic,0.2127,1788393786.1305358,5858.3,0.0
2026-09-02T20:40:44,1788399644.4,Sky,rick,tonic,0.5471,1788394543.2358308,5101.2,0.3374
2026-09-02T20:40:44,1788399644.4,Sky,rick,valence_ema,0.5942,1788393786.0449677,5858.4,0.5108
2026-09-02T20:40:55,1788399655.0,Sky,rick,novelty_spent,0.2221,1788393786.1311488,5868.9,0.0253
2026-09-02T20:40:55,1788399655.0,Sky,rick,phasic,0.2127,1788393786.1305358,5868.9,0.0
2026-09-02T20:40:55,1788399655.0,Sky,rick,tonic,0.5471,1788394543.2358308,5111.8,0.3372
2026-09-02T20:40:55,1788399655.0,Sky,rick,valence_ema,0.5942,1788393786.0449677,5869.0,0.5107
2026-09-02T20:41:05,1788399665.7,Sky,rick,novelty_spent,0.2221,1788393786.1311488,5879.5,0.0252
2026-09-02T20:41:05,1788399665.7,Sky,rick,phasic,0.2127,1788393786.1305358,5879.5,0.0
2026-09-02T20:41:06,1788399665.7,Sky,rick,tonic,0.5471,1788394543.2358308,5122.4,0.3371
2026-09-02T20:41:06,1788399665.7,Sky,rick,valence_ema,0.5942,1788393786.0449677,5879.6,0.5107
2026-09-02T20:41:16,1788399676.3,Sky,rick,novelty_spent,0.2221,1788393786.1311488,5890.2,0.0251
2026-09-02T20:41:16,1788399676.3,Sky,rick,phasic,0.2127,1788393786.1305358,5890.2,0.0
2026-09-02T20:41:16,1788399676.3,Sky,rick,tonic,0.5471,1788394543.2358308,5133.1,0.3369
2026-09-02T20:41:16,1788399676.3,Sky,rick,valence_ema,0.5942,1788393786.0449677,5890.3,0.5106
2026-09-02T20:41:27,1788399686.9,Sky,rick,novelty_spent,0.2221,1788393786.1311488,5900.8,0.025
2026-09-02T20:41:27,1788399686.9,Sky,rick,phasic,0.2127,1788393786.1305358,5900.8,0.0
2026-09-02T20:41:27,1788399686.9,Sky,rick,tonic,0.5471,1788394543.2358308,5143.7,0.3368
2026-09-02T20:41:27,1788399686.9,Sky,rick,valence_ema,0.5942,1788393786.0449677,5900.9,0.5106
2026-09-02T20:41:37,1788399697.5,Sky,rick,novelty_spent,0.2221,1788393786.1311488,5911.4,0.0249
2026-09-02T20:41:37,1788399697.5,Sky,rick,phasic,0.2127,1788393786.1305358,5911.4,0.0
2026-09-02T20:41:37,1788399697.5,Sky,rick,tonic,0.5471,1788394543.2358308,5154.3,0.3366
2026-09-02T20:41:38,1788399697.5,Sky,rick,valence_ema,0.5942,1788393786.0449677,5911.5,0.5105
2026-09-02T20:41:48,1788399708.2,Sky,rick,novelty_spent,0.2221,1788393786.1311488,5922.0,0.0248
2026-09-02T20:41:48,1788399708.2,Sky,rick,phasic,0.2127,1788393786.1305358,5922.0,0.0
2026-09-02T20:41:48,1788399708.2,Sky,rick,tonic,0.5471,1788394543.2358308,5164.9,0.3365
2026-09-02T20:41:48,1788399708.2,Sky,rick,valence_ema,0.5942,1788393786.0449677,5922.1,0.5105
2026-09-02T20:41:58,1788399718.8,Sky,rick,novelty_spent,0.2221,1788393786.1311488,5932.7,0.0247
2026-09-02T20:41:59,1788399718.8,Sky,rick,phasic,0.2127,1788393786.1305358,5932.7,0.0
2026-09-02T20:41:59,1788399718.8,Sky,rick,tonic,0.5471,1788394543.2358308,5175.6,0.3363
2026-09-02T20:41:59,1788399718.8,Sky,rick,valence_ema,0.5942,1788393786.0449677,5932.8,0.5105
2026-09-02T20:42:09,1788399729.4,Sky,rick,novelty_spent,0.2221,1788393786.1311488,5943.3,0.0246
2026-09-02T20:42:09,1788399729.4,Sky,rick,phasic,0.2127,1788393786.1305358,5943.3,0.0
2026-09-02T20:42:09,1788399729.4,Sky,rick,tonic,0.5471,1788394543.2358308,5186.2,0.3362
2026-09-02T20:42:09,1788399729.4,Sky,rick,valence_ema,0.5942,1788393786.0449677,5943.4,0.5104
2026-09-02T20:42:20,1788399740.1,Sky,rick,novelty_spent,0.2221,1788393786.1311488,5953.9,0.0245
2026-09-02T20:42:20,1788399740.1,Sky,rick,phasic,0.2127,1788393786.1305358,5953.9,0.0
2026-09-02T20:42:20,1788399740.1,Sky,rick,tonic,0.5471,1788394543.2358308,5196.8,0.3361
2026-09-02T20:42:20,1788399740.1,Sky,rick,valence_ema,0.5942,1788393786.0449677,5954.0,0.5104
2026-09-02T20:42:30,1788399750.7,Sky,rick,novelty_spent,0.2221,1788393786.1311488,5964.6,0.0244
2026-09-02T20:42:30,1788399750.7,Sky,rick,phasic,0.2127,1788393786.1305358,5964.6,0.0
2026-09-02T20:42:31,1788399750.7,Sky,rick,tonic,0.5471,1788394543.2358308,5207.5,0.3359
2026-09-02T20:42:31,1788399750.7,Sky,rick,valence_ema,0.5942,1788393786.0449677,5964.7,0.5103
2026-09-02T20:42:41,1788399761.4,Sky,rick,novelty_spent,0.2221,1788393786.1311488,5975.3,0.0243
2026-09-02T20:42:41,1788399761.4,Sky,rick,phasic,0.2127,1788393786.1305358,5975.3,0.0
2026-09-02T20:42:41,1788399761.4,Sky,rick,tonic,0.5471,1788394543.2358308,5218.2,0.3358
2026-09-02T20:42:41,1788399761.4,Sky,rick,valence_ema,0.5942,1788393786.0449677,5975.3,0.5103
2026-09-02T20:42:52,1788399772.0,Sky,rick,novelty_spent,0.2221,1788393786.1311488,5985.9,0.0242
2026-09-02T20:42:52,1788399772.0,Sky,rick,phasic,0.2127,1788393786.1305358,5985.9,0.0
2026-09-02T20:42:52,1788399772.0,Sky,rick,tonic,0.5471,1788394543.2358308,5228.8,0.3356
2026-09-02T20:42:52,1788399772.0,Sky,rick,valence_ema,0.5942,1788393786.0449677,5986.0,0.5103
2026-09-02T20:43:02,1788399782.6,Sky,rick,novelty_spent,0.2221,1788393786.1311488,5996.5,0.0241
2026-09-02T20:43:02,1788399782.6,Sky,rick,phasic,0.2127,1788393786.1305358,5996.5,0.0
2026-09-02T20:43:03,1788399782.6,Sky,rick,tonic,0.5471,1788394543.2358308,5239.4,0.3355
2026-09-02T20:43:03,1788399782.6,Sky,rick,valence_ema,0.5942,1788393786.0449677,5996.6,0.5102
2026-09-02T20:43:13,1788399793.3,Sky,rick,novelty_spent,0.2221,1788393786.1311488,6007.2,0.024
2026-09-02T20:43:13,1788399793.3,Sky,rick,phasic,0.2127,1788393786.1305358,6007.2,0.0
2026-09-02T20:43:13,1788399793.3,Sky,rick,tonic,0.5471,1788394543.2358308,5250.1,0.3354
2026-09-02T20:43:13,1788399793.3,Sky,rick,valence_ema,0.5942,1788393786.0449677,6007.3,0.5102
2026-09-02T20:43:24,1788399804.0,Sky,rick,novelty_spent,0.2221,1788393786.1311488,6017.9,0.0239
2026-09-02T20:43:24,1788399804.0,Sky,rick,phasic,0.2127,1788393786.1305358,6017.9,0.0
2026-09-02T20:43:24,1788399804.0,Sky,rick,tonic,0.5471,1788394543.2358308,5260.8,0.3352
2026-09-02T20:43:24,1788399804.0,Sky,rick,valence_ema,0.5942,1788393786.0449677,6018.0,0.5101
2026-09-02T20:43:34,1788399814.7,Sky,rick,novelty_spent,0.2221,1788393786.1311488,6028.5,0.0238
2026-09-02T20:43:34,1788399814.7,Sky,rick,phasic,0.2127,1788393786.1305358,6028.5,0.0
2026-09-02T20:43:35,1788399814.7,Sky,rick,tonic,0.5471,1788394543.2358308,5271.4,0.3351
2026-09-02T20:43:35,1788399814.7,Sky,rick,valence_ema,0.5942,1788393786.0449677,6028.6,0.5101
2026-09-02T20:43:45,1788399825.4,Sky,rick,novelty_spent,0.2221,1788393786.1311488,6039.2,0.0237
2026-09-02T20:43:45,1788399825.4,Sky,rick,phasic,0.2127,1788393786.1305358,6039.2,0.0
2026-09-02T20:43:45,1788399825.4,Sky,rick,tonic,0.5471,1788394543.2358308,5282.1,0.3349
2026-09-02T20:43:45,1788399825.4,Sky,rick,valence_ema,0.5942,1788393786.0449677,6039.3,0.5101
2026-09-02T20:43:56,1788399836.0,Sky,rick,novelty_spent,0.2221,1788393786.1311488,6049.9,0.0236
2026-09-02T20:43:56,1788399836.0,Sky,rick,phasic,0.2127,1788393786.1305358,6049.9,0.0
2026-09-02T20:43:56,1788399836.0,Sky,rick,tonic,0.5471,1788394543.2358308,5292.8,0.3348
2026-09-02T20:43:56,1788399836.0,Sky,rick,valence_ema,0.5942,1788393786.0449677,6050.0,0.51
2026-09-02T20:44:06,1788399846.6,Sky,rick,novelty_spent,0.2221,1788393786.1311488,6060.5,0.0235
2026-09-02T20:44:06,1788399846.6,Sky,rick,phasic,0.2127,1788393786.1305358,6060.5,0.0
2026-09-02T20:44:06,1788399846.6,Sky,rick,tonic,0.5471,1788394543.2358308,5303.4,0.3347
2026-09-02T20:44:07,1788399846.6,Sky,rick,valence_ema,0.5942,1788393786.0449677,6060.6,0.51
2026-09-02T20:44:17,1788399857.3,Sky,rick,novelty_spent,0.2221,1788393786.1311488,6071.1,0.0234
2026-09-02T20:44:17,1788399857.3,Sky,rick,phasic,0.2127,1788393786.1305358,6071.1,0.0
2026-09-02T20:44:17,1788399857.3,Sky,rick,tonic,0.5471,1788394543.2358308,5314.0,0.3345
2026-09-02T20:44:17,1788399857.3,Sky,rick,valence_ema,0.5942,1788393786.0449677,6071.2,0.5099
2026-09-02T20:44:27,1788399867.9,Sky,rick,novelty_spent,0.2221,1788393786.1311488,6081.7,0.0234
2026-09-02T20:44:28,1788399867.9,Sky,rick,phasic,0.2127,1788393786.1305358,6081.7,0.0
2026-09-02T20:44:28,1788399867.9,Sky,rick,tonic,0.5471,1788394543.2358308,5324.6,0.3344
2026-09-02T20:44:28,1788399867.9,Sky,rick,valence_ema,0.5942,1788393786.0449677,6081.8,0.5099
2026-09-02T20:44:38,1788399878.5,Sky,rick,novelty_spent,0.2221,1788393786.1311488,6092.3,0.0233
2026-09-02T20:44:38,1788399878.5,Sky,rick,phasic,0.2127,1788393786.1305358,6092.3,0.0
2026-09-02T20:44:38,1788399878.5,Sky,rick,tonic,0.5471,1788394543.2358308,5335.2,0.3343
2026-09-02T20:44:38,1788399878.5,Sky,rick,valence_ema,0.5942,1788393786.0449677,6092.4,0.5099
2026-09-02T20:44:49,1788399889.1,Sky,rick,novelty_spent,0.2221,1788393786.1311488,6103.0,0.0232
2026-09-02T20:44:49,1788399889.1,Sky,rick,phasic,0.2127,1788393786.1305358,6103.0,0.0
2026-09-02T20:44:49,1788399889.1,Sky,rick,tonic,0.5471,1788394543.2358308,5345.9,0.3341
2026-09-02T20:44:49,1788399889.1,Sky,rick,valence_ema,0.5942,1788393786.0449677,6103.1,0.5098
2026-09-02T20:44:59,1788399899.8,Sky,rick,novelty_spent,0.2221,1788393786.1311488,6113.6,0.0231
2026-09-02T20:45:00,1788399899.8,Sky,rick,phasic,0.2127,1788393786.1305358,6113.6,0.0
2026-09-02T20:45:00,1788399899.8,Sky,rick,tonic,0.5471,1788394543.2358308,5356.5,0.334
2026-09-02T20:45:00,1788399899.8,Sky,rick,valence_ema,0.5942,1788393786.0449677,6113.7,0.5098
2026-09-02T20:45:10,1788399910.4,Sky,rick,novelty_spent,0.2221,1788393786.1311488,6124.3,0.023
2026-09-02T20:45:10,1788399910.4,Sky,rick,phasic,0.2127,1788393786.1305358,6124.3,0.0
2026-09-02T20:45:10,1788399910.4,Sky,rick,tonic,0.5471,1788394543.2358308,5367.2,0.3339
2026-09-02T20:45:10,1788399910.4,Sky,rick,valence_ema,0.5942,1788393786.0449677,6124.4,0.5097
2026-09-02T20:45:21,1788399921.1,Sky,rick,novelty_spent,0.2221,1788393786.1311488,6134.9,0.0229
2026-09-02T20:45:21,1788399921.1,Sky,rick,phasic,0.2127,1788393786.1305358,6134.9,0.0
2026-09-02T20:45:21,1788399921.1,Sky,rick,tonic,0.5471,1788394543.2358308,5377.8,0.3337
2026-09-02T20:45:21,1788399921.1,Sky,rick,valence_ema,0.5942,1788393786.0449677,6135.0,0.5097
2026-09-02T20:45:31,1788399931.7,Sky,rick,novelty_spent,0.2221,1788393786.1311488,6145.6,0.0228
2026-09-02T20:45:31,1788399931.7,Sky,rick,phasic,0.2127,1788393786.1305358,6145.6,0.0
2026-09-02T20:45:32,1788399931.7,Sky,rick,tonic,0.5471,1788394543.2358308,5388.5,0.3336
2026-09-02T20:45:32,1788399931.7,Sky,rick,valence_ema,0.5942,1788393786.0449677,6145.7,0.5097
2026-09-02T20:45:42,1788399942.3,Sky,rick,novelty_spent,0.2221,1788393786.1311488,6156.2,0.0227
2026-09-02T20:45:42,1788399942.3,Sky,rick,phasic,0.2127,1788393786.1305358,6156.2,0.0
2026-09-02T20:45:42,1788399942.3,Sky,rick,tonic,0.5471,1788394543.2358308,5399.1,0.3335
2026-09-02T20:45:42,1788399942.3,Sky,rick,valence_ema,0.5942,1788393786.0449677,6156.3,0.5096
2026-09-02T20:45:53,1788399953.0,Sky,rick,novelty_spent,0.2221,1788393786.1311488,6166.9,0.0226
2026-09-02T20:45:53,1788399953.0,Sky,rick,phasic,0.2127,1788393786.1305358,6166.9,0.0
2026-09-02T20:45:53,1788399953.0,Sky,rick,tonic,0.5471,1788394543.2358308,5409.8,0.3333
2026-09-02T20:45:53,1788399953.0,Sky,rick,valence_ema,0.5942,1788393786.0449677,6167.0,0.5096
2026-09-02T20:46:03,1788399963.6,Sky,rick,novelty_spent,0.2221,1788393786.1311488,6177.5,0.0225
2026-09-02T20:46:03,1788399963.6,Sky,rick,phasic,0.2127,1788393786.1305358,6177.5,0.0
2026-09-02T20:46:03,1788399963.6,Sky,rick,tonic,0.5471,1788394543.2358308,5420.4,0.3332
2026-09-02T20:46:04,1788399963.6,Sky,rick,valence_ema,0.5942,1788393786.0449677,6177.6,0.5096
2026-09-02T20:46:14,1788399974.2,Sky,rick,novelty_spent,0.2221,1788393786.1311488,6188.1,0.0224
2026-09-02T20:46:14,1788399974.2,Sky,rick,phasic,0.2127,1788393786.1305358,6188.1,0.0
2026-09-02T20:46:14,1788399974.2,Sky,rick,tonic,0.5471,1788394543.2358308,5431.0,0.3331
2026-09-02T20:46:14,1788399974.2,Sky,rick,valence_ema,0.5942,1788393786.0449677,6188.2,0.5095
2026-09-02T20:46:24,1788399984.8,Sky,rick,novelty_spent,0.2221,1788393786.1311488,6198.7,0.0224
2026-09-02T20:46:25,1788399984.8,Sky,rick,phasic,0.2127,1788393786.1305358,6198.7,0.0
2026-09-02T20:46:25,1788399984.8,Sky,rick,tonic,0.5471,1788394543.2358308,5441.6,0.3329
2026-09-02T20:46:25,1788399984.8,Sky,rick,valence_ema,0.5942,1788393786.0449677,6198.8,0.5095
2026-09-02T20:46:35,1788399995.4,Sky,rick,novelty_spent,0.2221,1788393786.1311488,6209.3,0.0223
2026-09-02T20:46:35,1788399995.4,Sky,rick,phasic,0.2127,1788393786.1305358,6209.3,0.0
2026-09-02T20:46:35,1788399995.4,Sky,rick,tonic,0.5471,1788394543.2358308,5452.2,0.3328
2026-09-02T20:46:35,1788399995.4,Sky,rick,valence_ema,0.5942,1788393786.0449677,6209.4,0.5094
2026-09-02T20:46:46,1788400006.1,Sky,rick,novelty_spent,0.2221,1788393786.1311488,6219.9,0.0222
2026-09-02T20:46:46,1788400006.1,Sky,rick,phasic,0.2127,1788393786.1305358,6219.9,0.0
2026-09-02T20:46:46,1788400006.1,Sky,rick,tonic,0.5471,1788394543.2358308,5462.8,0.3327
2026-09-02T20:46:46,1788400006.1,Sky,rick,valence_ema,0.5942,1788393786.0449677,6220.0,0.5094
2026-09-02T20:46:56,1788400016.7,Sky,rick,novelty_spent,0.2221,1788393786.1311488,6230.5,0.0221
2026-09-02T20:46:56,1788400016.7,Sky,rick,phasic,0.2127,1788393786.1305358,6230.5,0.0
2026-09-02T20:46:57,1788400016.7,Sky,rick,tonic,0.5471,1788394543.2358308,5473.4,0.3325
2026-09-02T20:46:57,1788400016.7,Sky,rick,valence_ema,0.5942,1788393786.0449677,6230.6,0.5094
2026-09-02T20:47:07,1788400027.4,Sky,rick,novelty_spent,0.2221,1788393786.1311488,6241.2,0.022
2026-09-02T20:47:07,1788400027.4,Sky,rick,phasic,0.2127,1788393786.1305358,6241.2,0.0
2026-09-02T20:47:07,1788400027.4,Sky,rick,tonic,0.5471,1788394543.2358308,5484.1,0.3324
2026-09-02T20:47:07,1788400027.4,Sky,rick,valence_ema,0.5942,1788393786.0449677,6241.3,0.5093
2026-09-02T20:47:18,1788400038.0,Sky,rick,novelty_spent,0.2221,1788393786.1311488,6251.9,0.0219
2026-09-02T20:47:18,1788400038.0,Sky,rick,phasic,0.2127,1788393786.1305358,6251.9,0.0
2026-09-02T20:47:18,1788400038.0,Sky,rick,tonic,0.5471,1788394543.2358308,5494.8,0.3323
2026-09-02T20:47:18,1788400038.0,Sky,rick,valence_ema,0.5942,1788393786.0449677,6252.0,0.5093
2026-09-02T20:47:28,1788400048.6,Sky,rick,novelty_spent,0.2221,1788393786.1311488,6262.5,0.0218
2026-09-02T20:47:28,1788400048.6,Sky,rick,phasic,0.2127,1788393786.1305358,6262.5,0.0
2026-09-02T20:47:28,1788400048.6,Sky,rick,tonic,0.5471,1788394543.2358308,5505.4,0.3322
2026-09-02T20:47:29,1788400048.6,Sky,rick,valence_ema,0.5942,1788393786.0449677,6262.6,0.5093
2026-09-02T20:47:39,1788400059.2,Sky,rick,novelty_spent,0.2221,1788393786.1311488,6273.1,0.0218
2026-09-02T20:47:39,1788400059.2,Sky,rick,phasic,0.2127,1788393786.1305358,6273.1,0.0
2026-09-02T20:47:39,1788400059.2,Sky,rick,tonic,0.5471,1788394543.2358308,5516.0,0.332
2026-09-02T20:47:39,1788400059.2,Sky,rick,valence_ema,0.5942,1788393786.0449677,6273.2,0.5092
2026-09-02T20:47:50,1788400069.9,Sky,rick,novelty_spent,0.2221,1788393786.1311488,6283.8,0.0217
2026-09-02T20:47:50,1788400069.9,Sky,rick,phasic,0.2127,1788393786.1305358,6283.8,0.0
2026-09-02T20:47:50,1788400069.9,Sky,rick,tonic,0.5471,1788394543.2358308,5526.7,0.3319
2026-09-02T20:47:50,1788400069.9,Sky,rick,valence_ema,0.5942,1788393786.0449677,6283.8,0.5092
2026-09-02T20:48:00,1788400080.5,Sky,rick,novelty_spent,0.2221,1788393786.1311488,6294.4,0.0216
2026-09-02T20:48:00,1788400080.5,Sky,rick,phasic,0.2127,1788393786.1305358,6294.4,0.0
2026-09-02T20:48:00,1788400080.5,Sky,rick,tonic,0.5471,1788394543.2358308,5537.3,0.3318
2026-09-02T20:48:00,1788400080.5,Sky,rick,valence_ema,0.5942,1788393786.0449677,6294.5,0.5092
2026-09-02T20:48:11,1788400091.1,Sky,rick,novelty_spent,0.2221,1788393786.1311488,6305.0,0.0215
2026-09-02T20:48:11,1788400091.1,Sky,rick,phasic,0.2127,1788393786.1305358,6305.0,0.0
2026-09-02T20:48:11,1788400091.1,Sky,rick,tonic,0.5471,1788394543.2358308,5547.9,0.3317
2026-09-02T20:48:11,1788400091.1,Sky,rick,valence_ema,0.5942,1788393786.0449677,6305.1,0.5091
2026-09-02T20:48:21,1788400101.7,Sky,rick,novelty_spent,0.2221,1788393786.1311488,6315.6,0.0214
2026-09-02T20:48:21,1788400101.7,Sky,rick,phasic,0.2127,1788393786.1305358,6315.6,0.0
2026-09-02T20:48:22,1788400101.7,Sky,rick,tonic,0.5471,1788394543.2358308,5558.5,0.3315
2026-09-02T20:48:22,1788400101.7,Sky,rick,valence_ema,0.5942,1788393786.0449677,6315.7,0.5091
2026-09-02T20:48:32,1788400112.4,Sky,rick,novelty_spent,0.2221,1788393786.1311488,6326.2,0.0213
2026-09-02T20:48:32,1788400112.4,Sky,rick,phasic,0.2127,1788393786.1305358,6326.2,0.0
2026-09-02T20:48:32,1788400112.4,Sky,rick,tonic,0.5471,1788394543.2358308,5569.1,0.3314
2026-09-02T20:48:32,1788400112.4,Sky,rick,valence_ema,0.5942,1788393786.0449677,6326.3,0.509
2026-09-02T20:48:43,1788400123.0,Sky,rick,novelty_spent,0.2221,1788393786.1311488,6336.9,0.0212
2026-09-02T20:48:43,1788400123.0,Sky,rick,phasic,0.2127,1788393786.1305358,6336.9,0.0
2026-09-02T20:48:43,1788400123.0,Sky,rick,tonic,0.5471,1788394543.2358308,5579.8,0.3313
2026-09-02T20:48:43,1788400123.0,Sky,rick,valence_ema,0.5942,1788393786.0449677,6337.0,0.509
2026-09-02T20:48:53,1788400133.6,Sky,rick,novelty_spent,0.2221,1788393786.1311488,6347.5,0.0212
2026-09-02T20:48:53,1788400133.6,Sky,rick,phasic,0.2127,1788393786.1305358,6347.5,0.0
2026-09-02T20:48:54,1788400133.6,Sky,rick,tonic,0.5471,1788394543.2358308,5590.4,0.3312
2026-09-02T20:48:54,1788400133.6,Sky,rick,valence_ema,0.5942,1788393786.0449677,6347.6,0.509
2026-09-02T20:49:04,1788400144.3,Sky,rick,novelty_spent,0.2221,1788393786.1311488,6358.2,0.0211
2026-09-02T20:49:04,1788400144.3,Sky,rick,phasic,0.2127,1788393786.1305358,6358.2,0.0
2026-09-02T20:49:04,1788400144.3,Sky,rick,tonic,0.5471,1788394543.2358308,5601.1,0.331
2026-09-02T20:49:04,1788400144.3,Sky,rick,valence_ema,0.5942,1788393786.0449677,6358.3,0.5089
2026-09-02T20:49:15,1788400154.9,Sky,rick,novelty_spent,0.2221,1788393786.1311488,6368.8,0.021
2026-09-02T20:49:15,1788400154.9,Sky,rick,phasic,0.2127,1788393786.1305358,6368.8,0.0
2026-09-02T20:49:15,1788400154.9,Sky,rick,tonic,0.5471,1788394543.2358308,5611.7,0.3309
2026-09-02T20:49:15,1788400154.9,Sky,rick,valence_ema,0.5942,1788393786.0449677,6368.9,0.5089
2026-09-02T20:49:25,1788400165.6,Sky,rick,novelty_spent,0.2221,1788393786.1311488,6379.5,0.0209
2026-09-02T20:49:25,1788400165.6,Sky,rick,phasic,0.2127,1788393786.1305358,6379.5,0.0
2026-09-02T20:49:25,1788400165.6,Sky,rick,tonic,0.5471,1788394543.2358308,5622.3,0.3308
2026-09-02T20:49:26,1788400165.6,Sky,rick,valence_ema,0.5942,1788393786.0449677,6379.5,0.5089
2026-09-02T20:49:36,1788400176.2,Sky,rick,novelty_spent,0.2221,1788393786.1311488,6390.1,0.0208
2026-09-02T20:49:36,1788400176.2,Sky,rick,phasic,0.2127,1788393786.1305358,6390.1,0.0
2026-09-02T20:49:36,1788400176.2,Sky,rick,tonic,0.5471,1788394543.2358308,5633.0,0.3307
2026-09-02T20:49:36,1788400176.2,Sky,rick,valence_ema,0.5942,1788393786.0449677,6390.2,0.5088
2026-09-02T20:49:46,1788400186.8,Sky,rick,novelty_spent,0.2221,1788393786.1311488,6400.7,0.0207
2026-09-02T20:49:47,1788400186.8,Sky,rick,phasic,0.2127,1788393786.1305358,6400.7,0.0
2026-09-02T20:49:47,1788400186.8,Sky,rick,tonic,0.5471,1788394543.2358308,5643.6,0.3306
2026-09-02T20:49:47,1788400186.8,Sky,rick,valence_ema,0.5942,1788393786.0449677,6400.8,0.5088
2026-09-02T20:49:57,1788400197.4,Sky,rick,novelty_spent,0.2221,1788393786.1311488,6411.3,0.0207
2026-09-02T20:49:57,1788400197.4,Sky,rick,phasic,0.2127,1788393786.1305358,6411.3,0.0
2026-09-02T20:49:57,1788400197.4,Sky,rick,tonic,0.5471,1788394543.2358308,5654.2,0.3304
2026-09-02T20:49:57,1788400197.4,Sky,rick,valence_ema,0.5942,1788393786.0449677,6411.4,0.5088
2026-09-02T20:50:08,1788400208.0,Sky,rick,novelty_spent,0.2221,1788393786.1311488,6421.9,0.0206
2026-09-02T20:50:08,1788400208.0,Sky,rick,phasic,0.2127,1788393786.1305358,6421.9,0.0
2026-09-02T20:50:08,1788400208.0,Sky,rick,tonic,0.5471,1788394543.2358308,5664.8,0.3303
2026-09-02T20:50:08,1788400208.0,Sky,rick,valence_ema,0.5942,1788393786.0449677,6422.0,0.5087
2026-09-02T20:50:18,1788400218.7,Sky,rick,novelty_spent,0.2221,1788393786.1311488,6432.6,0.0205
2026-09-02T20:50:18,1788400218.7,Sky,rick,phasic,0.2127,1788393786.1305358,6432.6,0.0
2026-09-02T20:50:19,1788400218.7,Sky,rick,tonic,0.5471,1788394543.2358308,5675.5,0.3302
2026-09-02T20:50:19,1788400218.7,Sky,rick,valence_ema,0.5942,1788393786.0449677,6432.7,0.5087
2026-09-02T20:50:29,1788400229.4,Sky,rick,novelty_spent,0.2221,1788393786.1311488,6443.2,0.0204
2026-09-02T20:50:29,1788400229.4,Sky,rick,phasic,0.2127,1788393786.1305358,6443.2,0.0
2026-09-02T20:50:29,1788400229.4,Sky,rick,tonic,0.5471,1788394543.2358308,5686.1,0.3301
2026-09-02T20:50:29,1788400229.4,Sky,rick,valence_ema,0.5942,1788393786.0449677,6443.3,0.5087
2026-09-02T20:50:40,1788400240.0,Sky,rick,novelty_spent,0.2221,1788393786.1311488,6453.8,0.0203
2026-09-02T20:50:40,1788400240.0,Sky,rick,phasic,0.2127,1788393786.1305358,6453.8,0.0
2026-09-02T20:50:40,1788400240.0,Sky,rick,tonic,0.5471,1788394543.2358308,5696.7,0.33
2026-09-02T20:50:40,1788400240.0,Sky,rick,valence_ema,0.5942,1788393786.0449677,6453.9,0.5086
2026-09-02T20:50:50,1788400250.6,Sky,rick,novelty_spent,0.2221,1788393786.1311488,6464.5,0.0203
2026-09-02T20:50:50,1788400250.6,Sky,rick,phasic,0.2127,1788393786.1305358,6464.5,0.0
2026-09-02T20:50:50,1788400250.6,Sky,rick,tonic,0.5471,1788394543.2358308,5707.4,0.3298
2026-09-02T20:50:51,1788400250.6,Sky,rick,valence_ema,0.5942,1788393786.0449677,6464.6,0.5086
2026-09-02T20:51:01,1788400261.2,Sky,rick,novelty_spent,0.2221,1788393786.1311488,6475.1,0.0202
2026-09-02T20:51:01,1788400261.2,Sky,rick,phasic,0.2127,1788393786.1305358,6475.1,0.0
2026-09-02T20:51:01,1788400261.2,Sky,rick,tonic,0.5471,1788394543.2358308,5718.0,0.3297
2026-09-02T20:51:01,1788400261.2,Sky,rick,valence_ema,0.5942,1788393786.0449677,6475.2,0.5086
2026-09-02T20:51:11,1788400271.8,Sky,rick,novelty_spent,0.2221,1788393786.1311488,6485.7,0.0201
2026-09-02T20:51:12,1788400271.8,Sky,rick,phasic,0.2127,1788393786.1305358,6485.7,0.0
2026-09-02T20:51:12,1788400271.8,Sky,rick,tonic,0.5471,1788394543.2358308,5728.6,0.3296
2026-09-02T20:51:12,1788400271.8,Sky,rick,valence_ema,0.5942,1788393786.0449677,6485.8,0.5085
2026-09-02T20:51:22,1788400282.5,Sky,rick,novelty_spent,0.2221,1788393786.1311488,6496.3,0.02
2026-09-02T20:51:22,1788400282.5,Sky,rick,phasic,0.2127,1788393786.1305358,6496.3,0.0
2026-09-02T20:51:22,1788400282.5,Sky,rick,tonic,0.5471,1788394543.2358308,5739.2,0.3295
2026-09-02T20:51:22,1788400282.5,Sky,rick,valence_ema,0.5942,1788393786.0449677,6496.4,0.5085
2026-09-02T20:51:33,1788400293.1,Sky,rick,novelty_spent,0.2221,1788393786.1311488,6506.9,0.0199
2026-09-02T20:51:33,1788400293.1,Sky,rick,phasic,0.2127,1788393786.1305358,6506.9,0.0
2026-09-02T20:51:33,1788400293.1,Sky,rick,tonic,0.5471,1788394543.2358308,5749.8,0.3294
2026-09-02T20:51:33,1788400293.1,Sky,rick,valence_ema,0.5942,1788393786.0449677,6507.0,0.5085
2026-09-02T20:51:43,1788400303.7,Sky,rick,novelty_spent,0.2221,1788393786.1311488,6517.6,0.0199
2026-09-02T20:51:44,1788400303.7,Sky,rick,phasic,0.2127,1788393786.1305358,6517.6,0.0
2026-09-02T20:51:44,1788400303.7,Sky,rick,tonic,0.5471,1788394543.2358308,5760.5,0.3293
2026-09-02T20:51:44,1788400303.7,Sky,rick,valence_ema,0.5942,1788393786.0449677,6517.7,0.5084
2026-09-02T20:51:54,1788400314.4,Sky,rick,novelty_spent,0.2221,1788393786.1311488,6528.3,0.0198
2026-09-02T20:51:54,1788400314.4,Sky,rick,phasic,0.2127,1788393786.1305358,6528.3,0.0
2026-09-02T20:51:54,1788400314.4,Sky,rick,tonic,0.5471,1788394543.2358308,5771.2,0.3291
2026-09-02T20:51:54,1788400314.4,Sky,rick,valence_ema,0.5942,1788393786.0449677,6528.4,0.5084
2026-09-02T20:52:05,1788400325.1,Sky,rick,novelty_spent,0.2221,1788393786.1311488,6539.0,0.0197
2026-09-02T20:52:05,1788400325.1,Sky,rick,phasic,0.2127,1788393786.1305358,6539.0,0.0
2026-09-02T20:52:05,1788400325.1,Sky,rick,tonic,0.5471,1788394543.2358308,5781.9,0.329
2026-09-02T20:52:05,1788400325.1,Sky,rick,valence_ema,0.5942,1788393786.0449677,6539.1,0.5084
2026-09-02T20:52:15,1788400335.8,Sky,rick,novelty_spent,0.2221,1788393786.1311488,6549.7,0.0196
2026-09-02T20:52:16,1788400335.8,Sky,rick,phasic,0.2127,1788393786.1305358,6549.7,0.0
2026-09-02T20:52:16,1788400335.8,Sky,rick,tonic,0.5471,1788394543.2358308,5792.5,0.3289
2026-09-02T20:52:16,1788400335.8,Sky,rick,valence_ema,0.5942,1788393786.0449677,6549.7,0.5083
2026-09-02T20:52:26,1788400346.5,Sky,rick,novelty_spent,0.2221,1788393786.1311488,6560.4,0.0196
2026-09-02T20:52:26,1788400346.5,Sky,rick,phasic,0.2127,1788393786.1305358,6560.4,0.0
2026-09-02T20:52:26,1788400346.5,Sky,rick,tonic,0.5471,1788394543.2358308,5803.3,0.3288
2026-09-02T20:52:26,1788400346.5,Sky,rick,valence_ema,0.5942,1788393786.0449677,6560.5,0.5083
2026-09-02T20:52:37,1788400357.2,Sky,rick,novelty_spent,0.2221,1788393786.1311488,6571.0,0.0195
2026-09-02T20:52:37,1788400357.2,Sky,rick,phasic,0.2127,1788393786.1305358,6571.0,0.0
2026-09-02T20:52:37,1788400357.2,Sky,rick,tonic,0.5471,1788394543.2358308,5813.9,0.3287
2026-09-02T20:52:37,1788400357.2,Sky,rick,valence_ema,0.5942,1788393786.0449677,6571.1,0.5083
2026-09-02T20:52:47,1788400367.8,Sky,rick,novelty_spent,0.2221,1788393786.1311488,6581.7,0.0194
2026-09-02T20:52:48,1788400367.8,Sky,rick,phasic,0.2127,1788393786.1305358,6581.7,0.0
2026-09-02T20:52:48,1788400367.8,Sky,rick,tonic,0.5471,1788394543.2358308,5824.6,0.3286
2026-09-02T20:52:48,1788400367.8,Sky,rick,valence_ema,0.5942,1788393786.0449677,6581.8,0.5082
2026-09-02T20:52:58,1788400378.5,Sky,rick,novelty_spent,0.2221,1788393786.1311488,6592.4,0.0193
2026-09-02T20:52:58,1788400378.5,Sky,rick,phasic,0.2127,1788393786.1305358,6592.4,0.0
2026-09-02T20:52:58,1788400378.5,Sky,rick,tonic,0.5471,1788394543.2358308,5835.3,0.3285
2026-09-02T20:52:59,1788400378.5,Sky,rick,valence_ema,0.5942,1788393786.0449677,6592.5,0.5082
2026-09-02T20:53:09,1788400389.2,Sky,rick,novelty_spent,0.2221,1788393786.1311488,6603.1,0.0193
2026-09-02T20:53:09,1788400389.2,Sky,rick,phasic,0.2127,1788393786.1305358,6603.1,0.0
2026-09-02T20:53:09,1788400389.2,Sky,rick,tonic,0.5471,1788394543.2358308,5846.0,0.3283
2026-09-02T20:53:09,1788400389.2,Sky,rick,valence_ema,0.5942,1788393786.0449677,6603.1,0.5082
2026-09-02T20:53:19,1788400399.8,Sky,rick,novelty_spent,0.2221,1788393786.1311488,6613.7,0.0192
2026-09-02T20:53:20,1788400399.8,Sky,rick,phasic,0.2127,1788393786.1305358,6613.7,0.0
2026-09-02T20:53:20,1788400399.8,Sky,rick,tonic,0.5471,1788394543.2358308,5856.6,0.3282
2026-09-02T20:53:20,1788400399.8,Sky,rick,valence_ema,0.5942,1788393786.0449677,6613.8,0.5081
2026-09-02T20:53:30,1788400410.5,Sky,rick,novelty_spent,0.2221,1788393786.1311488,6624.4,0.0191
2026-09-02T20:53:30,1788400410.5,Sky,rick,phasic,0.2127,1788393786.1305358,6624.4,0.0
2026-09-02T20:53:30,1788400410.5,Sky,rick,tonic,0.5471,1788394543.2358308,5867.3,0.3281
2026-09-02T20:53:30,1788400410.5,Sky,rick,valence_ema,0.5942,1788393786.0449677,6624.5,0.5081
2026-09-02T20:53:41,1788400421.1,Sky,rick,novelty_spent,0.2221,1788393786.1311488,6635.0,0.019
2026-09-02T20:53:41,1788400421.1,Sky,rick,phasic,0.2127,1788393786.1305358,6635.0,0.0
2026-09-02T20:53:41,1788400421.1,Sky,rick,tonic,0.5471,1788394543.2358308,5877.9,0.328
2026-09-02T20:53:41,1788400421.1,Sky,rick,valence_ema,0.5942,1788393786.0449677,6635.1,0.5081
2026-09-02T20:53:51,1788400431.7,Sky,rick,novelty_spent,0.2221,1788393786.1311488,6645.5,0.019
2026-09-02T20:53:51,1788400431.7,Sky,rick,phasic,0.2127,1788393786.1305358,6645.5,0.0
2026-09-02T20:53:52,1788400431.7,Sky,rick,tonic,0.5471,1788394543.2358308,5888.4,0.3279
2026-09-02T20:53:52,1788400431.7,Sky,rick,valence_ema,0.5942,1788393786.0449677,6645.6,0.508
2026-09-02T20:54:02,1788400442.3,Sky,rick,novelty_spent,0.2221,1788393786.1311488,6656.2,0.0189
2026-09-02T20:54:02,1788400442.3,Sky,rick,phasic,0.2127,1788393786.1305358,6656.2,0.0
2026-09-02T20:54:02,1788400442.3,Sky,rick,tonic,0.5471,1788394543.2358308,5899.1,0.3278
2026-09-02T20:54:02,1788400442.3,Sky,rick,valence_ema,0.5942,1788393786.0449677,6656.3,0.508
2026-09-02T20:54:13,1788400452.9,Sky,rick,novelty_spent,0.2221,1788393786.1311488,6666.8,0.0188
2026-09-02T20:54:13,1788400452.9,Sky,rick,phasic,0.2127,1788393786.1305358,6666.8,0.0
2026-09-02T20:54:13,1788400452.9,Sky,rick,tonic,0.5471,1788394543.2358308,5909.7,0.3277
2026-09-02T20:54:13,1788400452.9,Sky,rick,valence_ema,0.5942,1788393786.0449677,6666.9,0.508
2026-09-02T20:54:23,1788400463.5,Sky,rick,novelty_spent,0.2221,1788393786.1311488,6677.4,0.0187
2026-09-02T20:54:23,1788400463.5,Sky,rick,phasic,0.2127,1788393786.1305358,6677.4,0.0
2026-09-02T20:54:23,1788400463.5,Sky,rick,tonic,0.5471,1788394543.2358308,5920.3,0.3276
2026-09-02T20:54:23,1788400463.5,Sky,rick,valence_ema,0.5942,1788393786.0449677,6677.4,0.5079
2026-09-02T20:54:34,1788400474.1,Sky,rick,novelty_spent,0.2221,1788393786.1311488,6687.9,0.0187
2026-09-02T20:54:34,1788400474.1,Sky,rick,phasic,0.2127,1788393786.1305358,6687.9,0.0
2026-09-02T20:54:34,1788400474.1,Sky,rick,tonic,0.5471,1788394543.2358308,5930.8,0.3275
2026-09-02T20:54:34,1788400474.1,Sky,rick,valence_ema,0.5942,1788393786.0449677,6688.0,0.5079
2026-09-02T20:54:44,1788400484.6,Sky,rick,novelty_spent,0.2221,1788393786.1311488,6698.5,0.0186
2026-09-02T20:54:44,1788400484.6,Sky,rick,phasic,0.2127,1788393786.1305358,6698.5,0.0
2026-09-02T20:54:45,1788400484.6,Sky,rick,tonic,0.5471,1788394543.2358308,5941.4,0.3274
2026-09-02T20:54:45,1788400484.6,Sky,rick,valence_ema,0.5942,1788393786.0449677,6698.6,0.5079
2026-09-02T20:54:55,1788400495.3,Sky,rick,novelty_spent,0.2221,1788393786.1311488,6709.1,0.0185
2026-09-02T20:54:55,1788400495.3,Sky,rick,phasic,0.2127,1788393786.1305358,6709.1,0.0
2026-09-02T20:54:55,1788400495.3,Sky,rick,tonic,0.5471,1788394543.2358308,5952.0,0.3273
2026-09-02T20:54:55,1788400495.3,Sky,rick,valence_ema,0.5942,1788393786.0449677,6709.2,0.5079
2026-09-02T20:55:05,1788400505.8,Sky,rick,novelty_spent,0.2221,1788393786.1311488,6719.7,0.0184
2026-09-02T20:55:06,1788400505.8,Sky,rick,phasic,0.2127,1788393786.1305358,6719.7,0.0
2026-09-02T20:55:06,1788400505.8,Sky,rick,tonic,0.5471,1788394543.2358308,5962.6,0.3272
2026-09-02T20:55:06,1788400505.8,Sky,rick,valence_ema,0.5942,1788393786.0449677,6719.8,0.5078
2026-09-02T20:55:16,1788400516.4,Sky,rick,novelty_spent,0.2221,1788393786.1311488,6730.3,0.0184
2026-09-02T20:55:16,1788400516.4,Sky,rick,phasic,0.2127,1788393786.1305358,6730.3,0.0
2026-09-02T20:55:16,1788400516.4,Sky,rick,tonic,0.5471,1788394543.2358308,5973.2,0.327
2026-09-02T20:55:16,1788400516.4,Sky,rick,valence_ema,0.5942,1788393786.0449677,6730.4,0.5078
2026-09-02T20:55:27,1788400526.9,Sky,rick,novelty_spent,0.2221,1788393786.1311488,6740.8,0.0183
2026-09-02T20:55:27,1788400526.9,Sky,rick,phasic,0.2127,1788393786.1305358,6740.8,0.0
2026-09-02T20:55:27,1788400526.9,Sky,rick,tonic,0.5471,1788394543.2358308,5983.7,0.3269
2026-09-02T20:55:27,1788400526.9,Sky,rick,valence_ema,0.5942,1788393786.0449677,6740.9,0.5078
2026-09-02T20:55:37,1788400537.5,Sky,rick,novelty_spent,0.2221,1788393786.1311488,6751.4,0.0182
2026-09-02T20:55:37,1788400537.5,Sky,rick,phasic,0.2127,1788393786.1305358,6751.4,0.0
2026-09-02T20:55:37,1788400537.5,Sky,rick,tonic,0.5471,1788394543.2358308,5994.3,0.3268
2026-09-02T20:55:37,1788400537.5,Sky,rick,valence_ema,0.5942,1788393786.0449677,6751.5,0.5077
2026-09-02T20:55:48,1788400548.1,Sky,rick,novelty_spent,0.2221,1788393786.1311488,6762.0,0.0182
2026-09-02T20:55:48,1788400548.1,Sky,rick,phasic,0.2127,1788393786.1305358,6762.0,0.0
2026-09-02T20:55:48,1788400548.1,Sky,rick,tonic,0.5471,1788394543.2358308,6004.9,0.3267
2026-09-02T20:55:48,1788400548.1,Sky,rick,valence_ema,0.5942,1788393786.0449677,6762.0,0.5077
2026-09-02T20:55:58,1788400558.7,Sky,rick,novelty_spent,0.2221,1788393786.1311488,6772.5,0.0181
2026-09-02T20:55:58,1788400558.7,Sky,rick,phasic,0.2127,1788393786.1305358,6772.5,0.0
2026-09-02T20:55:58,1788400558.7,Sky,rick,tonic,0.5471,1788394543.2358308,6015.4,0.3266
2026-09-02T20:55:59,1788400558.7,Sky,rick,valence_ema,0.5942,1788393786.0449677,6772.6,0.5077
2026-09-02T20:56:09,1788400569.2,Sky,rick,novelty_spent,0.2221,1788393786.1311488,6783.1,0.018
2026-09-02T20:56:09,1788400569.2,Sky,rick,phasic,0.2127,1788393786.1305358,6783.1,0.0
2026-09-02T20:56:09,1788400569.2,Sky,rick,tonic,0.5471,1788394543.2358308,6026.0,0.3265
2026-09-02T20:56:09,1788400569.2,Sky,rick,valence_ema,0.5942,1788393786.0449677,6783.1,0.5076
2026-09-02T20:56:19,1788400579.8,Sky,rick,novelty_spent,0.2221,1788393786.1311488,6793.6,0.0179
2026-09-02T20:56:19,1788400579.8,Sky,rick,phasic,0.2127,1788393786.1305358,6793.6,0.0
2026-09-02T20:56:20,1788400579.8,Sky,rick,tonic,0.5471,1788394543.2358308,6036.5,0.3264
2026-09-02T20:56:20,1788400579.8,Sky,rick,valence_ema,0.5942,1788393786.0449677,6793.7,0.5076
2026-09-02T20:56:30,1788400590.3,Sky,rick,novelty_spent,0.2221,1788393786.1311488,6804.1,0.0179
2026-09-02T20:56:30,1788400590.3,Sky,rick,phasic,0.2127,1788393786.1305358,6804.1,0.0
2026-09-02T20:56:30,1788400590.3,Sky,rick,tonic,0.5471,1788394543.2358308,6047.0,0.3263
2026-09-02T20:56:30,1788400590.3,Sky,rick,valence_ema,0.5942,1788393786.0449677,6804.2,0.5076
2026-09-02T20:56:40,1788400600.8,Sky,rick,novelty_spent,0.2221,1788393786.1311488,6814.7,0.0178
2026-09-02T20:56:41,1788400600.8,Sky,rick,phasic,0.2127,1788393786.1305358,6814.7,0.0
2026-09-02T20:56:41,1788400600.8,Sky,rick,tonic,0.5471,1788394543.2358308,6057.6,0.3262
2026-09-02T20:56:41,1788400600.8,Sky,rick,valence_ema,0.5942,1788393786.0449677,6814.8,0.5075
2026-09-02T20:56:51,1788400611.4,Sky,rick,novelty_spent,0.2221,1788393786.1311488,6825.3,0.0177
2026-09-02T20:56:51,1788400611.4,Sky,rick,phasic,0.2127,1788393786.1305358,6825.3,0.0
2026-09-02T20:56:51,1788400611.4,Sky,rick,tonic,0.5471,1788394543.2358308,6068.2,0.3261
2026-09-02T20:56:51,1788400611.4,Sky,rick,valence_ema,0.5942,1788393786.0449677,6825.4,0.5075
2026-09-02T20:57:02,1788400621.9,Sky,rick,novelty_spent,0.2221,1788393786.1311488,6835.8,0.0177
2026-09-02T20:57:02,1788400621.9,Sky,rick,phasic,0.2127,1788393786.1305358,6835.8,0.0
2026-09-02T20:57:02,1788400621.9,Sky,rick,tonic,0.5471,1788394543.2358308,6078.7,0.326
2026-09-02T20:57:02,1788400621.9,Sky,rick,valence_ema,0.5942,1788393786.0449677,6835.9,0.5075
2026-09-02T20:57:12,1788400632.5,Sky,rick,novelty_spent,0.2221,1788393786.1311488,6846.4,0.0176
2026-09-02T20:57:12,1788400632.5,Sky,rick,phasic,0.2127,1788393786.1305358,6846.4,0.0
2026-09-02T20:57:12,1788400632.5,Sky,rick,tonic,0.5471,1788394543.2358308,6089.3,0.3259
2026-09-02T20:57:12,1788400632.5,Sky,rick,valence_ema,0.5942,1788393786.0449677,6846.5,0.5075
2026-09-02T20:57:23,1788400643.1,Sky,rick,novelty_spent,0.2221,1788393786.1311488,6857.0,0.0175
2026-09-02T20:57:23,1788400643.1,Sky,rick,phasic,0.2127,1788393786.1305358,6857.0,0.0
2026-09-02T20:57:23,1788400643.1,Sky,rick,tonic,0.5471,1788394543.2358308,6099.9,0.3258
2026-09-02T20:57:23,1788400643.1,Sky,rick,valence_ema,0.5942,1788393786.0449677,6857.1,0.5074
2026-09-02T20:57:33,1788400653.7,Sky,rick,novelty_spent,0.2221,1788393786.1311488,6867.6,0.0175
2026-09-02T20:57:33,1788400653.7,Sky,rick,phasic,0.2127,1788393786.1305358,6867.6,0.0
2026-09-02T20:57:34,1788400653.7,Sky,rick,tonic,0.5471,1788394543.2358308,6110.5,0.3257
2026-09-02T20:57:34,1788400653.7,Sky,rick,valence_ema,0.5942,1788393786.0449677,6867.7,0.5074
2026-09-02T20:57:44,1788400664.3,Sky,rick,novelty_spent,0.2221,1788393786.1311488,6878.2,0.0174
2026-09-02T20:57:44,1788400664.3,Sky,rick,phasic,0.2127,1788393786.1305358,6878.2,0.0
2026-09-02T20:57:44,1788400664.3,Sky,rick,tonic,0.5471,1788394543.2358308,6121.1,0.3256
2026-09-02T20:57:44,1788400664.3,Sky,rick,valence_ema,0.5942,1788393786.0449677,6878.3,0.5074
2026-09-02T20:57:55,1788400674.9,Sky,rick,novelty_spent,0.2221,1788393786.1311488,6888.8,0.0173
2026-09-02T20:57:55,1788400674.9,Sky,rick,phasic,0.2127,1788393786.1305358,6888.8,0.0
2026-09-02T20:57:55,1788400674.9,Sky,rick,tonic,0.5471,1788394543.2358308,6131.7,0.3255
2026-09-02T20:57:55,1788400674.9,Sky,rick,valence_ema,0.5942,1788393786.0449677,6888.8,0.5073
2026-09-02T20:58:05,1788400685.5,Sky,rick,novelty_spent,0.2221,1788393786.1311488,6899.3,0.0173
2026-09-02T20:58:05,1788400685.5,Sky,rick,phasic,0.2127,1788393786.1305358,6899.3,0.0
2026-09-02T20:58:05,1788400685.5,Sky,rick,tonic,0.5471,1788394543.2358308,6142.2,0.3254
2026-09-02T20:58:05,1788400685.5,Sky,rick,valence_ema,0.5942,1788393786.0449677,6899.4,0.5073
2026-09-02T20:58:16,1788400696.0,Sky,rick,novelty_spent,0.2221,1788393786.1311488,6909.9,0.0172
2026-09-02T20:58:16,1788400696.0,Sky,rick,phasic,0.2127,1788393786.1305358,6909.9,0.0
2026-09-02T20:58:16,1788400696.0,Sky,rick,tonic,0.5471,1788394543.2358308,6152.8,0.3253
2026-09-02T20:58:16,1788400696.0,Sky,rick,valence_ema,0.5942,1788393786.0449677,6910.0,0.5073
2026-09-02T20:58:26,1788400706.6,Sky,rick,novelty_spent,0.2221,1788393786.1311488,6920.5,0.0171
2026-09-02T20:58:26,1788400706.6,Sky,rick,phasic,0.2127,1788393786.1305358,6920.5,0.0
2026-09-02T20:58:26,1788400706.6,Sky,rick,tonic,0.5471,1788394543.2358308,6163.4,0.3252
2026-09-02T20:58:27,1788400706.6,Sky,rick,valence_ema,0.5942,1788393786.0449677,6920.6,0.5073
2026-09-02T20:58:37,1788400717.2,Sky,rick,novelty_spent,0.2221,1788393786.1311488,6931.1,0.017
2026-09-02T20:58:37,1788400717.2,Sky,rick,phasic,0.2127,1788393786.1305358,6931.1,0.0
2026-09-02T20:58:37,1788400717.2,Sky,rick,tonic,0.5471,1788394543.2358308,6174.0,0.3251
2026-09-02T20:58:37,1788400717.2,Sky,rick,valence_ema,0.5942,1788393786.0449677,6931.1,0.5072
2026-09-02T20:58:47,1788400727.8,Sky,rick,novelty_spent,0.2221,1788393786.1311488,6941.6,0.017
2026-09-02T20:58:47,1788400727.8,Sky,rick,phasic,0.2127,1788393786.1305358,6941.6,0.0
2026-09-02T20:58:48,1788400727.8,Sky,rick,tonic,0.5471,1788394543.2358308,6184.5,0.325
2026-09-02T20:58:48,1788400727.8,Sky,rick,valence_ema,0.5942,1788393786.0449677,6941.7,0.5072
2026-09-02T20:58:58,1788400738.3,Sky,rick,novelty_spent,0.2221,1788393786.1311488,6952.2,0.0169
2026-09-02T20:58:58,1788400738.3,Sky,rick,phasic,0.2127,1788393786.1305358,6952.2,0.0
2026-09-02T20:58:58,1788400738.3,Sky,rick,tonic,0.5471,1788394543.2358308,6195.1,0.3249
2026-09-02T20:58:58,1788400738.3,Sky,rick,valence_ema,0.5942,1788393786.0449677,6952.3,0.5072
2026-09-02T20:59:08,1788400748.8,Sky,rick,novelty_spent,0.2221,1788393786.1311488,6962.7,0.0168
2026-09-02T20:59:09,1788400748.8,Sky,rick,phasic,0.2127,1788393786.1305358,6962.7,0.0
2026-09-02T20:59:09,1788400748.8,Sky,rick,tonic,0.5471,1788394543.2358308,6205.6,0.3248
2026-09-02T20:59:09,1788400748.8,Sky,rick,valence_ema,0.5942,1788393786.0449677,6962.8,0.5071
2026-09-02T20:59:19,1788400759.4,Sky,rick,novelty_spent,0.2221,1788393786.1311488,6973.3,0.0168
2026-09-02T20:59:19,1788400759.4,Sky,rick,phasic,0.2127,1788393786.1305358,6973.3,0.0
2026-09-02T20:59:19,1788400759.4,Sky,rick,tonic,0.5471,1788394543.2358308,6216.2,0.3247
2026-09-02T20:59:19,1788400759.4,Sky,rick,valence_ema,0.5942,1788393786.0449677,6973.4,0.5071
2026-09-02T20:59:30,1788400770.0,Sky,rick,novelty_spent,0.2221,1788393786.1311488,6983.8,0.0167
2026-09-02T20:59:30,1788400770.0,Sky,rick,phasic,0.2127,1788393786.1305358,6983.8,0.0
2026-09-02T20:59:30,1788400770.0,Sky,rick,tonic,0.5471,1788394543.2358308,6226.7,0.3246
2026-09-02T20:59:30,1788400770.0,Sky,rick,valence_ema,0.5942,1788393786.0449677,6983.9,0.5071
2026-09-02T20:59:40,1788400780.5,Sky,rick,novelty_spent,0.2221,1788393786.1311488,6994.4,0.0167
2026-09-02T20:59:40,1788400780.5,Sky,rick,phasic,0.2127,1788393786.1305358,6994.4,0.0
2026-09-02T20:59:40,1788400780.5,Sky,rick,tonic,0.5471,1788394543.2358308,6237.3,0.3245
2026-09-02T20:59:40,1788400780.5,Sky,rick,valence_ema,0.5942,1788393786.0449677,6994.5,0.5071
2026-09-02T20:59:51,1788400791.1,Sky,rick,novelty_spent,0.2221,1788393786.1311488,7004.9,0.0166
2026-09-02T20:59:51,1788400791.1,Sky,rick,phasic,0.2127,1788393786.1305358,7004.9,0.0
2026-09-02T20:59:51,1788400791.1,Sky,rick,tonic,0.5471,1788394543.2358308,6247.8,0.3244
2026-09-02T20:59:51,1788400791.1,Sky,rick,valence_ema,0.5942,1788393786.0449677,7005.0,0.507
2026-09-02T21:00:01,1788400801.6,Sky,rick,novelty_spent,0.2221,1788393786.1311488,7015.5,0.0165
2026-09-02T21:00:01,1788400801.6,Sky,rick,phasic,0.2127,1788393786.1305358,7015.5,0.0
2026-09-02T21:00:01,1788400801.6,Sky,rick,tonic,0.5471,1788394543.2358308,6258.4,0.3243
2026-09-02T21:00:02,1788400801.6,Sky,rick,valence_ema,0.5942,1788393786.0449677,7015.6,0.507
2026-09-02T21:00:12,1788400812.2,Sky,rick,novelty_spent,0.2221,1788393786.1311488,7026.1,0.0165
2026-09-02T21:00:12,1788400812.2,Sky,rick,phasic,0.2127,1788393786.1305358,7026.1,0.0
2026-09-02T21:00:12,1788400812.2,Sky,rick,tonic,0.5471,1788394543.2358308,6269.0,0.3242
2026-09-02T21:00:12,1788400812.2,Sky,rick,valence_ema,0.5942,1788393786.0449677,7026.2,0.507
2026-09-02T21:00:22,1788400822.8,Sky,rick,novelty_spent,0.2221,1788393786.1311488,7036.6,0.0164
2026-09-02T21:00:23,1788400822.8,Sky,rick,phasic,0.2127,1788393786.1305358,7036.6,0.0
2026-09-02T21:00:23,1788400822.8,Sky,rick,tonic,0.5471,1788394543.2358308,6279.5,0.3241
2026-09-02T21:00:23,1788400822.8,Sky,rick,valence_ema,0.5942,1788393786.0449677,7036.7,0.507
2026-09-02T21:00:33,1788400833.4,Sky,rick,novelty_spent,0.2221,1788393786.1311488,7047.2,0.0163
2026-09-02T21:00:33,1788400833.4,Sky,rick,phasic,0.2127,1788393786.1305358,7047.2,0.0
2026-09-02T21:00:33,1788400833.4,Sky,rick,tonic,0.5471,1788394543.2358308,6290.1,0.324
2026-09-02T21:00:33,1788400833.4,Sky,rick,valence_ema,0.5942,1788393786.0449677,7047.3,0.5069
2026-09-02T21:00:44,1788400843.9,Sky,rick,novelty_spent,0.2221,1788393786.1311488,7057.8,0.0163
2026-09-02T21:00:44,1788400843.9,Sky,rick,phasic,0.2127,1788393786.1305358,7057.8,0.0
2026-09-02T21:00:44,1788400843.9,Sky,rick,tonic,0.5471,1788394543.2358308,6300.7,0.324
2026-09-02T21:00:44,1788400843.9,Sky,rick,valence_ema,0.5942,1788393786.0449677,7057.9,0.5069
2026-09-02T21:00:54,1788400854.5,Sky,rick,novelty_spent,0.2221,1788393786.1311488,7068.4,0.0162
2026-09-02T21:00:54,1788400854.5,Sky,rick,phasic,0.2127,1788393786.1305358,7068.4,0.0
2026-09-02T21:00:54,1788400854.5,Sky,rick,tonic,0.5471,1788394543.2358308,6311.3,0.3239
2026-09-02T21:00:54,1788400854.5,Sky,rick,valence_ema,0.5942,1788393786.0449677,7068.5,0.5069
2026-09-02T21:01:05,1788400865.1,Sky,rick,novelty_spent,0.2221,1788393786.1311488,7079.0,0.0161
2026-09-02T21:01:05,1788400865.1,Sky,rick,phasic,0.2127,1788393786.1305358,7079.0,0.0
2026-09-02T21:01:05,1788400865.1,Sky,rick,tonic,0.5471,1788394543.2358308,6321.9,0.3238
2026-09-02T21:01:05,1788400865.1,Sky,rick,valence_ema,0.5942,1788393786.0449677,7079.0,0.5068
2026-09-02T21:01:15,1788400875.7,Sky,rick,novelty_spent,0.2221,1788393786.1311488,7089.6,0.0161
2026-09-02T21:01:15,1788400875.7,Sky,rick,phasic,0.2127,1788393786.1305358,7089.6,0.0
2026-09-02T21:01:16,1788400875.7,Sky,rick,tonic,0.5471,1788394543.2358308,6332.4,0.3237
2026-09-02T21:01:16,1788400875.7,Sky,rick,valence_ema,0.5942,1788393786.0449677,7089.6,0.5068
2026-09-02T21:01:26,1788400886.3,Sky,rick,novelty_spent,0.2221,1788393786.1311488,7100.1,0.016
2026-09-02T21:01:26,1788400886.3,Sky,rick,phasic,0.2127,1788393786.1305358,7100.1,0.0
2026-09-02T21:01:26,1788400886.3,Sky,rick,tonic,0.5471,1788394543.2358308,6343.0,0.3236
2026-09-02T21:01:26,1788400886.3,Sky,rick,valence_ema,0.5942,1788393786.0449677,7100.2,0.5068
2026-09-02T21:01:36,1788400896.8,Sky,rick,novelty_spent,0.2221,1788393786.1311488,7110.7,0.016
2026-09-02T21:01:37,1788400896.8,Sky,rick,phasic,0.2127,1788393786.1305358,7110.7,0.0
2026-09-02T21:01:37,1788400896.8,Sky,rick,tonic,0.5471,1788394543.2358308,6353.6,0.3235
2026-09-02T21:01:37,1788400896.8,Sky,rick,valence_ema,0.5942,1788393786.0449677,7110.8,0.5068
2026-09-02T21:01:47,1788400907.4,Sky,rick,novelty_spent,0.2221,1788393786.1311488,7121.3,0.0159
2026-09-02T21:01:47,1788400907.4,Sky,rick,phasic,0.2127,1788393786.1305358,7121.3,0.0
2026-09-02T21:01:47,1788400907.4,Sky,rick,tonic,0.5471,1788394543.2358308,6364.2,0.3234
2026-09-02T21:01:47,1788400907.4,Sky,rick,valence_ema,0.5942,1788393786.0449677,7121.3,0.5067
2026-09-02T21:01:58,1788400917.9,Sky,rick,novelty_spent,0.2221,1788393786.1311488,7131.8,0.0158
2026-09-02T21:01:58,1788400917.9,Sky,rick,phasic,0.2127,1788393786.1305358,7131.8,0.0
2026-09-02T21:01:58,1788400917.9,Sky,rick,tonic,0.5471,1788394543.2358308,6374.7,0.3233
2026-09-02T21:01:58,1788400917.9,Sky,rick,valence_ema,0.5942,1788393786.0449677,7131.9,0.5067
2026-09-02T21:02:08,1788400928.6,Sky,rick,novelty_spent,0.2221,1788393786.1311488,7142.4,0.0158
2026-09-02T21:02:08,1788400928.6,Sky,rick,phasic,0.2127,1788393786.1305358,7142.4,0.0
2026-09-02T21:02:08,1788400928.6,Sky,rick,tonic,0.5471,1788394543.2358308,6385.3,0.3232
2026-09-02T21:02:09,1788400928.6,Sky,rick,valence_ema,0.5942,1788393786.0449677,7142.5,0.5067
2026-09-02T21:02:19,1788400939.2,Sky,rick,novelty_spent,0.2221,1788393786.1311488,7153.0,0.0157
2026-09-02T21:02:19,1788400939.2,Sky,rick,phasic,0.2127,1788393786.1305358,7153.0,0.0
2026-09-02T21:02:19,1788400939.2,Sky,rick,tonic,0.5471,1788394543.2358308,6395.9,0.3231
2026-09-02T21:02:19,1788400939.2,Sky,rick,valence_ema,0.5942,1788393786.0449677,7153.1,0.5067
2026-09-02T21:02:29,1788400949.8,Sky,rick,novelty_spent,0.2221,1788393786.1311488,7163.7,0.0156
2026-09-02T21:02:30,1788400949.8,Sky,rick,phasic,0.2127,1788393786.1305358,7163.7,0.0
2026-09-02T21:02:30,1788400949.8,Sky,rick,tonic,0.5471,1788394543.2358308,6406.6,0.323
2026-09-02T21:02:30,1788400949.8,Sky,rick,valence_ema,0.5942,1788393786.0449677,7163.7,0.5066
2026-09-02T21:02:40,1788400960.4,Sky,rick,novelty_spent,0.2221,1788393786.1311488,7174.3,0.0156
2026-09-02T21:02:40,1788400960.4,Sky,rick,phasic,0.2127,1788393786.1305358,7174.3,0.0
2026-09-02T21:02:40,1788400960.4,Sky,rick,tonic,0.5471,1788394543.2358308,6417.2,0.3229
2026-09-02T21:02:40,1788400960.4,Sky,rick,valence_ema,0.5942,1788393786.0449677,7174.3,0.5066
2026-09-02T21:02:51,1788400971.0,Sky,rick,novelty_spent,0.2221,1788393786.1311488,7184.9,0.0155
2026-09-02T21:02:51,1788400971.0,Sky,rick,phasic,0.2127,1788393786.1305358,7184.9,0.0
2026-09-02T21:02:51,1788400971.0,Sky,rick,tonic,0.5471,1788394543.2358308,6427.8,0.3229
2026-09-02T21:02:51,1788400971.0,Sky,rick,valence_ema,0.5942,1788393786.0449677,7185.0,0.5066
2026-09-02T21:03:01,1788400981.6,Sky,rick,novelty_spent,0.2221,1788393786.1311488,7195.5,0.0155
2026-09-02T21:03:01,1788400981.6,Sky,rick,phasic,0.2127,1788393786.1305358,7195.5,0.0
2026-09-02T21:03:01,1788400981.6,Sky,rick,tonic,0.5471,1788394543.2358308,6438.4,0.3228
2026-09-02T21:03:02,1788400981.6,Sky,rick,valence_ema,0.5942,1788393786.0449677,7195.6,0.5066
2026-09-02T21:03:12,1788400992.2,Sky,rick,novelty_spent,0.2221,1788393786.1311488,7206.1,0.0154
2026-09-02T21:03:12,1788400992.2,Sky,rick,phasic,0.2127,1788393786.1305358,7206.1,0.0
2026-09-02T21:03:12,1788400992.2,Sky,rick,tonic,0.5471,1788394543.2358308,6449.0,0.3227
2026-09-02T21:03:12,1788400992.2,Sky,rick,valence_ema,0.5942,1788393786.0449677,7206.2,0.5065
2026-09-02T21:03:22,1788401002.8,Sky,rick,novelty_spent,0.2221,1788393786.1311488,7216.7,0.0153
2026-09-02T21:03:23,1788401002.8,Sky,rick,phasic,0.2127,1788393786.1305358,7216.7,0.0
2026-09-02T21:03:23,1788401002.8,Sky,rick,tonic,0.5471,1788394543.2358308,6459.6,0.3226
2026-09-02T21:03:23,1788401002.8,Sky,rick,valence_ema,0.5942,1788393786.0449677,7216.8,0.5065
2026-09-02T21:03:33,1788401013.4,Sky,rick,novelty_spent,0.2221,1788393786.1311488,7227.2,0.0153
2026-09-02T21:03:33,1788401013.4,Sky,rick,phasic,0.2127,1788393786.1305358,7227.2,0.0
2026-09-02T21:03:33,1788401013.4,Sky,rick,tonic,0.5471,1788394543.2358308,6470.1,0.3225
2026-09-02T21:03:33,1788401013.4,Sky,rick,valence_ema,0.5942,1788393786.0449677,7227.3,0.5065
2026-09-02T21:03:44,1788401024.0,Sky,rick,novelty_spent,0.2221,1788393786.1311488,7237.8,0.0152
2026-09-02T21:03:44,1788401024.0,Sky,rick,phasic,0.2127,1788393786.1305358,7237.8,0.0
2026-09-02T21:03:44,1788401024.0,Sky,rick,tonic,0.5471,1788394543.2358308,6480.7,0.3224
2026-09-02T21:03:44,1788401024.0,Sky,rick,valence_ema,0.5942,1788393786.0449677,7237.9,0.5065
2026-09-02T21:03:54,1788401034.6,Sky,rick,novelty_spent,0.2221,1788393786.1311488,7248.4,0.0152
2026-09-02T21:03:54,1788401034.6,Sky,rick,phasic,0.2127,1788393786.1305358,7248.4,0.0
2026-09-02T21:03:54,1788401034.6,Sky,rick,tonic,0.5471,1788394543.2358308,6491.3,0.3223
2026-09-02T21:03:54,1788401034.6,Sky,rick,valence_ema,0.5942,1788393786.0449677,7248.5,0.5064
2026-09-02T21:04:05,1788401045.1,Sky,rick,novelty_spent,0.2221,1788393786.1311488,7259.0,0.0151
2026-09-02T21:04:05,1788401045.1,Sky,rick,phasic,0.2127,1788393786.1305358,7259.0,0.0
2026-09-02T21:04:05,1788401045.1,Sky,rick,tonic,0.5471,1788394543.2358308,6501.9,0.3222
2026-09-02T21:04:05,1788401045.1,Sky,rick,valence_ema,0.5942,1788393786.0449677,7259.1,0.5064
2026-09-02T21:04:15,1788401055.7,Sky,rick,novelty_spent,0.2221,1788393786.1311488,7269.6,0.015
2026-09-02T21:04:15,1788401055.7,Sky,rick,phasic,0.2127,1788393786.1305358,7269.6,0.0
2026-09-02T21:04:16,1788401055.7,Sky,rick,tonic,0.5471,1788394543.2358308,6512.5,0.3221
2026-09-02T21:04:16,1788401055.7,Sky,rick,valence_ema,0.5942,1788393786.0449677,7269.7,0.5064
2026-09-02T21:04:26,1788401066.3,Sky,rick,novelty_spent,0.2221,1788393786.1311488,7280.2,0.015
2026-09-02T21:04:26,1788401066.3,Sky,rick,phasic,0.2127,1788393786.1305358,7280.2,0.0
2026-09-02T21:04:26,1788401066.3,Sky,rick,tonic,0.5471,1788394543.2358308,6523.1,0.3221
2026-09-02T21:04:26,1788401066.3,Sky,rick,valence_ema,0.5942,1788393786.0449677,7280.2,0.5064
2026-09-02T21:04:37,1788401077.0,Sky,rick,novelty_spent,0.2221,1788393786.1311488,7290.8,0.0149
2026-09-02T21:04:37,1788401077.0,Sky,rick,phasic,0.2127,1788393786.1305358,7290.8,0.0
2026-09-02T21:04:37,1788401077.0,Sky,rick,tonic,0.5471,1788394543.2358308,6533.7,0.322
2026-09-02T21:04:37,1788401077.0,Sky,rick,valence_ema,0.5942,1788393786.0449677,7290.9,0.5063
2026-09-02T21:04:47,1788401087.5,Sky,rick,novelty_spent,0.2221,1788393786.1311488,7301.4,0.0149
2026-09-02T21:04:47,1788401087.5,Sky,rick,phasic,0.2127,1788393786.1305358,7301.4,0.0
2026-09-02T21:04:47,1788401087.5,Sky,rick,tonic,0.5471,1788394543.2358308,6544.3,0.3219
2026-09-02T21:04:47,1788401087.5,Sky,rick,valence_ema,0.5942,1788393786.0449677,7301.5,0.5063
2026-09-02T21:04:58,1788401098.1,Sky,rick,novelty_spent,0.2221,1788393786.1311488,7312.0,0.0148
2026-09-02T21:04:58,1788401098.1,Sky,rick,phasic,0.2127,1788393786.1305358,7312.0,0.0
2026-09-02T21:04:58,1788401098.1,Sky,rick,tonic,0.5471,1788394543.2358308,6554.9,0.3218
2026-09-02T21:04:58,1788401098.1,Sky,rick,valence_ema,0.5942,1788393786.0449677,7312.1,0.5063
2026-09-02T21:05:08,1788401108.8,Sky,rick,novelty_spent,0.2221,1788393786.1311488,7322.6,0.0147
2026-09-02T21:05:08,1788401108.8,Sky,rick,phasic,0.2127,1788393786.1305358,7322.6,0.0
2026-09-02T21:05:09,1788401108.8,Sky,rick,tonic,0.5471,1788394543.2358308,6565.5,0.3217
2026-09-02T21:05:09,1788401108.8,Sky,rick,valence_ema,0.5942,1788393786.0449677,7322.7,0.5063
2026-09-02T21:05:19,1788401119.4,Sky,rick,novelty_spent,0.2221,1788393786.1311488,7333.2,0.0147
2026-09-02T21:05:19,1788401119.4,Sky,rick,phasic,0.2127,1788393786.1305358,7333.2,0.0
2026-09-02T21:05:19,1788401119.4,Sky,rick,tonic,0.5471,1788394543.2358308,6576.1,0.3216
2026-09-02T21:05:19,1788401119.4,Sky,rick,valence_ema,0.5942,1788393786.0449677,7333.3,0.5062
2026-09-02T21:05:30,1788401129.9,Sky,rick,novelty_spent,0.2221,1788393786.1311488,7343.8,0.0146
2026-09-02T21:05:30,1788401129.9,Sky,rick,phasic,0.2127,1788393786.1305358,7343.8,0.0
2026-09-02T21:05:30,1788401129.9,Sky,rick,tonic,0.5471,1788394543.2358308,6586.7,0.3215
2026-09-02T21:05:30,1788401129.9,Sky,rick,valence_ema,0.5942,1788393786.0449677,7343.9,0.5062
2026-09-02T21:05:40,1788401140.6,Sky,rick,novelty_spent,0.2221,1788393786.1311488,7354.4,0.0146
2026-09-02T21:05:40,1788401140.6,Sky,rick,phasic,0.2127,1788393786.1305358,7354.4,0.0
2026-09-02T21:05:40,1788401140.6,Sky,rick,tonic,0.5471,1788394543.2358308,6597.3,0.3215
2026-09-02T21:05:41,1788401140.6,Sky,rick,valence_ema,0.5942,1788393786.0449677,7354.5,0.5062
2026-09-02T21:05:51,1788401151.2,Sky,rick,novelty_spent,0.2221,1788393786.1311488,7365.0,0.0145
2026-09-02T21:05:51,1788401151.2,Sky,rick,phasic,0.2127,1788393786.1305358,7365.0,0.0
2026-09-02T21:05:51,1788401151.2,Sky,rick,tonic,0.5471,1788394543.2358308,6607.9,0.3214
2026-09-02T21:05:51,1788401151.2,Sky,rick,valence_ema,0.5942,1788393786.0449677,7365.1,0.5062
2026-09-02T21:06:01,1788401161.7,Sky,rick,novelty_spent,0.2221,1788393786.1311488,7375.6,0.0145
2026-09-02T21:06:02,1788401161.7,Sky,rick,phasic,0.2127,1788393786.1305358,7375.6,0.0
2026-09-02T21:06:02,1788401161.7,Sky,rick,tonic,0.5471,1788394543.2358308,6618.5,0.3213
2026-09-02T21:06:02,1788401161.7,Sky,rick,valence_ema,0.5942,1788393786.0449677,7375.7,0.5061
2026-09-02T21:06:12,1788401172.4,Sky,rick,novelty_spent,0.2221,1788393786.1311488,7386.3,0.0144
2026-09-02T21:06:12,1788401172.4,Sky,rick,phasic,0.2127,1788393786.1305358,7386.3,0.0
2026-09-02T21:06:12,1788401172.4,Sky,rick,tonic,0.5471,1788394543.2358308,6629.2,0.3212
2026-09-02T21:06:12,1788401172.4,Sky,rick,valence_ema,0.5942,1788393786.0449677,7386.4,0.5061
2026-09-02T21:06:23,1788401183.0,Sky,rick,novelty_spent,0.2221,1788393786.1311488,7396.9,0.0143
2026-09-02T21:06:23,1788401183.0,Sky,rick,phasic,0.2127,1788393786.1305358,7396.9,0.0
2026-09-02T21:06:23,1788401183.0,Sky,rick,tonic,0.5471,1788394543.2358308,6639.8,0.3211
2026-09-02T21:06:23,1788401183.0,Sky,rick,valence_ema,0.5942,1788393786.0449677,7397.0,0.5061
2026-09-02T21:06:33,1788401193.6,Sky,rick,novelty_spent,0.2221,1788393786.1311488,7407.5,0.0143
2026-09-02T21:06:33,1788401193.6,Sky,rick,phasic,0.2127,1788393786.1305358,7407.5,0.0
2026-09-02T21:06:33,1788401193.6,Sky,rick,tonic,0.5471,1788394543.2358308,6650.4,0.321
2026-09-02T21:06:34,1788401193.6,Sky,rick,valence_ema,0.5942,1788393786.0449677,7407.6,0.5061
2026-09-02T21:06:44,1788401204.2,Sky,rick,novelty_spent,0.2221,1788393786.1311488,7418.1,0.0142
2026-09-02T21:06:44,1788401204.2,Sky,rick,phasic,0.2127,1788393786.1305358,7418.1,0.0
2026-09-02T21:06:44,1788401204.2,Sky,rick,tonic,0.5471,1788394543.2358308,6661.0,0.321
2026-09-02T21:06:44,1788401204.2,Sky,rick,valence_ema,0.5942,1788393786.0449677,7418.2,0.506
2026-09-02T21:06:54,1788401214.9,Sky,rick,novelty_spent,0.2221,1788393786.1311488,7428.7,0.0142
2026-09-02T21:06:55,1788401214.9,Sky,rick,phasic,0.2127,1788393786.1305358,7428.7,0.0
2026-09-02T21:06:55,1788401214.9,Sky,rick,tonic,0.5471,1788394543.2358308,6671.6,0.3209
2026-09-02T21:06:55,1788401214.9,Sky,rick,valence_ema,0.5942,1788393786.0449677,7428.8,0.506
2026-09-02T21:07:05,1788401225.5,Sky,rick,novelty_spent,0.2221,1788393786.1311488,7439.3,0.0141
2026-09-02T21:07:05,1788401225.5,Sky,rick,phasic,0.2127,1788393786.1305358,7439.3,0.0
2026-09-02T21:07:05,1788401225.5,Sky,rick,tonic,0.5471,1788394543.2358308,6682.2,0.3208
2026-09-02T21:07:05,1788401225.5,Sky,rick,valence_ema,0.5942,1788393786.0449677,7439.4,0.506
2026-09-02T21:07:16,1788401236.0,Sky,rick,novelty_spent,0.2221,1788393786.1311488,7449.9,0.0141
2026-09-02T21:07:16,1788401236.0,Sky,rick,phasic,0.2127,1788393786.1305358,7449.9,0.0
2026-09-02T21:07:16,1788401236.0,Sky,rick,tonic,0.5471,1788394543.2358308,6692.8,0.3207
2026-09-02T21:07:16,1788401236.0,Sky,rick,valence_ema,0.5942,1788393786.0449677,7450.0,0.506
2026-09-02T21:07:26,1788401246.6,Sky,rick,novelty_spent,0.2221,1788393786.1311488,7460.5,0.014
2026-09-02T21:07:26,1788401246.6,Sky,rick,phasic,0.2127,1788393786.1305358,7460.5,0.0
2026-09-02T21:07:26,1788401246.6,Sky,rick,tonic,0.5471,1788394543.2358308,6703.4,0.3206
2026-09-02T21:07:27,1788401246.6,Sky,rick,valence_ema,0.5942,1788393786.0449677,7460.6,0.5059
2026-09-02T21:07:37,1788401257.2,Sky,rick,novelty_spent,0.2221,1788393786.1311488,7471.1,0.014
2026-09-02T21:07:37,1788401257.2,Sky,rick,phasic,0.2127,1788393786.1305358,7471.1,0.0
2026-09-02T21:07:37,1788401257.2,Sky,rick,tonic,0.5471,1788394543.2358308,6714.0,0.3206
2026-09-02T21:07:37,1788401257.2,Sky,rick,valence_ema,0.5942,1788393786.0449677,7471.2,0.5059
2026-09-02T21:07:47,1788401267.8,Sky,rick,novelty_spent,0.2221,1788393786.1311488,7481.6,0.0139
2026-09-02T21:07:48,1788401267.8,Sky,rick,phasic,0.2127,1788393786.1305358,7481.6,0.0
2026-09-02T21:07:48,1788401267.8,Sky,rick,tonic,0.5471,1788394543.2358308,6724.5,0.3205
2026-09-02T21:07:48,1788401267.8,Sky,rick,valence_ema,0.5942,1788393786.0449677,7481.7,0.5059
2026-09-02T21:07:58,1788401278.3,Sky,rick,novelty_spent,0.2221,1788393786.1311488,7492.2,0.0138
2026-09-02T21:07:58,1788401278.3,Sky,rick,phasic,0.2127,1788393786.1305358,7492.2,0.0
2026-09-02T21:07:58,1788401278.3,Sky,rick,tonic,0.5471,1788394543.2358308,6735.1,0.3204
2026-09-02T21:07:58,1788401278.3,Sky,rick,valence_ema,0.5942,1788393786.0449677,7492.3,0.5059
2026-09-02T21:08:09,1788401288.9,Sky,rick,novelty_spent,0.2221,1788393786.1311488,7502.8,0.0138
2026-09-02T21:08:09,1788401288.9,Sky,rick,phasic,0.2127,1788393786.1305358,7502.8,0.0
2026-09-02T21:08:09,1788401288.9,Sky,rick,tonic,0.5471,1788394543.2358308,6745.7,0.3203
2026-09-02T21:08:09,1788401288.9,Sky,rick,valence_ema,0.5942,1788393786.0449677,7502.9,0.5059
2026-09-02T21:08:19,1788401299.5,Sky,rick,novelty_spent,0.2221,1788393786.1311488,7513.4,0.0137
2026-09-02T21:08:19,1788401299.5,Sky,rick,phasic,0.2127,1788393786.1305358,7513.4,0.0
2026-09-02T21:08:19,1788401299.5,Sky,rick,tonic,0.5471,1788394543.2358308,6756.3,0.3202
2026-09-02T21:08:19,1788401299.5,Sky,rick,valence_ema,0.5942,1788393786.0449677,7513.5,0.5058
2026-09-02T21:08:30,1788401310.1,Sky,rick,novelty_spent,0.2221,1788393786.1311488,7524.0,0.0137
2026-09-02T21:08:30,1788401310.1,Sky,rick,phasic,0.2127,1788393786.1305358,7524.0,0.0
2026-09-02T21:08:30,1788401310.1,Sky,rick,tonic,0.5471,1788394543.2358308,6766.9,0.3202
2026-09-02T21:08:30,1788401310.1,Sky,rick,valence_ema,0.5942,1788393786.0449677,7524.1,0.5058
2026-09-02T21:08:40,1788401320.7,Sky,rick,novelty_spent,0.2221,1788393786.1311488,7534.6,0.0136
2026-09-02T21:08:40,1788401320.7,Sky,rick,phasic,0.2127,1788393786.1305358,7534.6,0.0
2026-09-02T21:08:41,1788401320.7,Sky,rick,tonic,0.5471,1788394543.2358308,6777.5,0.3201
2026-09-02T21:08:41,1788401320.7,Sky,rick,valence_ema,0.5942,1788393786.0449677,7534.6,0.5058
2026-09-02T21:08:51,1788401331.3,Sky,rick,novelty_spent,0.2221,1788393786.1311488,7545.2,0.0136
2026-09-02T21:08:51,1788401331.3,Sky,rick,phasic,0.2127,1788393786.1305358,7545.2,0.0
2026-09-02T21:08:51,1788401331.3,Sky,rick,tonic,0.5471,1788394543.2358308,6788.1,0.32
2026-09-02T21:08:51,1788401331.3,Sky,rick,valence_ema,0.5942,1788393786.0449677,7545.3,0.5058
2026-09-02T21:09:02,1788401341.9,Sky,rick,novelty_spent,0.2221,1788393786.1311488,7555.8,0.0135
2026-09-02T21:09:02,1788401341.9,Sky,rick,phasic,0.2127,1788393786.1305358,7555.8,0.0
2026-09-02T21:09:02,1788401341.9,Sky,rick,tonic,0.5471,1788394543.2358308,6798.7,0.3199
2026-09-02T21:09:02,1788401341.9,Sky,rick,valence_ema,0.5942,1788393786.0449677,7555.9,0.5057
2026-09-02T21:09:12,1788401352.5,Sky,rick,novelty_spent,0.2221,1788393786.1311488,7566.4,0.0135
2026-09-02T21:09:12,1788401352.5,Sky,rick,phasic,0.2127,1788393786.1305358,7566.4,0.0
2026-09-02T21:09:12,1788401352.5,Sky,rick,tonic,0.5471,1788394543.2358308,6809.3,0.3198
2026-09-02T21:09:12,1788401352.5,Sky,rick,valence_ema,0.5942,1788393786.0449677,7566.5,0.5057
2026-09-02T21:09:23,1788401363.1,Sky,rick,novelty_spent,0.2221,1788393786.1311488,7577.0,0.0134
2026-09-02T21:09:23,1788401363.1,Sky,rick,phasic,0.2127,1788393786.1305358,7577.0,0.0
2026-09-02T21:09:23,1788401363.1,Sky,rick,tonic,0.5471,1788394543.2358308,6819.9,0.3198
2026-09-02T21:09:23,1788401363.1,Sky,rick,valence_ema,0.5942,1788393786.0449677,7577.1,0.5057
2026-09-02T21:09:33,1788401373.7,Sky,rick,novelty_spent,0.2221,1788393786.1311488,7587.6,0.0134
2026-09-02T21:09:33,1788401373.7,Sky,rick,phasic,0.2127,1788393786.1305358,7587.6,0.0
2026-09-02T21:09:34,1788401373.7,Sky,rick,tonic,0.5471,1788394543.2358308,6830.5,0.3197
2026-09-02T21:09:34,1788401373.7,Sky,rick,valence_ema,0.5942,1788393786.0449677,7587.7,0.5057
2026-09-02T21:09:44,1788401384.3,Sky,rick,novelty_spent,0.2221,1788393786.1311488,7598.2,0.0133
2026-09-02T21:09:44,1788401384.3,Sky,rick,phasic,0.2127,1788393786.1305358,7598.2,0.0
2026-09-02T21:09:44,1788401384.3,Sky,rick,tonic,0.5471,1788394543.2358308,6841.1,0.3196
2026-09-02T21:09:44,1788401384.3,Sky,rick,valence_ema,0.5942,1788393786.0449677,7598.3,0.5056
2026-09-02T21:09:55,1788401394.9,Sky,rick,novelty_spent,0.2221,1788393786.1311488,7608.8,0.0133
2026-09-02T21:09:55,1788401394.9,Sky,rick,phasic,0.2127,1788393786.1305358,7608.8,0.0
2026-09-02T21:09:55,1788401394.9,Sky,rick,tonic,0.5471,1788394543.2358308,6851.7,0.3195
2026-09-02T21:09:55,1788401394.9,Sky,rick,valence_ema,0.5942,1788393786.0449677,7608.9,0.5056
2026-09-02T21:10:05,1788401405.5,Sky,rick,novelty_spent,0.2221,1788393786.1311488,7619.4,0.0132
2026-09-02T21:10:05,1788401405.5,Sky,rick,phasic,0.2127,1788393786.1305358,7619.4,0.0
2026-09-02T21:10:05,1788401405.5,Sky,rick,tonic,0.5471,1788394543.2358308,6862.3,0.3195
2026-09-02T21:10:05,1788401405.5,Sky,rick,valence_ema,0.5942,1788393786.0449677,7619.4,0.5056
2026-09-02T21:10:16,1788401416.1,Sky,rick,novelty_spent,0.2221,1788393786.1311488,7630.0,0.0132
2026-09-02T21:10:16,1788401416.1,Sky,rick,phasic,0.2127,1788393786.1305358,7630.0,0.0
2026-09-02T21:10:16,1788401416.1,Sky,rick,tonic,0.5471,1788394543.2358308,6872.9,0.3194
2026-09-02T21:10:16,1788401416.1,Sky,rick,valence_ema,0.5942,1788393786.0449677,7630.0,0.5056
2026-09-02T21:10:26,1788401426.7,Sky,rick,novelty_spent,0.2221,1788393786.1311488,7640.6,0.0131
2026-09-02T21:10:26,1788401426.7,Sky,rick,phasic,0.2127,1788393786.1305358,7640.6,0.0
2026-09-02T21:10:27,1788401426.7,Sky,rick,tonic,0.5471,1788394543.2358308,6883.5,0.3193
2026-09-02T21:10:27,1788401426.7,Sky,rick,valence_ema,0.5942,1788393786.0449677,7640.6,0.5056
2026-09-02T21:10:37,1788401437.3,Sky,rick,novelty_spent,0.2221,1788393786.1311488,7651.1,0.0131
2026-09-02T21:10:37,1788401437.3,Sky,rick,phasic,0.2127,1788393786.1305358,7651.1,0.0
2026-09-02T21:10:37,1788401437.3,Sky,rick,tonic,0.5471,1788394543.2358308,6894.0,0.3192
2026-09-02T21:10:37,1788401437.3,Sky,rick,valence_ema,0.5942,1788393786.0449677,7651.2,0.5055
2026-09-02T21:10:47,1788401447.9,Sky,rick,novelty_spent,0.2221,1788393786.1311488,7661.7,0.013
2026-09-02T21:10:48,1788401447.9,Sky,rick,phasic,0.2127,1788393786.1305358,7661.7,0.0
2026-09-02T21:10:48,1788401447.9,Sky,rick,tonic,0.5471,1788394543.2358308,6904.6,0.3192
2026-09-02T21:10:48,1788401447.9,Sky,rick,valence_ema,0.5942,1788393786.0449677,7661.8,0.5055
2026-09-02T21:10:58,1788401458.5,Sky,rick,novelty_spent,0.2221,1788393786.1311488,7672.3,0.013
2026-09-02T21:10:58,1788401458.5,Sky,rick,phasic,0.2127,1788393786.1305358,7672.3,0.0
2026-09-02T21:10:58,1788401458.5,Sky,rick,tonic,0.5471,1788394543.2358308,6915.2,0.3191
2026-09-02T21:10:58,1788401458.5,Sky,rick,valence_ema,0.5942,1788393786.0449677,7672.4,0.5055
2026-09-02T21:11:09,1788401469.1,Sky,rick,novelty_spent,0.2221,1788393786.1311488,7683.0,0.0129
2026-09-02T21:11:09,1788401469.1,Sky,rick,phasic,0.2127,1788393786.1305358,7683.0,0.0
2026-09-02T21:11:09,1788401469.1,Sky,rick,tonic,0.5471,1788394543.2358308,6925.8,0.319
2026-09-02T21:11:09,1788401469.1,Sky,rick,valence_ema,0.5942,1788393786.0449677,7683.0,0.5055
2026-09-02T21:11:19,1788401479.7,Sky,rick,novelty_spent,0.2221,1788393786.1311488,7693.5,0.0129
2026-09-02T21:11:19,1788401479.7,Sky,rick,phasic,0.2127,1788393786.1305358,7693.5,0.0
2026-09-02T21:11:20,1788401479.7,Sky,rick,tonic,0.5471,1788394543.2358308,6936.4,0.3189
2026-09-02T21:11:20,1788401479.7,Sky,rick,valence_ema,0.5942,1788393786.0449677,7693.6,0.5055
2026-09-02T21:11:30,1788401490.3,Sky,rick,novelty_spent,0.2221,1788393786.1311488,7704.2,0.0128
2026-09-02T21:11:30,1788401490.3,Sky,rick,phasic,0.2127,1788393786.1305358,7704.2,0.0
2026-09-02T21:11:30,1788401490.3,Sky,rick,tonic,0.5471,1788394543.2358308,6947.0,0.3189
2026-09-02T21:11:30,1788401490.3,Sky,rick,valence_ema,0.5942,1788393786.0449677,7704.2,0.5054
2026-09-02T21:11:41,1788401500.9,Sky,rick,novelty_spent,0.2221,1788393786.1311488,7714.8,0.0128
2026-09-02T21:11:41,1788401500.9,Sky,rick,phasic,0.2127,1788393786.1305358,7714.8,0.0
2026-09-02T21:11:41,1788401500.9,Sky,rick,tonic,0.5471,1788394543.2358308,6957.7,0.3188
2026-09-02T21:11:41,1788401500.9,Sky,rick,valence_ema,0.5942,1788393786.0449677,7714.9,0.5054
2026-09-02T21:11:51,1788401511.6,Sky,rick,novelty_spent,0.2221,1788393786.1311488,7725.5,0.0127
2026-09-02T21:11:51,1788401511.6,Sky,rick,phasic,0.2127,1788393786.1305358,7725.5,0.0
2026-09-02T21:11:51,1788401511.6,Sky,rick,tonic,0.5471,1788394543.2358308,6968.4,0.3187
2026-09-02T21:11:52,1788401511.6,Sky,rick,valence_ema,0.5942,1788393786.0449677,7725.6,0.5054
2026-09-02T21:12:02,1788401522.2,Sky,rick,novelty_spent,0.2221,1788393786.1311488,7736.0,0.0127
2026-09-02T21:12:02,1788401522.2,Sky,rick,phasic,0.2127,1788393786.1305358,7736.0,0.0
2026-09-02T21:12:02,1788401522.2,Sky,rick,tonic,0.5471,1788394543.2358308,6978.9,0.3186
2026-09-02T21:12:02,1788401522.2,Sky,rick,valence_ema,0.5942,1788393786.0449677,7736.1,0.5054
2026-09-02T21:12:12,1788401532.8,Sky,rick,novelty_spent,0.2221,1788393786.1311488,7746.7,0.0126
2026-09-02T21:12:13,1788401532.8,Sky,rick,phasic,0.2127,1788393786.1305358,7746.7,0.0
2026-09-02T21:12:13,1788401532.8,Sky,rick,tonic,0.5471,1788394543.2358308,6989.6,0.3186
2026-09-02T21:12:13,1788401532.8,Sky,rick,valence_ema,0.5942,1788393786.0449677,7746.7,0.5053
2026-09-02T21:12:23,1788401543.4,Sky,rick,novelty_spent,0.2221,1788393786.1311488,7757.3,0.0126
2026-09-02T21:12:23,1788401543.4,Sky,rick,phasic,0.2127,1788393786.1305358,7757.3,0.0
2026-09-02T21:12:23,1788401543.4,Sky,rick,tonic,0.5471,1788394543.2358308,7000.2,0.3185
2026-09-02T21:12:23,1788401543.4,Sky,rick,valence_ema,0.5942,1788393786.0449677,7757.3,0.5053
2026-09-02T21:12:34,1788401554.0,Sky,rick,novelty_spent,0.2221,1788393786.1311488,7767.9,0.0125
2026-09-02T21:12:34,1788401554.0,Sky,rick,phasic,0.2127,1788393786.1305358,7767.9,0.0
2026-09-02T21:12:34,1788401554.0,Sky,rick,tonic,0.5471,1788394543.2358308,7010.8,0.3184
2026-09-02T21:12:34,1788401554.0,Sky,rick,valence_ema,0.5942,1788393786.0449677,7767.9,0.5053
2026-09-02T21:12:44,1788401564.6,Sky,rick,novelty_spent,0.2221,1788393786.1311488,7778.5,0.0125
2026-09-02T21:12:44,1788401564.6,Sky,rick,phasic,0.2127,1788393786.1305358,7778.5,0.0
2026-09-02T21:12:44,1788401564.6,Sky,rick,tonic,0.5471,1788394543.2358308,7021.4,0.3183
2026-09-02T21:12:45,1788401564.6,Sky,rick,valence_ema,0.5942,1788393786.0449677,7778.6,0.5053
2026-09-02T21:12:55,1788401575.2,Sky,rick,novelty_spent,0.2221,1788393786.1311488,7789.0,0.0124
2026-09-02T21:12:55,1788401575.2,Sky,rick,phasic,0.2127,1788393786.1305358,7789.0,0.0
2026-09-02T21:12:55,1788401575.2,Sky,rick,tonic,0.5471,1788394543.2358308,7031.9,0.3183
2026-09-02T21:12:55,1788401575.2,Sky,rick,valence_ema,0.5942,1788393786.0449677,7789.1,0.5053
2026-09-02T21:13:05,1788401585.8,Sky,rick,novelty_spent,0.2221,1788393786.1311488,7799.6,0.0124
2026-09-02T21:13:05,1788401585.8,Sky,rick,phasic,0.2127,1788393786.1305358,7799.6,0.0
2026-09-02T21:13:06,1788401585.8,Sky,rick,tonic,0.5471,1788394543.2358308,7042.5,0.3182
2026-09-02T21:13:06,1788401585.8,Sky,rick,valence_ema,0.5942,1788393786.0449677,7799.7,0.5052
2026-09-02T21:13:16,1788401596.4,Sky,rick,novelty_spent,0.2221,1788393786.1311488,7810.2,0.0123
2026-09-02T21:13:16,1788401596.4,Sky,rick,phasic,0.2127,1788393786.1305358,7810.2,0.0
2026-09-02T21:13:16,1788401596.4,Sky,rick,tonic,0.5471,1788394543.2358308,7053.1,0.3181
2026-09-02T21:13:16,1788401596.4,Sky,rick,valence_ema,0.5942,1788393786.0449677,7810.3,0.5052
2026-09-02T21:13:27,1788401607.0,Sky,rick,novelty_spent,0.2221,1788393786.1311488,7820.8,0.0123
2026-09-02T21:13:27,1788401607.0,Sky,rick,phasic,0.2127,1788393786.1305358,7820.8,0.0
2026-09-02T21:13:27,1788401607.0,Sky,rick,tonic,0.5471,1788394543.2358308,7063.7,0.3181
2026-09-02T21:13:27,1788401607.0,Sky,rick,valence_ema,0.5942,1788393786.0449677,7820.9,0.5052
2026-09-02T21:13:37,1788401617.6,Sky,rick,novelty_spent,0.2221,1788393786.1311488,7831.4,0.0122
2026-09-02T21:13:37,1788401617.6,Sky,rick,phasic,0.2127,1788393786.1305358,7831.4,0.0
2026-09-02T21:13:37,1788401617.6,Sky,rick,tonic,0.5471,1788394543.2358308,7074.3,0.318
2026-09-02T21:13:38,1788401617.6,Sky,rick,valence_ema,0.5942,1788393786.0449677,7831.5,0.5052
2026-09-02T21:13:48,1788401628.2,Sky,rick,novelty_spent,0.2221,1788393786.1311488,7842.0,0.0122
2026-09-02T21:13:48,1788401628.2,Sky,rick,phasic,0.2127,1788393786.1305358,7842.0,0.0
2026-09-02T21:13:48,1788401628.2,Sky,rick,tonic,0.5471,1788394543.2358308,7084.9,0.3179
2026-09-02T21:13:48,1788401628.2,Sky,rick,valence_ema,0.5942,1788393786.0449677,7842.1,0.5052
2026-09-02T21:13:58,1788401638.8,Sky,rick,novelty_spent,0.2221,1788393786.1311488,7852.7,0.0121
2026-09-02T21:13:59,1788401638.8,Sky,rick,phasic,0.2127,1788393786.1305358,7852.7,0.0
2026-09-02T21:13:59,1788401638.8,Sky,rick,tonic,0.5471,1788394543.2358308,7095.5,0.3178
2026-09-02T21:13:59,1788401638.8,Sky,rick,valence_ema,0.5942,1788393786.0449677,7852.7,0.5051
2026-09-02T21:14:09,1788401649.4,Sky,rick,novelty_spent,0.2221,1788393786.1311488,7863.3,0.0121
2026-09-02T21:14:09,1788401649.4,Sky,rick,phasic,0.2127,1788393786.1305358,7863.3,0.0
2026-09-02T21:14:09,1788401649.4,Sky,rick,tonic,0.5471,1788394543.2358308,7106.2,0.3178
2026-09-02T21:14:09,1788401649.4,Sky,rick,valence_ema,0.5942,1788393786.0449677,7863.4,0.5051
2026-09-02T21:14:20,1788401660.0,Sky,rick,novelty_spent,0.2221,1788393786.1311488,7873.9,0.012
2026-09-02T21:14:20,1788401660.0,Sky,rick,phasic,0.2127,1788393786.1305358,7873.9,0.0
2026-09-02T21:14:20,1788401660.0,Sky,rick,tonic,0.5471,1788394543.2358308,7116.8,0.3177
2026-09-02T21:14:20,1788401660.0,Sky,rick,valence_ema,0.5942,1788393786.0449677,7874.0,0.5051
2026-09-02T21:14:30,1788401670.6,Sky,rick,novelty_spent,0.2221,1788393786.1311488,7884.5,0.012
2026-09-02T21:14:30,1788401670.6,Sky,rick,phasic,0.2127,1788393786.1305358,7884.5,0.0
2026-09-02T21:14:30,1788401670.6,Sky,rick,tonic,0.5471,1788394543.2358308,7127.4,0.3176
2026-09-02T21:14:31,1788401670.6,Sky,rick,valence_ema,0.5942,1788393786.0449677,7884.6,0.5051
2026-09-02T21:14:41,1788401681.2,Sky,rick,novelty_spent,0.2221,1788393786.1311488,7895.1,0.0119
2026-09-02T21:14:41,1788401681.2,Sky,rick,phasic,0.2127,1788393786.1305358,7895.1,0.0
2026-09-02T21:14:41,1788401681.2,Sky,rick,tonic,0.5471,1788394543.2358308,7138.0,0.3176
2026-09-02T21:14:41,1788401681.2,Sky,rick,valence_ema,0.5942,1788393786.0449677,7895.1,0.5051
2026-09-02T21:14:51,1788401691.8,Sky,rick,novelty_spent,0.2221,1788393786.1311488,7905.6,0.0119
2026-09-02T21:14:51,1788401691.8,Sky,rick,phasic,0.2127,1788393786.1305358,7905.6,0.0
2026-09-02T21:14:52,1788401691.8,Sky,rick,tonic,0.5471,1788394543.2358308,7148.5,0.3175
2026-09-02T21:14:52,1788401691.8,Sky,rick,valence_ema,0.5942,1788393786.0449677,7905.7,0.505
2026-09-02T21:15:02,1788401702.4,Sky,rick,novelty_spent,0.2221,1788393786.1311488,7916.2,0.0118
2026-09-02T21:15:02,1788401702.4,Sky,rick,phasic,0.2127,1788393786.1305358,7916.2,0.0
2026-09-02T21:15:02,1788401702.4,Sky,rick,tonic,0.5471,1788394543.2358308,7159.1,0.3174
2026-09-02T21:15:02,1788401702.4,Sky,rick,valence_ema,0.5942,1788393786.0449677,7916.3,0.505
2026-09-02T21:15:13,1788401713.0,Sky,rick,novelty_spent,0.2221,1788393786.1311488,7926.8,0.0118
2026-09-02T21:15:13,1788401713.0,Sky,rick,phasic,0.2127,1788393786.1305358,7926.8,0.0
2026-09-02T21:15:13,1788401713.0,Sky,rick,tonic,0.5471,1788394543.2358308,7169.7,0.3174
2026-09-02T21:15:13,1788401713.0,Sky,rick,valence_ema,0.5942,1788393786.0449677,7926.9,0.505
2026-09-02T21:15:23,1788401723.6,Sky,rick,novelty_spent,0.2221,1788393786.1311488,7937.4,0.0117
2026-09-02T21:15:23,1788401723.6,Sky,rick,phasic,0.2127,1788393786.1305358,7937.4,0.0
2026-09-02T21:15:23,1788401723.6,Sky,rick,tonic,0.5471,1788394543.2358308,7180.3,0.3173
2026-09-02T21:15:24,1788401723.6,Sky,rick,valence_ema,0.5942,1788393786.0449677,7937.5,0.505
2026-09-02T21:15:34,1788401734.2,Sky,rick,novelty_spent,0.2221,1788393786.1311488,7948.0,0.0117
2026-09-02T21:15:34,1788401734.2,Sky,rick,phasic,0.2127,1788393786.1305358,7948.0,0.0
2026-09-02T21:15:34,1788401734.2,Sky,rick,tonic,0.5471,1788394543.2358308,7190.9,0.3172
2026-09-02T21:15:34,1788401734.2,Sky,rick,valence_ema,0.5942,1788393786.0449677,7948.1,0.505
2026-09-02T21:15:44,1788401744.7,Sky,rick,novelty_spent,0.2221,1788393786.1311488,7958.6,0.0117
2026-09-02T21:15:44,1788401744.7,Sky,rick,phasic,0.2127,1788393786.1305358,7958.6,0.0
2026-09-02T21:15:45,1788401744.7,Sky,rick,tonic,0.5471,1788394543.2358308,7201.5,0.3172
2026-09-02T21:15:45,1788401744.7,Sky,rick,valence_ema,0.5942,1788393786.0449677,7958.7,0.5049
2026-09-02T21:15:55,1788401755.3,Sky,rick,novelty_spent,0.2221,1788393786.1311488,7969.2,0.0116
2026-09-02T21:15:55,1788401755.3,Sky,rick,phasic,0.2127,1788393786.1305358,7969.2,0.0
2026-09-02T21:15:55,1788401755.3,Sky,rick,tonic,0.5471,1788394543.2358308,7212.1,0.3171
2026-09-02T21:15:55,1788401755.3,Sky,rick,valence_ema,0.5942,1788393786.0449677,7969.3,0.5049
2026-09-02T21:16:06,1788401765.9,Sky,rick,novelty_spent,0.2221,1788393786.1311488,7979.8,0.0116
2026-09-02T21:16:06,1788401765.9,Sky,rick,phasic,0.2127,1788393786.1305358,7979.8,0.0
2026-09-02T21:16:06,1788401765.9,Sky,rick,tonic,0.5471,1788394543.2358308,7222.7,0.317
2026-09-02T21:16:06,1788401765.9,Sky,rick,valence_ema,0.5942,1788393786.0449677,7979.8,0.5049
2026-09-02T21:16:16,1788401776.4,Sky,rick,novelty_spent,0.2221,1788393786.1311488,7990.3,0.0115
2026-09-02T21:16:16,1788401776.4,Sky,rick,phasic,0.2127,1788393786.1305358,7990.3,0.0
2026-09-02T21:16:16,1788401776.4,Sky,rick,tonic,0.5471,1788394543.2358308,7233.2,0.317
2026-09-02T21:16:16,1788401776.4,Sky,rick,valence_ema,0.5942,1788393786.0449677,7990.4,0.5049
2026-09-02T21:16:27,1788401787.0,Sky,rick,novelty_spent,0.2221,1788393786.1311488,8000.9,0.0115
2026-09-02T21:16:27,1788401787.0,Sky,rick,phasic,0.2127,1788393786.1305358,8000.9,0.0
2026-09-02T21:16:27,1788401787.0,Sky,rick,tonic,0.5471,1788394543.2358308,7243.8,0.3169
2026-09-02T21:16:27,1788401787.0,Sky,rick,valence_ema,0.5942,1788393786.0449677,8001.0,0.5049
2026-09-02T21:16:37,1788401797.6,Sky,rick,novelty_spent,0.2221,1788393786.1311488,8011.5,0.0114
2026-09-02T21:16:37,1788401797.6,Sky,rick,phasic,0.2127,1788393786.1305358,8011.5,0.0
2026-09-02T21:16:37,1788401797.6,Sky,rick,tonic,0.5471,1788394543.2358308,7254.4,0.3168
2026-09-02T21:16:38,1788401797.6,Sky,rick,valence_ema,0.5942,1788393786.0449677,8011.6,0.5048
2026-09-02T21:16:48,1788401808.2,Sky,rick,novelty_spent,0.2221,1788393786.1311488,8022.0,0.0114
2026-09-02T21:16:48,1788401808.2,Sky,rick,phasic,0.2127,1788393786.1305358,8022.0,0.0
2026-09-02T21:16:48,1788401808.2,Sky,rick,tonic,0.5471,1788394543.2358308,7264.9,0.3168
2026-09-02T21:16:48,1788401808.2,Sky,rick,valence_ema,0.5942,1788393786.0449677,8022.1,0.5048
2026-09-02T21:16:58,1788401818.8,Sky,rick,novelty_spent,0.2221,1788393786.1311488,8032.6,0.0113
2026-09-02T21:16:59,1788401818.8,Sky,rick,phasic,0.2127,1788393786.1305358,8032.6,0.0
2026-09-02T21:16:59,1788401818.8,Sky,rick,tonic,0.5471,1788394543.2358308,7275.5,0.3167
2026-09-02T21:16:59,1788401818.8,Sky,rick,valence_ema,0.5942,1788393786.0449677,8032.7,0.5048
2026-09-02T21:17:09,1788401829.4,Sky,rick,novelty_spent,0.2221,1788393786.1311488,8043.3,0.0113
2026-09-02T21:17:09,1788401829.4,Sky,rick,phasic,0.2127,1788393786.1305358,8043.3,0.0
2026-09-02T21:17:09,1788401829.4,Sky,rick,tonic,0.5471,1788394543.2358308,7286.2,0.3166
2026-09-02T21:17:09,1788401829.4,Sky,rick,valence_ema,0.5942,1788393786.0449677,8043.4,0.5048
2026-09-02T21:17:20,1788401840.0,Sky,rick,novelty_spent,0.2221,1788393786.1311488,8053.9,0.0112
2026-09-02T21:17:20,1788401840.0,Sky,rick,phasic,0.2127,1788393786.1305358,8053.9,0.0
2026-09-02T21:17:20,1788401840.0,Sky,rick,tonic,0.5471,1788394543.2358308,7296.8,0.3166
2026-09-02T21:17:20,1788401840.0,Sky,rick,valence_ema,0.5942,1788393786.0449677,8054.0,0.5048
2026-09-02T21:17:30,1788401850.6,Sky,rick,novelty_spent,0.2221,1788393786.1311488,8064.5,0.0112
2026-09-02T21:17:30,1788401850.6,Sky,rick,phasic,0.2127,1788393786.1305358,8064.5,0.0
2026-09-02T21:17:30,1788401850.6,Sky,rick,tonic,0.5471,1788394543.2358308,7307.4,0.3165
2026-09-02T21:17:31,1788401850.6,Sky,rick,valence_ema,0.5942,1788393786.0449677,8064.6,0.5048
2026-09-02T21:17:41,1788401861.2,Sky,rick,novelty_spent,0.2221,1788393786.1311488,8075.1,0.0112
2026-09-02T21:17:41,1788401861.2,Sky,rick,phasic,0.2127,1788393786.1305358,8075.1,0.0
2026-09-02T21:17:41,1788401861.2,Sky,rick,tonic,0.5471,1788394543.2358308,7318.0,0.3164
2026-09-02T21:17:41,1788401861.2,Sky,rick,valence_ema,0.5942,1788393786.0449677,8075.2,0.5047
2026-09-02T21:17:51,1788401871.8,Sky,rick,novelty_spent,0.2221,1788393786.1311488,8085.6,0.0111
2026-09-02T21:17:51,1788401871.8,Sky,rick,phasic,0.2127,1788393786.1305358,8085.6,0.0
2026-09-02T21:17:52,1788401871.8,Sky,rick,tonic,0.5471,1788394543.2358308,7328.5,0.3164
2026-09-02T21:17:52,1788401871.8,Sky,rick,valence_ema,0.5942,1788393786.0449677,8085.7,0.5047
2026-09-02T21:18:02,1788401882.3,Sky,rick,novelty_spent,0.2221,1788393786.1311488,8096.2,0.0111
2026-09-02T21:18:02,1788401882.3,Sky,rick,phasic,0.2127,1788393786.1305358,8096.2,0.0
2026-09-02T21:18:02,1788401882.3,Sky,rick,tonic,0.5471,1788394543.2358308,7339.1,0.3163
2026-09-02T21:18:02,1788401882.3,Sky,rick,valence_ema,0.5942,1788393786.0449677,8096.3,0.5047
2026-09-02T21:18:13,1788401892.9,Sky,rick,novelty_spent,0.2221,1788393786.1311488,8106.8,0.011
2026-09-02T21:18:13,1788401892.9,Sky,rick,phasic,0.2127,1788393786.1305358,8106.8,0.0
2026-09-02T21:18:13,1788401892.9,Sky,rick,tonic,0.5471,1788394543.2358308,7349.7,0.3162
2026-09-02T21:18:13,1788401892.9,Sky,rick,valence_ema,0.5942,1788393786.0449677,8106.9,0.5047
2026-09-02T21:18:23,1788401903.5,Sky,rick,novelty_spent,0.2221,1788393786.1311488,8117.4,0.011
2026-09-02T21:18:23,1788401903.5,Sky,rick,phasic,0.2127,1788393786.1305358,8117.4,0.0
2026-09-02T21:18:23,1788401903.5,Sky,rick,tonic,0.5471,1788394543.2358308,7360.3,0.3162
2026-09-02T21:18:23,1788401903.5,Sky,rick,valence_ema,0.5942,1788393786.0449677,8117.4,0.5047
2026-09-02T21:18:34,1788401914.1,Sky,rick,novelty_spent,0.2221,1788393786.1311488,8128.0,0.0109
2026-09-02T21:18:34,1788401914.1,Sky,rick,phasic,0.2127,1788393786.1305358,8128.0,0.0
2026-09-02T21:18:34,1788401914.1,Sky,rick,tonic,0.5471,1788394543.2358308,7370.9,0.3161
2026-09-02T21:18:34,1788401914.1,Sky,rick,valence_ema,0.5942,1788393786.0449677,8128.1,0.5046
2026-09-02T21:18:44,1788401924.7,Sky,rick,novelty_spent,0.2221,1788393786.1311488,8138.6,0.0109
2026-09-02T21:18:44,1788401924.7,Sky,rick,phasic,0.2127,1788393786.1305358,8138.6,0.0
2026-09-02T21:18:45,1788401924.7,Sky,rick,tonic,0.5471,1788394543.2358308,7381.5,0.3161
2026-09-02T21:18:45,1788401924.7,Sky,rick,valence_ema,0.5942,1788393786.0449677,8138.7,0.5046
2026-09-02T21:18:55,1788401935.4,Sky,rick,novelty_spent,0.2221,1788393786.1311488,8149.2,0.0109
2026-09-02T21:18:55,1788401935.4,Sky,rick,phasic,0.2127,1788393786.1305358,8149.2,0.0
2026-09-02T21:18:55,1788401935.4,Sky,rick,tonic,0.5471,1788394543.2358308,7392.1,0.316
2026-09-02T21:18:55,1788401935.4,Sky,rick,valence_ema,0.5942,1788393786.0449677,8149.3,0.5046
2026-09-02T21:19:06,1788401946.0,Sky,rick,novelty_spent,0.2221,1788393786.1311488,8159.8,0.0108
2026-09-02T21:19:06,1788401946.0,Sky,rick,phasic,0.2127,1788393786.1305358,8159.8,0.0
2026-09-02T21:19:06,1788401946.0,Sky,rick,tonic,0.5471,1788394543.2358308,7402.7,0.3159
2026-09-02T21:19:06,1788401946.0,Sky,rick,valence_ema,0.5942,1788393786.0449677,8159.9,0.5046
2026-09-02T21:19:16,1788401956.6,Sky,rick,novelty_spent,0.2221,1788393786.1311488,8170.5,0.0108
2026-09-02T21:19:16,1788401956.6,Sky,rick,phasic,0.2127,1788393786.1305358,8170.5,0.0
2026-09-02T21:19:16,1788401956.6,Sky,rick,tonic,0.5471,1788394543.2358308,7413.4,0.3159
2026-09-02T21:19:17,1788401956.6,Sky,rick,valence_ema,0.5942,1788393786.0449677,8170.5,0.5046
2026-09-02T21:19:27,1788401967.2,Sky,rick,novelty_spent,0.2221,1788393786.1311488,8181.0,0.0107
2026-09-02T21:19:27,1788401967.2,Sky,rick,phasic,0.2127,1788393786.1305358,8181.0,0.0
2026-09-02T21:19:27,1788401967.2,Sky,rick,tonic,0.5471,1788394543.2358308,7423.9,0.3158
2026-09-02T21:19:27,1788401967.2,Sky,rick,valence_ema,0.5942,1788393786.0449677,8181.1,0.5046
2026-09-02T21:19:37,1788401977.7,Sky,rick,novelty_spent,0.2221,1788393786.1311488,8191.6,0.0107
2026-09-02T21:19:37,1788401977.7,Sky,rick,phasic,0.2127,1788393786.1305358,8191.6,0.0
2026-09-02T21:19:38,1788401977.7,Sky,rick,tonic,0.5471,1788394543.2358308,7434.5,0.3157
2026-09-02T21:19:38,1788401977.7,Sky,rick,valence_ema,0.5942,1788393786.0449677,8191.7,0.5045
2026-09-02T21:19:48,1788401988.3,Sky,rick,novelty_spent,0.2221,1788393786.1311488,8202.2,0.0106
2026-09-02T21:19:48,1788401988.3,Sky,rick,phasic,0.2127,1788393786.1305358,8202.2,0.0
2026-09-02T21:19:48,1788401988.3,Sky,rick,tonic,0.5471,1788394543.2358308,7445.1,0.3157
2026-09-02T21:19:48,1788401988.3,Sky,rick,valence_ema,0.5942,1788393786.0449677,8202.3,0.5045
2026-09-02T21:19:59,1788401998.9,Sky,rick,novelty_spent,0.2221,1788393786.1311488,8212.8,0.0106
2026-09-02T21:19:59,1788401998.9,Sky,rick,phasic,0.2127,1788393786.1305358,8212.8,0.0
2026-09-02T21:19:59,1788401998.9,Sky,rick,tonic,0.5471,1788394543.2358308,7455.7,0.3156
2026-09-02T21:19:59,1788401998.9,Sky,rick,valence_ema,0.5942,1788393786.0449677,8212.9,0.5045
2026-09-02T21:20:09,1788402009.5,Sky,rick,novelty_spent,0.2221,1788393786.1311488,8223.4,0.0106
2026-09-02T21:20:09,1788402009.5,Sky,rick,phasic,0.2127,1788393786.1305358,8223.4,0.0
2026-09-02T21:20:09,1788402009.5,Sky,rick,tonic,0.5471,1788394543.2358308,7466.3,0.3156
2026-09-02T21:20:10,1788402009.5,Sky,rick,valence_ema,0.5942,1788393786.0449677,8223.5,0.5045
2026-09-02T21:20:20,1788402020.2,Sky,rick,novelty_spent,0.2221,1788393786.1311488,8234.0,0.0105
2026-09-02T21:20:20,1788402020.2,Sky,rick,phasic,0.2127,1788393786.1305358,8234.0,0.0
2026-09-02T21:20:20,1788402020.2,Sky,rick,tonic,0.5471,1788394543.2358308,7476.9,0.3155
2026-09-02T21:20:20,1788402020.2,Sky,rick,valence_ema,0.5942,1788393786.0449677,8234.1,0.5045
2026-09-02T21:20:30,1788402030.8,Sky,rick,novelty_spent,0.2221,1788393786.1311488,8244.6,0.0105
2026-09-02T21:20:31,1788402030.8,Sky,rick,phasic,0.2127,1788393786.1305358,8244.6,0.0
2026-09-02T21:20:31,1788402030.8,Sky,rick,tonic,0.5471,1788394543.2358308,7487.5,0.3154
2026-09-02T21:20:31,1788402030.8,Sky,rick,valence_ema,0.5942,1788393786.0449677,8244.7,0.5044
2026-09-02T21:20:41,1788402041.4,Sky,rick,novelty_spent,0.2221,1788393786.1311488,8255.2,0.0104
2026-09-02T21:20:41,1788402041.4,Sky,rick,phasic,0.2127,1788393786.1305358,8255.2,0.0
2026-09-02T21:20:41,1788402041.4,Sky,rick,tonic,0.5471,1788394543.2358308,7498.1,0.3154
2026-09-02T21:20:41,1788402041.4,Sky,rick,valence_ema,0.5942,1788393786.0449677,8255.3,0.5044
2026-09-02T21:20:52,1788402051.9,Sky,rick,novelty_spent,0.2221,1788393786.1311488,8265.8,0.0104
2026-09-02T21:20:52,1788402051.9,Sky,rick,phasic,0.2127,1788393786.1305358,8265.8,0.0
2026-09-02T21:20:52,1788402051.9,Sky,rick,tonic,0.5471,1788394543.2358308,7508.7,0.3153
2026-09-02T21:20:52,1788402051.9,Sky,rick,valence_ema,0.5942,1788393786.0449677,8265.9,0.5044
2026-09-02T21:21:02,1788402062.5,Sky,rick,novelty_spent,0.2221,1788393786.1311488,8276.4,0.0104
2026-09-02T21:21:02,1788402062.5,Sky,rick,phasic,0.2127,1788393786.1305358,8276.4,0.0
2026-09-02T21:21:02,1788402062.5,Sky,rick,tonic,0.5471,1788394543.2358308,7519.3,0.3153
2026-09-02T21:21:02,1788402062.5,Sky,rick,valence_ema,0.5942,1788393786.0449677,8276.5,0.5044
2026-09-02T21:21:13,1788402073.1,Sky,rick,novelty_spent,0.2221,1788393786.1311488,8287.0,0.0103
2026-09-02T21:21:13,1788402073.1,Sky,rick,phasic,0.2127,1788393786.1305358,8287.0,0.0
2026-09-02T21:21:13,1788402073.1,Sky,rick,tonic,0.5471,1788394543.2358308,7529.9,0.3152
2026-09-02T21:21:13,1788402073.1,Sky,rick,valence_ema,0.5942,1788393786.0449677,8287.1,0.5044
2026-09-02T21:21:23,1788402083.7,Sky,rick,novelty_spent,0.2221,1788393786.1311488,8297.6,0.0103
2026-09-02T21:21:23,1788402083.7,Sky,rick,phasic,0.2127,1788393786.1305358,8297.6,0.0
2026-09-02T21:21:24,1788402083.7,Sky,rick,tonic,0.5471,1788394543.2358308,7540.5,0.3151
2026-09-02T21:21:24,1788402083.7,Sky,rick,valence_ema,0.5942,1788393786.0449677,8297.7,0.5044
2026-09-02T21:21:34,1788402094.4,Sky,rick,novelty_spent,0.2221,1788393786.1311488,8308.2,0.0102
2026-09-02T21:21:34,1788402094.4,Sky,rick,phasic,0.2127,1788393786.1305358,8308.2,0.0
2026-09-02T21:21:34,1788402094.4,Sky,rick,tonic,0.5471,1788394543.2358308,7551.1,0.3151
2026-09-02T21:21:34,1788402094.4,Sky,rick,valence_ema,0.5942,1788393786.0449677,8308.3,0.5043
2026-09-02T21:21:45,1788402105.0,Sky,rick,novelty_spent,0.2221,1788393786.1311488,8318.9,0.0102
2026-09-02T21:21:45,1788402105.0,Sky,rick,phasic,0.2127,1788393786.1305358,8318.9,0.0
2026-09-02T21:21:45,1788402105.0,Sky,rick,tonic,0.5471,1788394543.2358308,7561.8,0.315
2026-09-02T21:21:45,1788402105.0,Sky,rick,valence_ema,0.5942,1788393786.0449677,8319.0,0.5043
2026-09-02T21:21:55,1788402115.6,Sky,rick,novelty_spent,0.2221,1788393786.1311488,8329.4,0.0102
2026-09-02T21:21:55,1788402115.6,Sky,rick,phasic,0.2127,1788393786.1305358,8329.4,0.0
2026-09-02T21:21:55,1788402115.6,Sky,rick,tonic,0.5471,1788394543.2358308,7572.3,0.315
2026-09-02T21:21:56,1788402115.6,Sky,rick,valence_ema,0.5942,1788393786.0449677,8329.5,0.5043
2026-09-02T21:22:06,1788402126.2,Sky,rick,novelty_spent,0.2221,1788393786.1311488,8340.0,0.0101
2026-09-02T21:22:06,1788402126.2,Sky,rick,phasic,0.2127,1788393786.1305358,8340.0,0.0
2026-09-02T21:22:06,1788402126.2,Sky,rick,tonic,0.5471,1788394543.2358308,7582.9,0.3149
2026-09-02T21:22:06,1788402126.2,Sky,rick,valence_ema,0.5942,1788393786.0449677,8340.1,0.5043
2026-09-02T21:22:16,1788402136.8,Sky,rick,novelty_spent,0.2221,1788393786.1311488,8350.6,0.0101
2026-09-02T21:22:17,1788402136.8,Sky,rick,phasic,0.2127,1788393786.1305358,8350.6,0.0
2026-09-02T21:22:17,1788402136.8,Sky,rick,tonic,0.5471,1788394543.2358308,7593.5,0.3148
2026-09-02T21:22:17,1788402136.8,Sky,rick,valence_ema,0.5942,1788393786.0449677,8350.7,0.5043
2026-09-02T21:22:27,1788402147.4,Sky,rick,novelty_spent,0.2221,1788393786.1311488,8361.2,0.01
2026-09-02T21:22:27,1788402147.4,Sky,rick,phasic,0.2127,1788393786.1305358,8361.2,0.0
2026-09-02T21:22:27,1788402147.4,Sky,rick,tonic,0.5471,1788394543.2358308,7604.1,0.3148
2026-09-02T21:22:27,1788402147.4,Sky,rick,valence_ema,0.5942,1788393786.0449677,8361.3,0.5043
2026-09-02T21:22:38,1788402157.9,Sky,rick,novelty_spent,0.2221,1788393786.1311488,8371.8,0.01
2026-09-02T21:22:38,1788402157.9,Sky,rick,phasic,0.2127,1788393786.1305358,8371.8,0.0
2026-09-02T21:22:38,1788402157.9,Sky,rick,tonic,0.5471,1788394543.2358308,7614.7,0.3147
2026-09-02T21:22:38,1788402157.9,Sky,rick,valence_ema,0.5942,1788393786.0449677,8371.9,0.5042
2026-09-02T21:22:48,1788402168.5,Sky,rick,novelty_spent,0.2221,1788393786.1311488,8382.4,0.01
2026-09-02T21:22:48,1788402168.5,Sky,rick,phasic,0.2127,1788393786.1305358,8382.4,0.0
2026-09-02T21:22:48,1788402168.5,Sky,rick,tonic,0.5471,1788394543.2358308,7625.3,0.3147
2026-09-02T21:22:48,1788402168.5,Sky,rick,valence_ema,0.5942,1788393786.0449677,8382.4,0.5042
2026-09-02T21:22:59,1788402179.1,Sky,rick,novelty_spent,0.2221,1788393786.1311488,8393.0,0.0099
2026-09-02T21:22:59,1788402179.1,Sky,rick,phasic,0.2127,1788393786.1305358,8393.0,0.0
2026-09-02T21:22:59,1788402179.1,Sky,rick,tonic,0.5471,1788394543.2358308,7635.9,0.3146
2026-09-02T21:22:59,1788402179.1,Sky,rick,valence_ema,0.5942,1788393786.0449677,8393.1,0.5042
2026-09-02T21:23:09,1788402189.7,Sky,rick,novelty_spent,0.2221,1788393786.1311488,8403.6,0.0099
2026-09-02T21:23:09,1788402189.7,Sky,rick,phasic,0.2127,1788393786.1305358,8403.6,0.0
2026-09-02T21:23:10,1788402189.7,Sky,rick,tonic,0.5471,1788394543.2358308,7646.5,0.3146
2026-09-02T21:23:10,1788402189.7,Sky,rick,valence_ema,0.5942,1788393786.0449677,8403.7,0.5042
2026-09-02T21:23:20,1788402200.3,Sky,rick,novelty_spent,0.2221,1788393786.1311488,8414.2,0.0098
2026-09-02T21:23:20,1788402200.3,Sky,rick,phasic,0.2127,1788393786.1305358,8414.2,0.0
2026-09-02T21:23:20,1788402200.3,Sky,rick,tonic,0.5471,1788394543.2358308,7657.1,0.3145
2026-09-02T21:23:20,1788402200.3,Sky,rick,valence_ema,0.5942,1788393786.0449677,8414.3,0.5042
2026-09-02T21:23:31,1788402210.9,Sky,rick,novelty_spent,0.2221,1788393786.1311488,8424.8,0.0098
2026-09-02T21:23:31,1788402210.9,Sky,rick,phasic,0.2127,1788393786.1305358,8424.8,0.0
2026-09-02T21:23:31,1788402210.9,Sky,rick,tonic,0.5471,1788394543.2358308,7667.7,0.3144
2026-09-02T21:23:31,1788402210.9,Sky,rick,valence_ema,0.5942,1788393786.0449677,8424.9,0.5042
2026-09-02T21:23:41,1788402221.6,Sky,rick,novelty_spent,0.2221,1788393786.1311488,8435.4,0.0098
2026-09-02T21:23:41,1788402221.6,Sky,rick,phasic,0.2127,1788393786.1305358,8435.4,0.0
2026-09-02T21:23:41,1788402221.6,Sky,rick,tonic,0.5471,1788394543.2358308,7678.3,0.3144
2026-09-02T21:23:42,1788402221.6,Sky,rick,valence_ema,0.5942,1788393786.0449677,8435.5,0.5041
2026-09-02T21:23:52,1788402232.2,Sky,rick,novelty_spent,0.2221,1788393786.1311488,8446.1,0.0097
2026-09-02T21:23:52,1788402232.2,Sky,rick,phasic,0.2127,1788393786.1305358,8446.1,0.0
2026-09-02T21:23:52,1788402232.2,Sky,rick,tonic,0.5471,1788394543.2358308,7689.0,0.3143
2026-09-02T21:23:52,1788402232.2,Sky,rick,valence_ema,0.5942,1788393786.0449677,8446.2,0.5041
2026-09-02T21:24:02,1788402242.8,Sky,rick,novelty_spent,0.2221,1788393786.1311488,8456.7,0.0097
2026-09-02T21:24:03,1788402242.8,Sky,rick,phasic,0.2127,1788393786.1305358,8456.7,0.0
2026-09-02T21:24:03,1788402242.8,Sky,rick,tonic,0.5471,1788394543.2358308,7699.6,0.3143
2026-09-02T21:24:03,1788402242.8,Sky,rick,valence_ema,0.5942,1788393786.0449677,8456.8,0.5041
2026-09-02T21:24:13,1788402253.4,Sky,rick,novelty_spent,0.2221,1788393786.1311488,8467.3,0.0097
2026-09-02T21:24:13,1788402253.4,Sky,rick,phasic,0.2127,1788393786.1305358,8467.3,0.0
2026-09-02T21:24:13,1788402253.4,Sky,rick,tonic,0.5471,1788394543.2358308,7710.2,0.3142
2026-09-02T21:24:13,1788402253.4,Sky,rick,valence_ema,0.5942,1788393786.0449677,8467.4,0.5041
2026-09-02T21:24:24,1788402264.0,Sky,rick,novelty_spent,0.2221,1788393786.1311488,8477.9,0.0096
2026-09-02T21:24:24,1788402264.0,Sky,rick,phasic,0.2127,1788393786.1305358,8477.9,0.0
2026-09-02T21:24:24,1788402264.0,Sky,rick,tonic,0.5471,1788394543.2358308,7720.8,0.3142
2026-09-02T21:24:24,1788402264.0,Sky,rick,valence_ema,0.5942,1788393786.0449677,8478.0,0.5041
2026-09-02T21:24:34,1788402274.6,Sky,rick,novelty_spent,0.2221,1788393786.1311488,8488.5,0.0096
2026-09-02T21:24:34,1788402274.6,Sky,rick,phasic,0.2127,1788393786.1305358,8488.5,0.0
2026-09-02T21:24:34,1788402274.6,Sky,rick,tonic,0.5471,1788394543.2358308,7731.4,0.3141
2026-09-02T21:24:35,1788402274.6,Sky,rick,valence_ema,0.5942,1788393786.0449677,8488.5,0.5041
2026-09-02T21:24:45,1788402285.2,Sky,rick,novelty_spent,0.2221,1788393786.1311488,8499.0,0.0095
2026-09-02T21:24:45,1788402285.2,Sky,rick,phasic,0.2127,1788393786.1305358,8499.0,0.0
2026-09-02T21:24:45,1788402285.2,Sky,rick,tonic,0.5471,1788394543.2358308,7741.9,0.314
2026-09-02T21:24:45,1788402285.2,Sky,rick,valence_ema,0.5942,1788393786.0449677,8499.1,0.504
2026-09-02T21:24:55,1788402295.8,Sky,rick,novelty_spent,0.2221,1788393786.1311488,8509.6,0.0095
2026-09-02T21:24:56,1788402295.8,Sky,rick,phasic,0.2127,1788393786.1305358,8509.6,0.0
2026-09-02T21:24:56,1788402295.8,Sky,rick,tonic,0.5471,1788394543.2358308,7752.5,0.314
2026-09-02T21:24:56,1788402295.8,Sky,rick,valence_ema,0.5942,1788393786.0449677,8509.7,0.504
2026-09-02T21:25:06,1788402306.3,Sky,rick,novelty_spent,0.2221,1788393786.1311488,8520.2,0.0095
2026-09-02T21:25:06,1788402306.3,Sky,rick,phasic,0.2127,1788393786.1305358,8520.2,0.0
2026-09-02T21:25:06,1788402306.3,Sky,rick,tonic,0.5471,1788394543.2358308,7763.1,0.3139
2026-09-02T21:25:06,1788402306.3,Sky,rick,valence_ema,0.5942,1788393786.0449677,8520.3,0.504
2026-09-02T21:25:17,1788402316.9,Sky,rick,novelty_spent,0.2221,1788393786.1311488,8530.8,0.0094
2026-09-02T21:25:17,1788402316.9,Sky,rick,phasic,0.2127,1788393786.1305358,8530.8,0.0
2026-09-02T21:25:17,1788402316.9,Sky,rick,tonic,0.5471,1788394543.2358308,7773.7,0.3139
2026-09-02T21:25:17,1788402316.9,Sky,rick,valence_ema,0.5942,1788393786.0449677,8530.9,0.504
2026-09-02T21:25:27,1788402327.6,Sky,rick,novelty_spent,0.2221,1788393786.1311488,8541.4,0.0094
2026-09-02T21:25:27,1788402327.6,Sky,rick,phasic,0.2127,1788393786.1305358,8541.4,0.0
2026-09-02T21:25:27,1788402327.6,Sky,rick,tonic,0.5471,1788394543.2358308,7784.3,0.3138
2026-09-02T21:25:28,1788402327.6,Sky,rick,valence_ema,0.5942,1788393786.0449677,8541.5,0.504
2026-09-02T21:25:38,1788402338.2,Sky,rick,novelty_spent,0.2221,1788393786.1311488,8552.0,0.0094
2026-09-02T21:25:38,1788402338.2,Sky,rick,phasic,0.2127,1788393786.1305358,8552.0,0.0
2026-09-02T21:25:38,1788402338.2,Sky,rick,tonic,0.5471,1788394543.2358308,7794.9,0.3138
2026-09-02T21:25:38,1788402338.2,Sky,rick,valence_ema,0.5942,1788393786.0449677,8552.1,0.504
2026-09-02T21:25:48,1788402348.8,Sky,rick,novelty_spent,0.2221,1788393786.1311488,8562.7,0.0093
2026-09-02T21:25:49,1788402348.8,Sky,rick,phasic,0.2127,1788393786.1305358,8562.7,0.0
2026-09-02T21:25:49,1788402348.8,Sky,rick,tonic,0.5471,1788394543.2358308,7805.5,0.3137
2026-09-02T21:25:49,1788402348.8,Sky,rick,valence_ema,0.5942,1788393786.0449677,8562.7,0.504
2026-09-02T21:25:59,1788402359.4,Sky,rick,novelty_spent,0.2221,1788393786.1311488,8573.2,0.0093
2026-09-02T21:25:59,1788402359.4,Sky,rick,phasic,0.2127,1788393786.1305358,8573.2,0.0
2026-09-02T21:25:59,1788402359.4,Sky,rick,tonic,0.5471,1788394543.2358308,7816.1,0.3137
2026-09-02T21:25:59,1788402359.4,Sky,rick,valence_ema,0.5942,1788393786.0449677,8573.3,0.5039
2026-09-02T21:26:10,1788402370.0,Sky,rick,novelty_spent,0.2221,1788393786.1311488,8583.9,0.0092
2026-09-02T21:26:10,1788402370.0,Sky,rick,phasic,0.2127,1788393786.1305358,8583.9,0.0
2026-09-02T21:26:10,1788402370.0,Sky,rick,tonic,0.5471,1788394543.2358308,7826.8,0.3136
2026-09-02T21:26:10,1788402370.0,Sky,rick,valence_ema,0.5942,1788393786.0449677,8584.0,0.5039
2026-09-02T21:26:20,1788402380.6,Sky,rick,novelty_spent,0.2221,1788393786.1311488,8594.5,0.0092
2026-09-02T21:26:20,1788402380.6,Sky,rick,phasic,0.2127,1788393786.1305358,8594.5,0.0
2026-09-02T21:26:20,1788402380.6,Sky,rick,tonic,0.5471,1788394543.2358308,7837.4,0.3136
2026-09-02T21:26:21,1788402380.6,Sky,rick,valence_ema,0.5942,1788393786.0449677,8594.6,0.5039
2026-09-02T21:26:31,1788402391.2,Sky,rick,novelty_spent,0.2221,1788393786.1311488,8605.1,0.0092
2026-09-02T21:26:31,1788402391.2,Sky,rick,phasic,0.2127,1788393786.1305358,8605.1,0.0
2026-09-02T21:26:31,1788402391.2,Sky,rick,tonic,0.5471,1788394543.2358308,7848.0,0.3135
2026-09-02T21:26:31,1788402391.2,Sky,rick,valence_ema,0.5942,1788393786.0449677,8605.2,0.5039
2026-09-02T21:26:41,1788402401.8,Sky,rick,novelty_spent,0.2221,1788393786.1311488,8615.7,0.0091
2026-09-02T21:26:42,1788402401.8,Sky,rick,phasic,0.2127,1788393786.1305358,8615.7,0.0
2026-09-02T21:26:42,1788402401.8,Sky,rick,tonic,0.5471,1788394543.2358308,7858.6,0.3135
2026-09-02T21:26:42,1788402401.8,Sky,rick,valence_ema,0.5942,1788393786.0449677,8615.8,0.5039
2026-09-02T21:26:52,1788402412.4,Sky,rick,novelty_spent,0.2221,1788393786.1311488,8626.3,0.0091
2026-09-02T21:26:52,1788402412.4,Sky,rick,phasic,0.2127,1788393786.1305358,8626.3,0.0
2026-09-02T21:26:52,1788402412.4,Sky,rick,tonic,0.5471,1788394543.2358308,7869.2,0.3134
2026-09-02T21:26:52,1788402412.4,Sky,rick,valence_ema,0.5942,1788393786.0449677,8626.4,0.5039
2026-09-02T21:27:03,1788402423.0,Sky,rick,novelty_spent,0.2221,1788393786.1311488,8636.9,0.0091
2026-09-02T21:27:03,1788402423.0,Sky,rick,phasic,0.2127,1788393786.1305358,8636.9,0.0
2026-09-02T21:27:03,1788402423.0,Sky,rick,tonic,0.5471,1788394543.2358308,7879.8,0.3133
2026-09-02T21:27:03,1788402423.0,Sky,rick,valence_ema,0.5942,1788393786.0449677,8637.0,0.5038
2026-09-02T21:27:13,1788402433.6,Sky,rick,novelty_spent,0.2221,1788393786.1311488,8647.5,0.009
2026-09-02T21:27:13,1788402433.6,Sky,rick,phasic,0.2127,1788393786.1305358,8647.5,0.0
2026-09-02T21:27:13,1788402433.6,Sky,rick,tonic,0.5471,1788394543.2358308,7890.4,0.3133
2026-09-02T21:27:14,1788402433.6,Sky,rick,valence_ema,0.5942,1788393786.0449677,8647.6,0.5038
2026-09-02T21:27:24,1788402444.2,Sky,rick,novelty_spent,0.2221,1788393786.1311488,8658.1,0.009
2026-09-02T21:27:24,1788402444.2,Sky,rick,phasic,0.2127,1788393786.1305358,8658.1,0.0
2026-09-02T21:27:24,1788402444.2,Sky,rick,tonic,0.5471,1788394543.2358308,7901.0,0.3132
2026-09-02T21:27:24,1788402444.2,Sky,rick,valence_ema,0.5942,1788393786.0449677,8658.2,0.5038
2026-09-02T21:27:34,1788402454.8,Sky,rick,novelty_spent,0.2221,1788393786.1311488,8668.7,0.009
2026-09-02T21:27:35,1788402454.8,Sky,rick,phasic,0.2127,1788393786.1305358,8668.7,0.0
2026-09-02T21:27:35,1788402454.8,Sky,rick,tonic,0.5471,1788394543.2358308,7911.6,0.3132
2026-09-02T21:27:35,1788402454.8,Sky,rick,valence_ema,0.5942,1788393786.0449677,8668.8,0.5038
2026-09-02T21:27:45,1788402465.4,Sky,rick,novelty_spent,0.2221,1788393786.1311488,8679.3,0.0089
2026-09-02T21:27:45,1788402465.4,Sky,rick,phasic,0.2127,1788393786.1305358,8679.3,0.0
2026-09-02T21:27:45,1788402465.4,Sky,rick,tonic,0.5471,1788394543.2358308,7922.2,0.3131
2026-09-02T21:27:45,1788402465.4,Sky,rick,valence_ema,0.5942,1788393786.0449677,8679.4,0.5038
2026-09-02T21:27:56,1788402476.0,Sky,rick,novelty_spent,0.2221,1788393786.1311488,8689.9,0.0089
2026-09-02T21:27:56,1788402476.0,Sky,rick,phasic,0.2127,1788393786.1305358,8689.9,0.0
2026-09-02T21:27:56,1788402476.0,Sky,rick,tonic,0.5471,1788394543.2358308,7932.8,0.3131
2026-09-02T21:27:56,1788402476.0,Sky,rick,valence_ema,0.5942,1788393786.0449677,8690.0,0.5038
2026-09-02T21:28:06,1788402486.7,Sky,rick,novelty_spent,0.2221,1788393786.1311488,8700.5,0.0089
2026-09-02T21:28:06,1788402486.7,Sky,rick,phasic,0.2127,1788393786.1305358,8700.5,0.0
2026-09-02T21:28:07,1788402486.7,Sky,rick,tonic,0.5471,1788394543.2358308,7943.4,0.313
2026-09-02T21:28:07,1788402486.7,Sky,rick,valence_ema,0.5942,1788393786.0449677,8700.6,0.5038
2026-09-02T21:28:17,1788402497.3,Sky,rick,novelty_spent,0.2221,1788393786.1311488,8711.2,0.0088
2026-09-02T21:28:17,1788402497.3,Sky,rick,phasic,0.2127,1788393786.1305358,8711.2,0.0
2026-09-02T21:28:17,1788402497.3,Sky,rick,tonic,0.5471,1788394543.2358308,7954.1,0.313
2026-09-02T21:28:17,1788402497.3,Sky,rick,valence_ema,0.5942,1788393786.0449677,8711.3,0.5037
2026-09-02T21:28:28,1788402507.9,Sky,rick,novelty_spent,0.2221,1788393786.1311488,8721.8,0.0088
2026-09-02T21:28:28,1788402507.9,Sky,rick,phasic,0.2127,1788393786.1305358,8721.8,0.0
2026-09-02T21:28:28,1788402507.9,Sky,rick,tonic,0.5471,1788394543.2358308,7964.7,0.3129
2026-09-02T21:28:28,1788402507.9,Sky,rick,valence_ema,0.5942,1788393786.0449677,8721.9,0.5037
2026-09-02T21:28:38,1788402518.6,Sky,rick,novelty_spent,0.2221,1788393786.1311488,8732.4,0.0087
2026-09-02T21:28:38,1788402518.6,Sky,rick,phasic,0.2127,1788393786.1305358,8732.4,0.0
2026-09-02T21:28:38,1788402518.6,Sky,rick,tonic,0.5471,1788394543.2358308,7975.3,0.3129
2026-09-02T21:28:38,1788402518.6,Sky,rick,valence_ema,0.5942,1788393786.0449677,8732.5,0.5037
2026-09-02T21:28:49,1788402529.1,Sky,rick,novelty_spent,0.2221,1788393786.1311488,8743.0,0.0087
2026-09-02T21:28:49,1788402529.1,Sky,rick,phasic,0.2127,1788393786.1305358,8743.0,0.0
2026-09-02T21:28:49,1788402529.1,Sky,rick,tonic,0.5471,1788394543.2358308,7985.9,0.3128
2026-09-02T21:28:49,1788402529.1,Sky,rick,valence_ema,0.5942,1788393786.0449677,8743.1,0.5037
2026-09-02T21:28:59,1788402539.8,Sky,rick,novelty_spent,0.2221,1788393786.1311488,8753.6,0.0087
2026-09-02T21:28:59,1788402539.8,Sky,rick,phasic,0.2127,1788393786.1305358,8753.6,0.0
2026-09-02T21:29:00,1788402539.8,Sky,rick,tonic,0.5471,1788394543.2358308,7996.5,0.3128
2026-09-02T21:29:00,1788402539.8,Sky,rick,valence_ema,0.5942,1788393786.0449677,8753.7,0.5037
2026-09-02T21:29:10,1788402550.3,Sky,rick,novelty_spent,0.2221,1788393786.1311488,8764.2,0.0086
2026-09-02T21:29:10,1788402550.3,Sky,rick,phasic,0.2127,1788393786.1305358,8764.2,0.0
2026-09-02T21:29:10,1788402550.3,Sky,rick,tonic,0.5471,1788394543.2358308,8007.1,0.3127
2026-09-02T21:29:10,1788402550.3,Sky,rick,valence_ema,0.5942,1788393786.0449677,8764.3,0.5037
2026-09-02T21:29:21,1788402561.0,Sky,rick,novelty_spent,0.2221,1788393786.1311488,8774.8,0.0086
2026-09-02T21:29:21,1788402561.0,Sky,rick,phasic,0.2127,1788393786.1305358,8774.8,0.0
2026-09-02T21:29:21,1788402561.0,Sky,rick,tonic,0.5471,1788394543.2358308,8017.7,0.3127
2026-09-02T21:29:21,1788402561.0,Sky,rick,valence_ema,0.5942,1788393786.0449677,8774.9,0.5037
2026-09-02T21:29:31,1788402571.5,Sky,rick,novelty_spent,0.2221,1788393786.1311488,8785.4,0.0086
2026-09-02T21:29:31,1788402571.5,Sky,rick,phasic,0.2127,1788393786.1305358,8785.4,0.0
2026-09-02T21:29:31,1788402571.5,Sky,rick,tonic,0.5471,1788394543.2358308,8028.3,0.3126
2026-09-02T21:29:31,1788402571.5,Sky,rick,valence_ema,0.5942,1788393786.0449677,8785.5,0.5036
2026-09-02T21:29:42,1788402582.1,Sky,rick,novelty_spent,0.2221,1788393786.1311488,8796.0,0.0085
2026-09-02T21:29:42,1788402582.1,Sky,rick,phasic,0.2127,1788393786.1305358,8796.0,0.0
2026-09-02T21:29:42,1788402582.1,Sky,rick,tonic,0.5471,1788394543.2358308,8038.9,0.3126
2026-09-02T21:29:42,1788402582.1,Sky,rick,valence_ema,0.5942,1788393786.0449677,8796.1,0.5036
2026-09-02T21:29:52,1788402592.7,Sky,rick,novelty_spent,0.2221,1788393786.1311488,8806.6,0.0085
2026-09-02T21:29:52,1788402592.7,Sky,rick,phasic,0.2127,1788393786.1305358,8806.6,0.0
2026-09-02T21:29:53,1788402592.7,Sky,rick,tonic,0.5471,1788394543.2358308,8049.5,0.3125
2026-09-02T21:29:53,1788402592.7,Sky,rick,valence_ema,0.5942,1788393786.0449677,8806.7,0.5036
2026-09-02T21:30:03,1788402603.3,Sky,rick,novelty_spent,0.2221,1788393786.1311488,8817.1,0.0085
2026-09-02T21:30:03,1788402603.3,Sky,rick,phasic,0.2127,1788393786.1305358,8817.1,0.0
2026-09-02T21:30:03,1788402603.3,Sky,rick,tonic,0.5471,1788394543.2358308,8060.0,0.3125
2026-09-02T21:30:03,1788402603.3,Sky,rick,valence_ema,0.5942,1788393786.0449677,8817.2,0.5036
2026-09-02T21:30:13,1788402613.8,Sky,rick,novelty_spent,0.2221,1788393786.1311488,8827.7,0.0084
2026-09-02T21:30:14,1788402613.8,Sky,rick,phasic,0.2127,1788393786.1305358,8827.7,0.0
2026-09-02T21:30:14,1788402613.8,Sky,rick,tonic,0.5471,1788394543.2358308,8070.6,0.3124
2026-09-02T21:30:14,1788402613.8,Sky,rick,valence_ema,0.5942,1788393786.0449677,8827.8,0.5036
2026-09-02T21:30:24,1788402624.4,Sky,rick,novelty_spent,0.2221,1788393786.1311488,8838.3,0.0084
2026-09-02T21:30:24,1788402624.4,Sky,rick,phasic,0.2127,1788393786.1305358,8838.3,0.0
2026-09-02T21:30:24,1788402624.4,Sky,rick,tonic,0.5471,1788394543.2358308,8081.2,0.3124
2026-09-02T21:30:24,1788402624.4,Sky,rick,valence_ema,0.5942,1788393786.0449677,8838.4,0.5036
2026-09-02T21:30:35,1788402635.0,Sky,rick,novelty_spent,0.2221,1788393786.1311488,8848.9,0.0084
2026-09-02T21:30:35,1788402635.0,Sky,rick,phasic,0.2127,1788393786.1305358,8848.9,0.0
2026-09-02T21:30:35,1788402635.0,Sky,rick,tonic,0.5471,1788394543.2358308,8091.8,0.3123
2026-09-02T21:30:35,1788402635.0,Sky,rick,valence_ema,0.5942,1788393786.0449677,8849.0,0.5036
2026-09-02T21:30:45,1788402645.6,Sky,rick,novelty_spent,0.2221,1788393786.1311488,8859.5,0.0083
2026-09-02T21:30:45,1788402645.6,Sky,rick,phasic,0.2127,1788393786.1305358,8859.5,0.0
2026-09-02T21:30:45,1788402645.6,Sky,rick,tonic,0.5471,1788394543.2358308,8102.4,0.3123
2026-09-02T21:30:46,1788402645.6,Sky,rick,valence_ema,0.5942,1788393786.0449677,8859.6,0.5035
2026-09-02T21:30:56,1788402656.3,Sky,rick,novelty_spent,0.2221,1788393786.1311488,8870.1,0.0083
2026-09-02T21:30:56,1788402656.3,Sky,rick,phasic,0.2127,1788393786.1305358,8870.1,0.0
2026-09-02T21:30:56,1788402656.3,Sky,rick,tonic,0.5471,1788394543.2358308,8113.0,0.3122
2026-09-02T21:30:56,1788402656.3,Sky,rick,valence_ema,0.5942,1788393786.0449677,8870.2,0.5035
2026-09-02T21:31:07,1788402666.9,Sky,rick,novelty_spent,0.2221,1788393786.1311488,8880.7,0.0083
2026-09-02T21:31:07,1788402666.9,Sky,rick,phasic,0.2127,1788393786.1305358,8880.7,0.0
2026-09-02T21:31:07,1788402666.9,Sky,rick,tonic,0.5471,1788394543.2358308,8123.6,0.3122
2026-09-02T21:31:07,1788402666.9,Sky,rick,valence_ema,0.5942,1788393786.0449677,8880.8,0.5035
2026-09-02T21:31:17,1788402677.5,Sky,rick,novelty_spent,0.2221,1788393786.1311488,8891.3,0.0082
2026-09-02T21:31:17,1788402677.5,Sky,rick,phasic,0.2127,1788393786.1305358,8891.3,0.0
2026-09-02T21:31:17,1788402677.5,Sky,rick,tonic,0.5471,1788394543.2358308,8134.2,0.3121
2026-09-02T21:31:17,1788402677.5,Sky,rick,valence_ema,0.5942,1788393786.0449677,8891.4,0.5035
2026-09-02T21:31:28,1788402688.1,Sky,rick,novelty_spent,0.2221,1788393786.1311488,8901.9,0.0082
2026-09-02T21:31:28,1788402688.1,Sky,rick,phasic,0.2127,1788393786.1305358,8901.9,0.0
2026-09-02T21:31:28,1788402688.1,Sky,rick,tonic,0.5471,1788394543.2358308,8144.8,0.3121
2026-09-02T21:31:28,1788402688.1,Sky,rick,valence_ema,0.5942,1788393786.0449677,8902.0,0.5035
2026-09-02T21:31:38,1788402698.6,Sky,rick,novelty_spent,0.2221,1788393786.1311488,8912.5,0.0082
2026-09-02T21:31:38,1788402698.6,Sky,rick,phasic,0.2127,1788393786.1305358,8912.5,0.0
2026-09-02T21:31:38,1788402698.6,Sky,rick,tonic,0.5471,1788394543.2358308,8155.4,0.3121
2026-09-02T21:31:39,1788402698.6,Sky,rick,valence_ema,0.5942,1788393786.0449677,8912.6,0.5035
2026-09-02T21:31:49,1788402709.2,Sky,rick,novelty_spent,0.2221,1788393786.1311488,8923.1,0.0082
2026-09-02T21:31:49,1788402709.2,Sky,rick,phasic,0.2127,1788393786.1305358,8923.1,0.0
2026-09-02T21:31:49,1788402709.2,Sky,rick,tonic,0.5471,1788394543.2358308,8166.0,0.312
2026-09-02T21:31:49,1788402709.2,Sky,rick,valence_ema,0.5942,1788393786.0449677,8923.2,0.5035
2026-09-02T21:31:59,1788402719.8,Sky,rick,novelty_spent,0.2221,1788393786.1311488,8933.6,0.0081
2026-09-02T21:32:00,1788402719.8,Sky,rick,phasic,0.2127,1788393786.1305358,8933.6,0.0
2026-09-02T21:32:00,1788402719.8,Sky,rick,tonic,0.5471,1788394543.2358308,8176.5,0.312
2026-09-02T21:32:00,1788402719.8,Sky,rick,valence_ema,0.5942,1788393786.0449677,8933.7,0.5034
2026-09-02T21:32:10,1788402730.4,Sky,rick,novelty_spent,0.2221,1788393786.1311488,8944.3,0.0081
2026-09-02T21:32:10,1788402730.4,Sky,rick,phasic,0.2127,1788393786.1305358,8944.3,0.0
2026-09-02T21:32:10,1788402730.4,Sky,rick,tonic,0.5471,1788394543.2358308,8187.2,0.3119
2026-09-02T21:32:10,1788402730.4,Sky,rick,valence_ema,0.5942,1788393786.0449677,8944.3,0.5034
2026-09-02T21:32:21,1788402741.0,Sky,rick,novelty_spent,0.2221,1788393786.1311488,8954.8,0.0081
2026-09-02T21:32:21,1788402741.0,Sky,rick,phasic,0.2127,1788393786.1305358,8954.8,0.0
2026-09-02T21:32:21,1788402741.0,Sky,rick,tonic,0.5471,1788394543.2358308,8197.7,0.3119
2026-09-02T21:32:21,1788402741.0,Sky,rick,valence_ema,0.5942,1788393786.0449677,8954.9,0.5034
2026-09-02T21:32:31,1788402751.6,Sky,rick,novelty_spent,0.2221,1788393786.1311488,8965.4,0.008
2026-09-02T21:32:31,1788402751.6,Sky,rick,phasic,0.2127,1788393786.1305358,8965.5,0.0
2026-09-02T21:32:31,1788402751.6,Sky,rick,tonic,0.5471,1788394543.2358308,8208.3,0.3118
2026-09-02T21:32:32,1788402751.6,Sky,rick,valence_ema,0.5942,1788393786.0449677,8965.5,0.5034
2026-09-02T21:32:42,1788402762.1,Sky,rick,novelty_spent,0.2221,1788393786.1311488,8976.0,0.008
2026-09-02T21:32:42,1788402762.1,Sky,rick,phasic,0.2127,1788393786.1305358,8976.0,0.0
2026-09-02T21:32:42,1788402762.1,Sky,rick,tonic,0.5471,1788394543.2358308,8218.9,0.3118
2026-09-02T21:32:42,1788402762.1,Sky,rick,valence_ema,0.5942,1788393786.0449677,8976.1,0.5034
2026-09-02T21:32:52,1788402772.7,Sky,rick,novelty_spent,0.2221,1788393786.1311488,8986.6,0.008
2026-09-02T21:32:52,1788402772.7,Sky,rick,phasic,0.2127,1788393786.1305358,8986.6,0.0
2026-09-02T21:32:53,1788402772.7,Sky,rick,tonic,0.5471,1788394543.2358308,8229.5,0.3117
2026-09-02T21:32:53,1788402772.7,Sky,rick,valence_ema,0.5942,1788393786.0449677,8986.7,0.5034
2026-09-02T21:33:03,1788402783.3,Sky,rick,novelty_spent,0.2221,1788393786.1311488,8997.2,0.0079
2026-09-02T21:33:03,1788402783.3,Sky,rick,phasic,0.2127,1788393786.1305358,8997.2,0.0
2026-09-02T21:33:03,1788402783.3,Sky,rick,tonic,0.5471,1788394543.2358308,8240.1,0.3117
2026-09-02T21:33:03,1788402783.3,Sky,rick,valence_ema,0.5942,1788393786.0449677,8997.3,0.5034
2026-09-02T21:33:14,1788402793.9,Sky,rick,novelty_spent,0.2221,1788393786.1311488,9007.8,0.0079
2026-09-02T21:33:14,1788402793.9,Sky,rick,phasic,0.2127,1788393786.1305358,9007.8,0.0
2026-09-02T21:33:14,1788402793.9,Sky,rick,tonic,0.5471,1788394543.2358308,8250.7,0.3116
2026-09-02T21:33:14,1788402793.9,Sky,rick,valence_ema,0.5942,1788393786.0449677,9007.9,0.5034
2026-09-02T21:33:24,1788402804.5,Sky,rick,novelty_spent,0.2221,1788393786.1311488,9018.4,0.0079
2026-09-02T21:33:24,1788402804.5,Sky,rick,phasic,0.2127,1788393786.1305358,9018.4,0.0
2026-09-02T21:33:24,1788402804.5,Sky,rick,tonic,0.5471,1788394543.2358308,8261.3,0.3116
2026-09-02T21:33:24,1788402804.5,Sky,rick,valence_ema,0.5942,1788393786.0449677,9018.5,0.5033
2026-09-02T21:33:35,1788402815.1,Sky,rick,novelty_spent,0.2221,1788393786.1311488,9029.0,0.0078
2026-09-02T21:33:35,1788402815.1,Sky,rick,phasic,0.2127,1788393786.1305358,9029.0,0.0
2026-09-02T21:33:35,1788402815.1,Sky,rick,tonic,0.5471,1788394543.2358308,8271.9,0.3115
2026-09-02T21:33:35,1788402815.1,Sky,rick,valence_ema,0.5942,1788393786.0449677,9029.1,0.5033
2026-09-02T21:33:45,1788402825.7,Sky,rick,novelty_spent,0.2221,1788393786.1311488,9039.6,0.0078
2026-09-02T21:33:45,1788402825.7,Sky,rick,phasic,0.2127,1788393786.1305358,9039.6,0.0
2026-09-02T21:33:46,1788402825.7,Sky,rick,tonic,0.5471,1788394543.2358308,8282.5,0.3115
2026-09-02T21:33:46,1788402825.7,Sky,rick,valence_ema,0.5942,1788393786.0449677,9039.7,0.5033
